Date,SKU_ID,Warehouse_ID,Supplier_ID,Region,Units_Sold,Inventory_Level,Supplier_Lead_Time_Days,Reorder_Point,Order_Quantity,Unit_Cost,Unit_Price,Promotion_Flag,Stockout_Flag,Demand_Forecast
2024-01-01,SKU_1,WH_1,SUP_8,West,10.0,592.0,14.0,379,0,13.95,20.48,0,0,8.52
2024-01-02,SKU_1,WH_1,SUP_8,West,17.0,575.0,14.0,379,0,13.95,20.48,0,0,N/A
2024-01-03,SKU_1,WH_1,SUP_8,North,35.0,540.0,14.0,379,0,13.95,20.48,1,0,39.62
2024-01-04,SKU_1,WH_1,SUP_8,South,24.0,516.0,14.0,379,0,13.95,20.48,0,0,19.43
2024-01-05,SKU_1,WH_1,SUP_8,West,21.0,495.0,14.0,379,0,13.95,20.48,0,0,18.7
2024-01-06,SKU_1,WH_1,SUP_8,East,18.0,477.0,14.0,379,0,13.95,20.48,0,0,18.33
2024-01-07,SKU_1,WH_1,SUP_8,North,19.0,458.0,14.0,379,0,13.95,20.48,0,0,18.91
2024-01-08,SKU_1,WH_1,SUP_8,North,23.0,435.0,14.0,379,0,13.95,20.48,1,0,25.84
2024-01-09,SKU_1,WH_1,SUP_8,West,25.0,410.0,14.0,379,0,13.95,20.48,0,0,21.7
2024-01-10,SKU_1,WH_1,SUP_8,South,25.0,385.0,14.0,379,0,13.95,20.48,0,0,N/A
2024-01-11,SKU_1,WH_1,SUP_8,North,23.0,362.0,14.0,379,0,13.95,20.48,0,0,18.82
2024-01-12,SKU_1,WH_1,SUP_8,West,29.0,803.0,14.0,379,470,13.95,20.48,1,0,31.65
2024-01-13,SKU_1,WH_1,SUP_8,North,25.0,778.0,14.0,379,0,13.95,20.48,0,0,25.08
2024-01-14,SKU_1,WH_1,SUP_8,South,26.0,752.0,14.0,379,0,13.95,20.48,0,0,24.39
2024-01-15,SKU_1,WH_1,SUP_8,North,19.0,733.0,14.0,379,0,13.95,20.48,1,0,
2024-01-16,SKU_1,WH_1,SUP_8,West,19.0,714.0,14.0,379,0,13.95,20.48,0,0,20.84
2024-01-17,SKU_1,WH_1,SUP_8,East,26.0,688.0,14.0,379,0,13.95,20.48,0,0,N/A
2024-01-18,SKU_1,WH_1,SUP_8,North,22.0,666.0,14.0,379,0,13.95,20.48,0,0,20.13
2024-01-19,SKU_1,WH_1,SUP_8,North,28.0,638.0,14.0,379,0,13.95,20.48,1,0,31.49
2024-01-20,SKU_1,WH_1,SUP_8,East,17.0,621.0,14.0,379,0,13.95,20.48,0,0,N/A
2024-01-21,SKU_1,WH_1,SUP_8,East,25.0,596.0,14.0,379,0,13.95,20.48,0,0,19.95
2024-01-22,SKU_1,WH_1,SUP_8,South,28.0,568.0,14.0,379,0,13.95,20.48,0,0,30.39
2024-01-23,SKU_1,WH_1,SUP_8,West,20.0,548.0,14.0,379,0,13.95,20.48,0,0,21.0
2024-01-24,SKU_1,WH_1,SUP_8,West,24.0,524.0,14.0,379,0,13.95,20.48,0,0,23.1
2024-01-25,SKU_1,WH_1,SUP_8,East,20.0,504.0,14.0,379,0,13.95,20.48,0,0,21.27
2024-01-26,SKU_1,WH_1,SUP_8,West,,484.0,14.0,379,0,13.95,20.48,0,0,22.23
2024-01-27,SKU_1,WH_1,SUP_8,South,28.0,456.0,14.0,379,0,13.95,20.48,0,0,29.08
2024-01-28,SKU_1,WH_1,SUP_8,West,29.0,427.0,14.0,379,0,13.95,20.48,0,0,29.99
2024-01-29,SKU_1,WH_1,SUP_8,West,missing,398.0,14.0,379,0,13.95,20.48,0,0,28.37
2024-01-30,SKU_1,WH_1,SUP_8,North,23.0,375.0,14.0,379,0,13.95,20.48,0,0,25.02
2024-01-31,SKU_1,WH_1,SUP_8,West,18.0,754.0,14.0,379,397,13.95,20.48,0,0,14.94
2024-02-01,SKU_1,WH_1,SUP_8,South,34.0,720.0,14.0,379,0,13.95,20.48,0,0,33.54
2024-02-02,SKU_1,WH_1,SUP_8,West,-24.0,-696.0,14.0,379,0,-13.95,-20.48,0,0,-25.21
2024-02-03,SKU_1,WH_1,SUP_8,South,22.0,674.0,14.0,379,0,13.95,20.48,0,0,21.56
2024-02-04,SKU_1,WH_1,SUP_8,North,32.0,642.0,14.0,379,0,13.95,20.48,1,0,26.98
2024-02-05,SKU_1,WH_1,SUP_8,East,25.0,617.0,14.0,379,0,13.95,20.48,0,0,26.03
2024-02-06,SKU_1,WH_1,SUP_8,,24.0,593.0,14.0,379,0,13.95,20.48,0,0,24.9
2024-02-07,SKU_1,WH_1,SUP_8,East,35.0,558.0,14.0,379,0,13.95,20.48,0,0,29.18
2024-02-08,SKU_1,WH_1,SUP_8,East,22.0,536.0,14.0,379,0,13.95,20.48,0,0,24.32
2024-02-09,SKU_1,WH_1,SUP_8,South,28.0,508.0,14.0,379,0,13.95,20.48,0,0,27.93
2024-02-10,SKU_1,WH_1,SUP_8,North,21.0,487.0,14.0,379,0,13.95,20.48,0,0,19.3
2024-02-11,SKU_1,WH_1,SUP_8,South,21.0,466.0,14.0,379,0,13.95,20.48,0,0,18.95
2024-02-12,SKU_1,WH_1,SUP_8,West,29.0,437.0,14.0,379,0,13.95,20.48,0,0,25.33
2024-02-13,SKU_1,WH_1,SUP_8,West,37.0,400.0,14.0,379,0,13.95,20.48,1,0,29.59
2024-02-14,SKU_1,WH_1,SUP_8,East,23.0,377.0,14.0,379,0,13.95,20.48,0,0,22.03
2024-02-15,SKU_1,WH_1,SUP_8,South,21.0,699.0,14.0,379,343,13.95,20.48,0,0,23.22
2024-02-16,SKU_1,WH_1,SUP_8,North,23.0,676.0,14.0,379,0,13.95,20.48,1,0,23.36
2024-02-17,SKU_1,WH_1,SUP_8,East,20.0,656.0,14.0,379,0,13.95,20.48,0,0,23.57
2024-02-18,SKU_1,WH_1,SUP_8,South,28.0,628.0,14.0,379,0,13.95,20.48,0,0,
2024-02-19,SKU_1,WH_1,SUP_8,??UNKNOWN??,24.0,604.0,14.0,379,0,13.95,20.48,0,0,24.7
2024-02-20,SKU_1,WH_1,SUP_8,West,31.0,573.0,14.0,379,0,13.95,20.48,0,0,36.37
2024-02-21,SKU_1,WH_1,SUP_8,South,28.0,545.0,14.0,379,0,13.95,20.48,0,0,24.35
2024-02-22,SKU_1,WH_1,SUP_8,West,27.0,518.0,14.0,379,0,13.95,20.48,0,0,25.85
2024-02-23,SKU_1,WH_1,SUP_8,North,32.0,486.0,14.0,379,0,13.95,20.48,0,0,33.24
2024-02-24,SKU_1,WH_1,SUP_8,South,31.0,455.0,14.0,379,0,13.95,20.48,0,0,40.18
2024-02-25,SKU_1,WH_1,SUP_8,,32.0,423.0,14.0,379,0,13.95,20.48,0,0,31.28
2024-02-26,SKU_1,WH_1,SUP_8,East,34.0,389.0,14.0,379,0,13.95,20.48,0,0,
2024-02-27,SKU_1,WH_1,SUP_8,East,31.0,358.0,14.0,379,0,13.95,20.48,0,0,28.43
2024-02-28,SKU_1,WH_1,SUP_8,North,28.0,575.0,14.0,379,245,13.95,20.48,0,0,28.57
2024-02-29,SKU_1,WH_1,SUP_8,East,31.0,544.0,14.0,379,0,13.95,20.48,0,0,25.17
2024-03-01,SKU_1,WH_1,SUP_8,North,33.0,511.0,14.0,379,0,13.95,20.48,1,0,35.33
2024-03-02,SKU_1,WH_1,SUP_8,South,,483.0,14.0,379,0,13.95,20.48,0,0,22.75
2024-03-03,SKU_1,WH_1,SUP_8,West,29.0,454.0,14.0,379,0,13.95,20.48,0,0,30.16
2024-03-04,SKU_1,WH_1,SUP_8,East,32.0,422.0,14.0,379,0,13.95,20.48,0,0,28.76
2024-03-05,SKU_1,WH_1,SUP_8,North,34.0,388.0,14.0,379,0,13.95,20.48,0,0,34.15
2024-03-06,SKU_1,WH_1,SUP_8,East,31.0,357.0,,379,0,13.95,20.48,0,0,28.82
2024-03-07,SKU_1,WH_1,SUP_8,West,31.0,538.0,14.0,379,212,13.95,20.48,0,0,32.54
2024-03-08,SKU_1,WH_1,SUP_8,North,36.0,502.0,14.0,379,0,13.95,20.48,0,0,36.02
2024-03-09,SKU_1,WH_1,SUP_8,East,26.0,476.0,14.0,379,0,13.95,20.48,0,0,25.62
2024-03-10,SKU_1,WH_1,SUP_8,East,,451.0,14.0,379,0,13.95,20.48,0,0,24.29
2024-03-11,SKU_1,WH_1,SUP_8,,24.0,427.0,14.0,379,0,13.95,20.48,0,0,22.63
2024-03-12,SKU_1,WH_1,SUP_8,West,,400.0,14.0,379,0,13.95,20.48,0,0,27.24
2024-03-13,SKU_1,WH_1,SUP_8,North,31.0,369.0,14.0,379,0,13.95,20.48,0,0,
2024-03-14,SKU_1,WH_1,SUP_8,East,25.0,548.0,14.0,379,204,13.95,20.48,0,0,27.04
2024-03-15,SKU_1,WH_1,SUP_8,East,29.0,519.0,14.0,379,0,13.95,20.48,0,0,27.05
2024-03-16,SKU_1,WH_1,SUP_8,East,,490.0,14.0,379,0,13.95,20.48,0,0,27.54
2024-03-17,SKU_1,WH_1,SUP_8,South,25.0,465.0,14.0,379,0,13.95,20.48,0,0,
2024-03-18,SKU_1,WH_1,SUP_8,South,27.0,438.0,14.0,379,0,13.95,20.48,1,0,25.97
2024-03-19,SKU_1,WH_1,SUP_8,West,23.0,415.0,14.0,379,0,13.95,20.48,0,0,25.75
2024-03-20,SKU_1,WH_1,SUP_8,North,25.0,390.0,14.0,379,0,13.95,20.48,0,0,30.77
2024-03-21,SKU_1,WH_1,SUP_8,??UNKNOWN??,26.0,364.0,14.0,379,0,13.95,20.48,0,0,22.16
2024-03-22,SKU_1,WH_1,SUP_8,North,26.0,584.0,14.0,379,246,13.95,20.48,0,0,25.21
2024-03-23,SKU_1,WH_1,SUP_8,South,27.0,557.0,14.0,379,0,13.95,20.48,0,0,30.29
2024-03-24,SKU_1,WH_1,SUP_8,North,38.0,519.0,14.0,379,0,13.95,20.48,0,0,33.71
2024-03-25,SKU_1,WH_1,SUP_8,West,29.0,490.0,14.0,379,0,13.95,20.48,0,0,31.27
2024-03-26,SKU_1,WH_1,SUP_8,West,28.0,462.0,14.0,379,0,13.95,20.48,0,0,28.18
2024-03-27,SKU_1,WH_1,SUP_8,East,33.0,429.0,,379,0,13.95,20.48,0,0,36.1
2024-03-28,SKU_1,WH_1,SUP_8,North,40.0,389.0,14.0,379,0,13.95,20.48,0,0,34.14
2024-03-29,SKU_1,WH_1,SUP_8,East,32.0,357.0,14.0,379,0,13.95,20.48,0,0,35.18
2024-03-30,SKU_1,WH_1,SUP_8,North,27.0,793.0,14.0,379,463,13.95,20.48,0,0,27.62
2024-03-31,SKU_1,WH_1,SUP_8,North,26.0,767.0,,379,0,13.95,20.48,0,0,24.93
2024-04-01,SKU_1,WH_1,SUP_8,West,32.0,735.0,14.0,379,0,13.95,20.48,0,0,31.76
2024-04-02,SKU_1,WH_1,SUP_8,North,33.0,702.0,14.0,379,0,13.95,20.48,0,0,34.83
2024-04-03,SKU_1,WH_1,SUP_8,,28.0,674.0,14.0,379,0,13.95,20.48,0,0,26.36
2024-04-04,SKU_1,WH_1,SUP_8,??UNKNOWN??,37.0,637.0,14.0,379,0,13.95,20.48,0,0,35.68
2024-04-05,SKU_1,WH_1,SUP_8,West,33.0,604.0,14.0,379,0,13.95,20.48,0,0,26.24
2024-04-06,SKU_1,WH_1,SUP_8,North,33.0,571.0,14.0,379,0,13.95,20.48,0,0,32.07
2024-04-07,SKU_1,WH_1,SUP_8,East,31.0,540.0,14.0,379,0,13.95,20.48,0,0,30.63
2024-04-08,SKU_1,WH_1,SUP_8,North,50.0,490.0,14.0,379,0,13.95,20.48,1,0,53.2
2024-04-09,SKU_1,WH_1,SUP_8,North,35.0,455.0,14.0,379,0,13.95,20.48,0,0,41.43
2024-04-10,SKU_1,WH_1,SUP_8,North,32.0,423.0,14.0,379,0,13.95,20.48,0,0,33.89
2024-04-11,SKU_1,WH_1,SUP_8,East,49.0,374.0,14.0,379,0,13.95,20.48,1,0,50.21
2024-04-12,SKU_1,WH_1,SUP_8,South,,794.0,14.0,379,452,13.95,20.48,0,0,36.07
2024-04-13,SKU_1,WH_1,SUP_8,South,27.0,,14.0,379,0,13.95,20.48,0,0,N/A
2024-04-14,SKU_1,WH_1,SUP_8,South,29.0,738.0,14.0,379,0,13.95,20.48,0,0,25.47
2024-04-15,SKU_1,WH_1,SUP_8,West,,710.0,14.0,379,0,13.95,20.48,1,0,23.78
2024-04-16,SKU_1,WH_1,SUP_8,West,30.0,680.0,14.0,379,0,13.95,20.48,0,0,32.48
2024-04-17,SKU_1,WH_1,SUP_8,South,19.0,661.0,14.0,379,0,13.95,20.48,0,0,23.71
2024-04-18,SKU_1,WH_1,SUP_8,South,21.0,640.0,,379,0,13.95,20.48,0,0,N/A
2024-04-19,SKU_1,WH_1,SUP_8,North,31.0,609.0,14.0,379,0,13.95,20.48,0,0,28.52
2024-04-20,SKU_1,WH_1,SUP_8,West,26.0,583.0,14.0,379,0,13.95,20.48,0,0,21.74
2024-04-21,SKU_1,WH_1,SUP_8,South,27.0,556.0,14.0,379,0,13.95,20.48,0,0,28.37
2024-04-22,SKU_1,WH_1,SUP_8,East,29.0,527.0,14.0,379,0,13.95,20.48,0,0,30.17
2024-04-23,SKU_1,WH_1,SUP_8,North,30.0,497.0,14.0,379,0,13.95,20.48,0,0,30.04
2024-04-24,SKU_1,WH_1,SUP_8,East,26.0,471.0,14.0,379,0,13.95,20.48,0,0,26.65
2024-04-25,SKU_1,WH_1,SUP_8,North,26.0,445.0,14.0,379,0,13.95,20.48,0,0,31.58
2024-04-26,SKU_1,WH_1,SUP_8,East,,409.0,14.0,379,0,13.95,20.48,0,0,33.89
2024-04-27,SKU_1,WH_1,SUP_8,West,39.0,370.0,14.0,379,0,13.95,20.48,0,0,36.58
2024-04-28,SKU_1,WH_1,SUP_8,West,,725.0,14.0,379,377,13.95,20.48,0,0,26.77
2024-04-29,SKU_1,WH_1,SUP_8,North,30.0,695.0,14.0,379,0,13.95,20.48,0,0,35.63
2024-04-30,SKU_1,WH_1,SUP_8,North,21.0,674.0,14.0,379,0,13.95,20.48,0,0,23.04
2024-05-01,SKU_1,WH_1,SUP_8,South,41.0,633.0,14.0,379,0,13.95,20.48,1,0,45.43
2024-05-02,SKU_1,WH_1,SUP_8,North,29.0,604.0,14.0,379,0,13.95,20.48,0,0,32.11
2024-05-03,SKU_1,WH_1,SUP_8,West,34.0,570.0,,379,0,13.95,20.48,0,0,32.59
2024-05-04,SKU_1,WH_1,SUP_8,North,45.0,525.0,14.0,379,0,13.95,20.48,1,0,42.97
2024-05-05,SKU_1,WH_1,SUP_8,South,37.0,488.0,14.0,379,0,13.95,20.48,1,0,37.84
2024-05-06,SKU_1,WH_1,SUP_8,North,29.0,459.0,14.0,379,0,13.95,20.48,0,0,27.55
2024-05-07,SKU_1,WH_1,SUP_8,North,36.0,423.0,14.0,379,0,13.95,20.48,1,0,36.14
2024-05-08,SKU_1,WH_1,SUP_8,North,24.0,399.0,14.0,379,0,13.95,20.48,0,0,28.07
2024-05-09,SKU_1,WH_1,SUP_8,North,21.0,378.0,14.0,379,0,13.95,20.48,0,0,22.61
2024-05-10,SKU_1,WH_1,SUP_8,East,27.0,668.0,14.0,379,317,13.95,20.48,0,0,25.72
2024-05-11,SKU_1,WH_1,SUP_8,North,28.0,640.0,14.0,379,0,13.95,20.48,0,0,31.46
2024-05-12,SKU_1,WH_1,SUP_8,East,29.0,611.0,14.0,379,0,13.95,20.48,0,0,33.03
2024-05-13,SKU_1,WH_1,SUP_8,South,30.0,581.0,14.0,379,0,13.95,20.48,0,0,34.11
2024-05-14,SKU_1,WH_1,SUP_8,South,28.0,553.0,14.0,379,0,13.95,20.48,0,0,30.41
2024-05-15,SKU_1,WH_1,SUP_8,East,,535.0,14.0,379,0,13.95,20.48,0,0,22.33
2024-05-16,SKU_1,WH_1,SUP_8,North,28.0,507.0,14.0,379,0,13.95,20.48,0,0,33.16
2024-05-17,SKU_1,WH_1,SUP_8,East,35.0,472.0,14.0,379,0,13.95,20.48,0,0,30.86
2024-05-18,SKU_1,WH_1,SUP_8,North,25.0,447.0,14.0,379,0,13.95,20.48,0,0,29.26
2024-05-19,SKU_1,WH_1,SUP_8,South,,,14.0,379,0,13.95,20.48,0,0,20.01
2024-05-20,SKU_1,WH_1,SUP_8,East,20.0,402.0,14.0,379,0,13.95,20.48,0,0,18.19
2024-05-21,SKU_1,WH_1,SUP_8,West,28.0,374.0,14.0,379,0,13.95,20.48,0,0,25.18
2024-05-22,SKU_1,WH_1,SUP_8,North,31.0,,14.0,379,354,13.95,20.48,0,0,30.29
2024-05-23,SKU_1,WH_1,SUP_8,North,24.0,673.0,14.0,379,0,13.95,20.48,1,0,25.51
2024-05-24,SKU_1,WH_1,SUP_8,North,21.0,652.0,14.0,379,0,13.95,20.48,0,0,19.32
2024-05-25,SKU_1,WH_1,SUP_8,South,15.0,,14.0,379,0,13.95,20.48,0,0,
2024-05-26,SKU_1,WH_1,SUP_8,North,35.0,,14.0,379,0,13.95,20.48,0,0,35.11
2024-05-27,SKU_1,WH_1,SUP_8,West,35.0,567.0,14.0,379,0,13.95,20.48,0,0,34.41
2024-05-28,SKU_1,WH_1,SUP_8,North,29.0,538.0,14.0,379,0,13.95,20.48,0,0,27.14
2024-05-29,SKU_1,WH_1,SUP_8,West,25.0,513.0,14.0,379,0,13.95,20.48,0,0,25.95
2024-05-30,SKU_1,WH_1,SUP_8,West,17.0,496.0,14.0,379,0,13.95,20.48,0,0,21.1
2024-05-31,SKU_1,WH_1,SUP_8,East,27.0,469.0,14.0,379,0,13.95,20.48,0,0,24.65
2024-06-01,SKU_1,WH_1,SUP_8,South,20.0,449.0,14.0,379,0,13.95,20.48,0,0,20.24
2024-06-02,SKU_1,WH_1,SUP_8,East,20.0,,14.0,379,0,13.95,20.48,0,0,19.32
2024-06-03,SKU_1,WH_1,SUP_8,West,21.0,,14.0,379,0,13.95,20.48,0,0,17.76
2024-06-04,SKU_1,WH_1,SUP_8,South,22.0,,,379,0,13.95,20.48,0,0,15.67
2024-06-05,SKU_1,WH_1,SUP_8,East,19.0,367.0,14.0,379,0,13.95,20.48,0,0,18.99
2024-06-06,SKU_1,WH_1,SUP_8,East,34.0,768.0,14.0,379,435,13.95,20.48,0,0,38.17
2024-06-07,SKU_1,WH_1,SUP_8,West,27.0,741.0,14.0,379,0,13.95,20.48,0,0,
2024-06-08,SKU_1,WH_1,SUP_8,South,16.0,725.0,14.0,379,0,13.95,20.48,0,0,17.69
2024-06-09,SKU_1,WH_1,SUP_8,South,,703.0,14.0,379,0,13.95,20.48,0,0,15.17
2024-06-10,SKU_1,WH_1,SUP_8,East,19.0,684.0,14.0,379,0,13.95,20.48,0,0,17.36
2024-06-11,SKU_1,WH_1,SUP_8,East,24.0,660.0,14.0,379,0,13.95,20.48,0,0,26.72
2024-06-12,SKU_1,WH_1,SUP_8,West,20.0,640.0,14.0,379,0,13.95,20.48,0,0,22.27
2024-06-13,SKU_1,WH_1,SUP_8,East,25.0,615.0,14.0,379,0,13.95,20.48,0,0,27.5
2024-06-14,SKU_1,WH_1,SUP_8,South,27.0,588.0,14.0,379,0,13.95,20.48,0,0,24.71
2024-06-15,SKU_1,WH_1,SUP_8,West,,565.0,14.0,379,0,13.95,20.48,1,0,24.92
2024-06-16,SKU_1,WH_1,SUP_8,West,23.0,542.0,14.0,379,0,13.95,20.48,0,0,20.29
2024-06-17,SKU_1,WH_1,SUP_8,North,missing,516.0,14.0,379,0,13.95,20.48,0,0,26.03
2024-06-18,SKU_1,WH_1,SUP_8,South,21.0,495.0,,379,0,13.95,20.48,0,0,19.78
2024-06-19,SKU_1,WH_1,SUP_8,West,14.0,481.0,14.0,379,0,13.95,20.48,0,0,14.69
2024-06-20,SKU_1,WH_1,SUP_8,North,25.0,456.0,14.0,379,0,13.95,20.48,0,0,21.61
2024-06-21,SKU_1,WH_1,SUP_8,,33.0,423.0,14.0,379,0,13.95,20.48,0,0,31.19
2024-06-22,SKU_1,WH_1,SUP_8,West,22.0,401.0,14.0,379,0,13.95,20.48,0,0,22.27
2024-06-23,SKU_1,WH_1,SUP_8,West,22.0,379.0,14.0,379,0,13.95,20.48,0,0,23.06
2024-06-24,SKU_1,WH_1,SUP_8,West,22.0,826.0,14.0,379,469,13.95,20.48,0,0,20.76
2024-06-25,SKU_1,WH_1,SUP_8,East,22.0,804.0,14.0,379,0,13.95,20.48,0,0,20.74
2024-06-26,SKU_1,WH_1,SUP_8,South,19.0,785.0,14.0,379,0,13.95,20.48,0,0,20.82
2024-06-27,SKU_1,WH_1,SUP_8,South,19.0,766.0,14.0,379,0,13.95,20.48,0,0,22.9
2024-06-28,SKU_1,WH_1,SUP_8,East,23.0,743.0,14.0,379,0,13.95,20.48,0,0,29.63
2024-06-29,SKU_1,WH_1,SUP_8,East,21.0,722.0,14.0,379,0,13.95,20.48,0,0,20.34
2024-06-30,SKU_1,WH_1,SUP_8,East,8.0,714.0,14.0,379,0,13.95,20.48,0,0,12.3
2024-07-01,SKU_1,WH_1,SUP_8,East,15.0,699.0,14.0,379,0,13.95,20.48,0,0,13.8
2024-07-02,SKU_1,WH_1,SUP_8,East,28.0,671.0,14.0,379,0,13.95,20.48,0,0,27.9
2024-07-03,SKU_1,WH_1,SUP_8,North,17.0,654.0,14.0,379,0,13.95,20.48,0,0,14.45
2024-07-04,SKU_1,WH_1,SUP_8,South,17.0,637.0,14.0,379,0,13.95,20.48,0,0,
2024-07-05,SKU_1,WH_1,SUP_8,South,17.0,620.0,14.0,379,0,13.95,20.48,0,0,19.49
2024-07-06,SKU_1,WH_1,SUP_8,West,15.0,605.0,14.0,379,0,13.95,20.48,0,0,8.41
2024-07-07,SKU_1,WH_1,SUP_8,East,16.0,589.0,14.0,379,0,13.95,20.48,0,0,17.13
2024-07-08,SKU_1,WH_1,SUP_8,South,25.0,564.0,14.0,379,0,13.95,20.48,0,0,31.0
2024-07-09,SKU_1,WH_1,SUP_8,South,13.0,551.0,14.0,379,0,13.95,20.48,0,0,
2024-07-10,SKU_1,WH_1,SUP_8,South,16.0,535.0,14.0,379,0,13.95,20.48,0,0,11.64
2024-07-11,SKU_1,WH_1,SUP_8,South,24.0,511.0,14.0,379,0,13.95,20.48,1,0,20.62
2024-07-12,SKU_1,WH_1,SUP_8,East,22.0,489.0,14.0,379,0,13.95,20.48,0,0,19.19
2024-07-13,SKU_1,WH_1,SUP_8,West,33.0,456.0,14.0,379,0,13.95,20.48,1,0,34.77
2024-07-14,SKU_1,WH_1,SUP_8,East,23.0,433.0,14.0,379,0,13.95,20.48,0,0,25.02
2024-07-15,SKU_1,WH_1,SUP_8,West,25.0,408.0,14.0,379,0,13.95,20.48,0,0,23.47
2024-07-16,SKU_1,WH_1,SUP_8,West,14.0,394.0,14.0,379,0,13.95,20.48,0,0,12.51
2024-07-17,SKU_1,WH_1,SUP_8,North,29.0,365.0,14.0,379,0,13.95,20.48,0,0,30.57
2024-07-18,SKU_1,WH_1,SUP_8,South,13.0,668.0,14.0,379,316,13.95,20.48,0,0,14.98
2024-07-19,SKU_1,WH_1,SUP_8,East,21.0,647.0,14.0,379,0,13.95,20.48,0,0,14.04
2024-07-20,SKU_1,WH_1,SUP_8,East,10.0,637.0,14.0,379,0,13.95,20.48,1,0,1.65
2024-07-21,SKU_1,WH_1,SUP_8,East,15.0,622.0,14.0,379,0,13.95,20.48,0,0,10.49
2024-07-22,SKU_1,WH_1,SUP_8,North,,612.0,14.0,379,0,13.95,20.48,0,0,10.83
2024-07-23,SKU_1,WH_1,SUP_8,South,27.0,585.0,14.0,379,0,13.95,20.48,1,0,21.47
2024-07-24,SKU_1,WH_1,SUP_8,North,16.0,569.0,14.0,379,0,13.95,20.48,0,0,11.55
2024-07-25,SKU_1,WH_1,SUP_8,West,18.0,551.0,14.0,379,0,13.95,20.48,1,0,14.68
2024-07-26,SKU_1,WH_1,SUP_8,West,12.0,539.0,14.0,379,0,13.95,20.48,0,0,9.27
2024-07-27,SKU_1,WH_1,SUP_8,East,11.0,528.0,14.0,379,0,13.95,20.48,0,0,13.02
2024-07-28,SKU_1,WH_1,SUP_8,,26.0,,14.0,379,0,13.95,20.48,0,0,24.28
2024-07-29,SKU_1,WH_1,SUP_8,South,11.0,491.0,14.0,379,0,13.95,20.48,0,0,11.32
2024-07-30,SKU_1,WH_1,SUP_8,North,27.0,464.0,14.0,379,0,13.95,20.48,0,0,32.85
2024-07-31,SKU_1,WH_1,SUP_8,North,9.0,455.0,14.0,379,0,13.95,20.48,0,0,9.61
2024-08-01,SKU_1,WH_1,SUP_8,South,15.0,440.0,14.0,379,0,13.95,20.48,0,0,14.45
2024-08-02,SKU_1,WH_1,SUP_8,East,9.0,431.0,14.0,379,0,13.95,20.48,0,0,14.26
2024-08-03,SKU_1,WH_1,SUP_8,East,26.0,405.0,14.0,379,0,13.95,20.48,1,0,19.48
2024-08-04,SKU_1,WH_1,SUP_8,East,14.0,,14.0,379,0,13.95,20.48,0,0,13.61
2024-08-05,SKU_1,WH_1,SUP_8,East,22.0,369.0,,379,0,13.95,20.48,0,0,23.32
not_a_date,SKU_1,WH_1,SUP_8,South,17.0,716.0,14.0,379,364,13.95,20.48,0,0,18.33
2024-08-07,SKU_1,WH_1,SUP_8,East,160.0,2100.0,14.0,379,0,13.95,20.48,0,0,73.63030709240604
2024-08-08,SKU_1,WH_1,SUP_8,West,17.0,683.0,14.0,379,0,13.95,20.48,0,0,18.4
2024-08-09,SKU_1,WH_1,SUP_8,South,5.0,678.0,14.0,379,0,13.95,20.48,0,0,10.29
2024-08-10,SKU_1,WH_1,SUP_8,East,7.0,671.0,14.0,379,0,13.95,20.48,1,0,10.42
2024-08-11,SKU_1,WH_1,SUP_8,North,5.0,,,379,0,13.95,20.48,0,0,N/A
2024-08-12,SKU_1,WH_1,SUP_8,North,,656.0,,379,0,13.95,20.48,0,0,13.75
2024-08-13,SKU_1,WH_1,SUP_8,West,18.0,638.0,14.0,379,0,13.95,20.48,0,0,17.91
2024-08-14,SKU_1,WH_1,SUP_8,North,24.0,614.0,,379,0,13.95,20.48,0,0,15.65
2024-08-15,SKU_1,WH_1,SUP_8,South,6.0,608.0,14.0,379,0,13.95,20.48,0,0,
2024-08-16,SKU_1,WH_1,SUP_8,North,7.0,601.0,14.0,379,0,13.95,20.48,0,0,6.33
2024-08-17,SKU_1,WH_1,SUP_8,North,4.0,597.0,14.0,379,0,13.95,20.48,0,0,5.66
2024-08-18,SKU_1,WH_1,SUP_8,North,21.0,576.0,14.0,379,0,13.95,20.48,0,0,20.94
2024-08-19,SKU_1,WH_1,SUP_8,West,13.0,563.0,14.0,379,0,13.95,20.48,0,0,15.95
2024-08-20,SKU_1,WH_1,SUP_8,North,26.0,537.0,14.0,379,0,13.95,20.48,0,0,
2024-08-21,SKU_1,WH_1,SUP_8,West,14.0,523.0,,379,0,13.95,20.48,0,0,6.89
2024-08-22,SKU_1,WH_1,SUP_8,North,12.0,511.0,14.0,379,0,13.95,20.48,0,0,11.33
2024-08-23,SKU_1,WH_1,SUP_8,North,7.0,504.0,14.0,379,0,13.95,20.48,0,0,2.94
2024-08-24,SKU_1,WH_1,SUP_8,East,missing,490.0,14.0,379,0,13.95,20.48,0,0,14.4
2024-08-25,SKU_1,WH_1,SUP_8,North,12.0,478.0,14.0,379,0,13.95,20.48,0,0,12.54
2024-08-26,SKU_1,WH_1,SUP_8,West,5.0,473.0,14.0,379,0,13.95,20.48,0,0,5.44
2024-08-27,SKU_1,WH_1,SUP_8,South,24.0,,14.0,379,0,13.95,20.48,0,0,
2024-08-28,SKU_1,WH_1,SUP_8,West,0.0,449.0,14.0,379,0,13.95,20.48,0,0,0.0
2024-08-29,SKU_1,WH_1,SUP_8,South,21.0,428.0,,379,0,13.95,20.48,0,0,20.86
2024-08-30,SKU_1,WH_1,SUP_8,North,16.0,412.0,14.0,379,0,13.95,20.48,0,0,14.22
2024-08-31,SKU_1,WH_1,SUP_8,East,10.0,402.0,14.0,379,0,13.95,20.48,0,0,11.86
2024-09-01,SKU_1,WH_1,SUP_8,North,17.0,385.0,14.0,379,0,13.95,20.48,0,0,19.07
2024-09-02,SKU_1,WH_1,SUP_8,North,8.0,377.0,14.0,379,0,13.95,20.48,0,0,9.9
2024-09-03,SKU_1,WH_1,SUP_8,East,missing,593.0,,379,225,13.95,20.48,0,0,9.37
2024-09-04,SKU_1,WH_1,SUP_8,East,4.0,589.0,14.0,379,0,13.95,20.48,0,0,11.82
2024-09-05,SKU_1,WH_1,SUP_8,West,5.0,584.0,14.0,379,0,13.95,20.48,0,0,8.16
2024-09-06,SKU_1,WH_1,SUP_8,East,17.0,567.0,14.0,379,0,13.95,20.48,0,0,15.92
2024-09-07,SKU_1,WH_1,SUP_8,South,8.0,559.0,14.0,379,0,13.95,20.48,0,0,10.66
2024-09-08,SKU_1,WH_1,SUP_8,West,4.0,555.0,14.0,379,0,13.95,20.48,0,0,8.24
2024-09-09,SKU_1,WH_1,SUP_8,West,11.0,544.0,14.0,379,0,13.95,20.48,0,0,9.56
2024-09-10,SKU_1,WH_1,SUP_8,West,17.0,527.0,14.0,379,0,13.95,20.48,0,0,11.29
2024-09-11,SKU_1,WH_1,SUP_8,South,7.0,520.0,14.0,379,0,13.95,20.48,0,0,10.13
2024-09-12,SKU_1,WH_1,SUP_8,South,15.0,,14.0,379,0,13.95,20.48,0,0,14.41
2024-09-13,SKU_1,WH_1,SUP_8,West,10.0,495.0,14.0,379,0,13.95,20.48,0,0,13.2
2024-09-14,SKU_1,WH_1,SUP_8,West,13.0,482.0,14.0,379,0,13.95,20.48,1,0,
2024-09-15,SKU_1,WH_1,SUP_8,North,1.0,481.0,14.0,379,0,13.95,20.48,0,0,0.0
2024-09-16,SKU_1,WH_1,SUP_8,West,10.0,471.0,14.0,379,0,13.95,20.48,0,0,9.6
2024-09-17,SKU_1,WH_1,SUP_8,North,5.0,466.0,14.0,379,0,13.95,20.48,0,0,2.7
2024-09-18,SKU_1,WH_1,SUP_8,West,8.0,458.0,,379,0,13.95,20.48,0,0,5.35
2024-09-19,SKU_1,WH_1,SUP_8,,9.0,449.0,14.0,379,0,13.95,20.48,0,0,6.52
2024-09-20,SKU_1,WH_1,SUP_8,South,14.0,435.0,14.0,379,0,13.95,20.48,0,0,14.62
2024-09-21,SKU_1,WH_1,SUP_8,North,10.0,425.0,14.0,379,0,13.95,20.48,0,0,
2024-09-22,SKU_1,WH_1,SUP_8,South,8.0,417.0,14.0,379,0,13.95,20.48,0,0,7.69
2024-09-23,SKU_1,WH_1,SUP_8,East,7.0,410.0,14.0,379,0,13.95,20.48,0,0,6.5
2024-09-24,SKU_1,WH_1,SUP_8,North,22.0,388.0,14.0,379,0,13.95,20.48,0,0,23.41
2024-09-25,SKU_1,WH_1,SUP_8,South,17.0,371.0,,379,0,13.95,20.48,0,0,15.29
2024-09-26,SKU_1,WH_1,SUP_8,,11.0,828.0,14.0,379,468,13.95,20.48,1,0,13.84
2024-09-27,SKU_1,WH_1,SUP_8,West,9.0,819.0,,379,0,13.95,20.48,0,0,12.38
2024-09-28,SKU_1,WH_1,SUP_8,North,12.0,807.0,14.0,379,0,13.95,20.48,0,0,15.25
2024-09-29,SKU_1,WH_1,SUP_8,South,5.0,802.0,14.0,379,0,13.95,20.48,0,0,2.44
2024-09-30,SKU_1,WH_1,SUP_8,South,9.0,793.0,14.0,379,0,13.95,20.48,0,0,14.38
2024-10-01,SKU_1,WH_1,SUP_8,,13.0,780.0,14.0,379,0,13.95,20.48,1,0,16.09
2024-10-02,SKU_1,WH_1,SUP_8,East,16.0,764.0,14.0,379,0,13.95,20.48,0,0,12.6
2024-10-03,SKU_1,WH_1,SUP_8,West,10.0,754.0,14.0,379,0,13.95,20.48,0,0,15.19
2024-10-04,SKU_1,WH_1,SUP_8,North,14.0,740.0,14.0,379,0,13.95,20.48,0,0,15.52
2024-10-05,SKU_1,WH_1,SUP_8,West,,726.0,14.0,379,0,13.95,20.48,1,0,12.11
2024-10-06,SKU_1,WH_1,SUP_8,South,,,14.0,379,0,13.95,20.48,0,0,5.5
2024-10-07,SKU_1,WH_1,SUP_8,South,7.0,711.0,14.0,379,0,13.95,20.48,1,0,9.59
not_a_date,SKU_1,WH_1,SUP_8,North,11.0,700.0,14.0,379,0,13.95,20.48,0,0,11.14
2024-10-09,SKU_1,WH_1,SUP_8,East,9.0,,14.0,379,0,13.95,20.48,0,0,9.57
2024-10-10,SKU_1,WH_1,SUP_8,East,12.0,679.0,,379,0,13.95,20.48,0,0,12.14
2024-10-11,SKU_1,WH_1,SUP_8,South,12.0,,14.0,379,0,13.95,20.48,0,0,9.89
2024-10-12,SKU_1,WH_1,SUP_8,East,9.0,658.0,14.0,379,0,13.95,20.48,1,0,9.58
2024-10-13,SKU_1,WH_1,SUP_8,South,14.0,644.0,14.0,379,0,13.95,20.48,0,0,16.93
2024-10-14,SKU_1,WH_1,SUP_8,South,7.0,637.0,14.0,379,0,13.95,20.48,0,0,7.38
2024-10-15,SKU_1,WH_1,SUP_8,,9.0,628.0,14.0,379,0,13.95,20.48,1,0,14.73
2024-10-16,SKU_1,WH_1,SUP_8,,18.0,610.0,14.0,379,0,13.95,20.48,0,0,17.8
2024-10-17,SKU_1,WH_1,SUP_8,West,9.0,601.0,14.0,379,0,13.95,20.48,0,0,5.33
2024-10-18,SKU_1,WH_1,SUP_8,East,4.0,597.0,14.0,379,0,13.95,20.48,0,0,3.47
2024-10-19,SKU_1,WH_1,SUP_8,East,14.0,583.0,14.0,379,0,13.95,20.48,0,0,12.52
2024-10-20,SKU_1,WH_1,SUP_8,North,4.0,579.0,14.0,379,0,13.95,20.48,0,0,6.62
2024-10-21,SKU_1,WH_1,SUP_8,South,1.0,578.0,14.0,379,0,13.95,20.48,1,0,
2024-10-22,SKU_1,WH_1,SUP_8,West,7.0,571.0,14.0,379,0,13.95,20.48,0,0,4.99
2024-10-23,SKU_1,WH_1,SUP_8,West,13.0,558.0,14.0,379,0,13.95,20.48,0,0,18.16
2024-10-24,SKU_1,WH_1,SUP_8,East,12.0,,14.0,379,0,13.95,20.48,0,0,13.37
2024-10-25,SKU_1,WH_1,SUP_8,North,9.0,537.0,14.0,379,0,13.95,20.48,0,0,9.07
2024-10-26,SKU_1,WH_1,SUP_8,North,17.0,520.0,14.0,379,0,13.95,20.48,0,0,18.47
2024-10-27,SKU_1,WH_1,SUP_8,West,19.0,501.0,14.0,379,0,13.95,20.48,0,0,23.5
2024-10-28,SKU_1,WH_1,SUP_8,East,10.0,491.0,14.0,379,0,13.95,20.48,0,0,5.71
2024-10-29,SKU_1,WH_1,SUP_8,,15.0,476.0,14.0,379,0,13.95,20.48,0,0,9.85
2024-10-30,SKU_1,WH_1,SUP_8,South,9.0,467.0,14.0,379,0,13.95,20.48,0,0,8.92
2024-10-31,SKU_1,WH_1,SUP_8,South,13.0,454.0,14.0,379,0,13.95,20.48,0,0,12.78
2024-11-01,SKU_1,WH_1,SUP_8,South,15.0,439.0,14.0,379,0,13.95,20.48,0,0,16.28
2024-11-02,SKU_1,WH_1,SUP_8,North,20.0,419.0,14.0,379,0,13.95,20.48,1,0,22.54
2024-11-03,SKU_1,WH_1,SUP_8,West,23.0,396.0,14.0,379,0,13.95,20.48,0,0,22.93
2024-11-04,SKU_1,WH_1,SUP_8,North,12.0,,14.0,379,0,13.95,20.48,0,0,9.66
2024-11-05,SKU_1,WH_1,SUP_8,East,6.0,378.0,14.0,379,0,13.95,20.48,0,0,5.16
2024-11-06,SKU_1,WH_1,SUP_8,East,16.0,667.0,14.0,379,305,13.95,20.48,0,0,17.66
2024-11-07,SKU_1,WH_1,SUP_8,North,13.0,654.0,14.0,379,0,13.95,20.48,0,0,15.64
2024-11-08,SKU_1,WH_1,SUP_8,West,21.0,633.0,14.0,379,0,13.95,20.48,0,0,22.07
2024-11-09,SKU_1,WH_1,SUP_8,,23.0,610.0,14.0,379,0,13.95,20.48,1,0,24.68
2024-11-10,SKU_1,WH_1,SUP_8,South,19.0,591.0,14.0,379,0,13.95,20.48,0,0,19.59
2024-11-11,SKU_1,WH_1,SUP_8,West,20.0,571.0,14.0,379,0,13.95,20.48,0,0,18.62
2024-11-12,SKU_1,WH_1,SUP_8,,7.0,564.0,14.0,379,0,13.95,20.48,0,0,5.41
2024-11-13,SKU_1,WH_1,SUP_8,East,15.0,549.0,14.0,379,0,13.95,20.48,0,0,9.01
2024-11-14,SKU_1,WH_1,SUP_8,,15.0,534.0,14.0,379,0,13.95,20.48,0,0,
2024-11-15,SKU_1,WH_1,SUP_8,North,15.0,519.0,14.0,379,0,13.95,20.48,0,0,13.74
2024-11-16,SKU_1,WH_1,SUP_8,,17.0,502.0,14.0,379,0,13.95,20.48,0,0,19.62
2024-11-17,SKU_1,WH_1,SUP_8,West,17.0,485.0,14.0,379,0,13.95,20.48,0,0,19.3
2024-11-18,SKU_1,WH_1,SUP_8,West,14.0,471.0,14.0,379,0,13.95,20.48,0,0,17.14
2024-11-19,SKU_1,WH_1,SUP_8,,21.0,450.0,14.0,379,0,13.95,20.48,0,0,16.37
2024-11-20,SKU_1,WH_1,SUP_8,East,,444.0,14.0,379,0,13.95,20.48,1,0,4.28
2024-11-21,SKU_1,WH_1,SUP_8,South,7.0,437.0,14.0,379,0,13.95,20.48,0,0,N/A
2024-11-22,SKU_1,WH_1,SUP_8,West,10.0,427.0,14.0,379,0,13.95,20.48,0,0,11.19
2024-11-23,SKU_1,WH_1,SUP_8,South,22.0,405.0,14.0,379,0,13.95,20.48,0,0,25.83
2024-11-24,SKU_1,WH_1,SUP_8,North,19.0,386.0,14.0,379,0,13.95,20.48,1,0,18.13
2024-11-25,SKU_1,WH_1,SUP_8,South,13.0,,14.0,379,0,13.95,20.48,0,0,10.46
2024-11-26,SKU_1,WH_1,SUP_8,East,,697.0,14.0,379,344,13.95,20.48,0,0,14.78
2024-11-27,SKU_1,WH_1,SUP_8,North,19.0,678.0,14.0,379,0,13.95,20.48,0,0,18.11
2024-11-28,SKU_1,WH_1,SUP_8,North,,666.0,14.0,379,0,13.95,20.48,0,0,13.04
2024-11-29,SKU_1,WH_1,SUP_8,South,17.0,649.0,14.0,379,0,13.95,20.48,0,0,16.1
2024-11-30,SKU_1,WH_1,SUP_8,South,4.0,645.0,14.0,379,0,13.95,20.48,0,0,4.76
2024-12-01,SKU_1,WH_1,SUP_8,West,26.0,619.0,14.0,379,0,13.95,20.48,0,0,22.22
2024-12-02,SKU_1,WH_1,SUP_8,North,13.0,606.0,14.0,379,0,13.95,20.48,0,0,11.95
2024-12-03,SKU_1,WH_1,SUP_8,North,,588.0,14.0,379,0,13.95,20.48,0,0,11.54
2024-12-04,SKU_1,WH_1,SUP_8,East,17.0,571.0,14.0,379,0,13.95,20.48,0,0,20.9
2024-12-05,SKU_1,WH_1,SUP_8,South,13.0,558.0,14.0,379,0,13.95,20.48,0,0,13.13
2024-12-06,SKU_1,WH_1,SUP_8,North,19.0,539.0,14.0,379,0,13.95,20.48,0,0,19.16
2024-12-07,SKU_1,WH_1,SUP_8,East,13.0,526.0,14.0,379,0,13.95,20.48,0,0,11.39
2024-12-08,SKU_1,WH_1,SUP_8,South,13.0,513.0,14.0,379,0,13.95,20.48,0,0,13.03
2024-12-09,SKU_1,WH_1,SUP_8,,26.0,487.0,14.0,379,0,13.95,20.48,0,0,25.36
2024-12-10,SKU_1,WH_1,SUP_8,East,27.0,,14.0,379,0,13.95,20.48,1,0,28.04
2024-12-11,SKU_1,WH_1,SUP_8,South,6.0,454.0,14.0,379,0,13.95,20.48,0,0,6.88
2024-12-12,SKU_1,WH_1,SUP_8,East,12.0,442.0,14.0,379,0,13.95,20.48,0,0,13.93
2024-12-13,SKU_1,WH_1,SUP_8,North,20.0,422.0,14.0,379,0,13.95,20.48,0,0,17.57
2024-12-14,SKU_1,WH_1,SUP_8,South,16.0,406.0,14.0,379,0,13.95,20.48,0,0,16.65
2024-12-15,SKU_1,WH_1,SUP_8,South,17.0,389.0,,379,0,13.95,20.48,0,0,17.59
2024-12-16,SKU_1,WH_1,SUP_8,West,22.0,367.0,14.0,379,0,13.95,20.48,0,0,22.92
2024-12-17,SKU_1,WH_1,SUP_8,,18.0,837.0,14.0,379,488,13.95,20.48,0,0,17.22
2024-12-18,SKU_1,WH_1,SUP_8,North,12.0,825.0,,379,0,13.95,20.48,0,0,16.89
2024-12-19,SKU_1,WH_1,SUP_8,West,13.0,812.0,14.0,379,0,13.95,20.48,0,0,11.68
2024-12-20,SKU_1,WH_1,SUP_8,West,17.0,795.0,14.0,379,0,13.95,20.48,0,0,17.99
2024-12-21,SKU_1,WH_1,SUP_8,East,,778.0,14.0,379,0,13.95,20.48,0,0,15.48
2024-12-22,SKU_1,WH_1,SUP_8,South,10.0,768.0,14.0,379,0,13.95,20.48,0,0,7.2
2024-12-23,SKU_1,WH_1,SUP_8,North,22.0,746.0,14.0,379,0,13.95,20.48,0,0,20.83
2024-12-24,SKU_1,WH_1,SUP_8,East,18.0,728.0,14.0,379,0,13.95,20.48,0,0,18.05
2024-12-25,SKU_1,WH_1,SUP_8,East,24.0,704.0,14.0,379,0,13.95,20.48,0,0,30.09
2024-12-26,SKU_1,WH_1,SUP_8,North,11.0,693.0,14.0,379,0,13.95,20.48,0,0,10.09
2024-12-27,SKU_1,WH_1,SUP_8,West,19.0,674.0,14.0,379,0,13.95,20.48,0,0,
2024-12-28,SKU_1,WH_1,SUP_8,East,16.0,658.0,14.0,379,0,13.95,20.48,0,0,N/A
2024-12-29,SKU_1,WH_1,SUP_8,West,,647.0,14.0,379,0,13.95,20.48,0,0,11.51
2024-12-30,SKU_1,WH_1,SUP_8,South,23.0,624.0,,379,0,13.95,20.48,0,0,24.73
2024-01-01,SKU_1,WH_2,SUP_5,East,20.0,843.0,8.0,322,0,11.46,19.92,0,0,21.14
2024-01-02,SKU_1,WH_2,SUP_5,South,19.0,,8.0,322,0,11.46,19.92,0,0,20.66
2024-01-03,SKU_1,WH_2,SUP_5,South,22.0,802.0,8.0,322,0,11.46,19.92,0,0,29.04
2024-01-04,SKU_1,WH_2,SUP_5,West,,781.0,8.0,322,0,11.46,19.92,0,0,25.18
2024-01-05,SKU_1,WH_2,SUP_5,North,17.0,764.0,8.0,322,0,11.46,19.92,0,0,21.68
2024-01-06,SKU_1,WH_2,SUP_5,East,20.0,744.0,8.0,322,0,11.46,19.92,0,0,
2024-01-07,SKU_1,WH_2,SUP_5,East,18.0,726.0,8.0,322,0,11.46,19.92,0,0,19.54
2024-01-08,SKU_1,WH_2,SUP_5,West,13.0,713.0,8.0,322,0,11.46,19.92,0,0,14.32
2024-01-09,SKU_1,WH_2,SUP_5,,23.0,690.0,8.0,322,0,11.46,19.92,0,0,16.17
2024-01-10,SKU_1,WH_2,SUP_5,South,35.0,655.0,8.0,322,0,11.46,19.92,1,0,36.15
2024-01-11,SKU_1,WH_2,SUP_5,West,24.0,631.0,8.0,322,0,11.46,19.92,0,0,27.48
2024-01-12,SKU_1,WH_2,SUP_5,North,15.0,616.0,8.0,322,0,11.46,19.92,0,0,12.92
2024-01-13,SKU_1,WH_2,SUP_5,East,25.0,591.0,8.0,322,0,11.46,19.92,0,0,26.37
2024-01-14,SKU_1,WH_2,SUP_5,North,23.0,568.0,8.0,322,0,11.46,19.92,0,0,20.65
2024-01-15,SKU_1,WH_2,SUP_5,West,20.0,548.0,8.0,322,0,11.46,19.92,0,0,18.24
2024-01-16,SKU_1,WH_2,SUP_5,West,21.0,527.0,8.0,322,0,11.46,19.92,0,0,20.61
2024-01-17,SKU_1,WH_2,SUP_5,East,19.0,508.0,8.0,322,0,11.46,19.92,0,0,17.07
2024-01-18,SKU_1,WH_2,SUP_5,South,30.0,478.0,8.0,322,0,11.46,19.92,0,0,24.94
2024-01-19,SKU_1,WH_2,SUP_5,South,26.0,452.0,8.0,322,0,11.46,19.92,0,0,21.35
2024-01-20,SKU_1,WH_2,SUP_5,North,31.0,421.0,8.0,322,0,11.46,19.92,0,0,29.34
2024-01-21,SKU_1,WH_2,SUP_5,West,28.0,393.0,8.0,322,0,11.46,19.92,0,0,26.44
2024-01-22,SKU_1,WH_2,SUP_5,South,15.0,378.0,8.0,322,0,11.46,19.92,0,0,16.69
2024-01-23,SKU_1,WH_2,SUP_5,North,29.0,349.0,8.0,322,0,11.46,19.92,0,0,34.15
2024-01-24,SKU_1,WH_2,SUP_5,West,20.0,329.0,8.0,322,0,11.46,19.92,0,0,
2024-01-25,SKU_1,WH_2,SUP_5,West,26.0,303.0,8.0,322,0,11.46,19.92,0,0,28.9
2024-01-26,SKU_1,WH_2,SUP_5,East,29.0,523.0,8.0,322,249,11.46,19.92,0,0,29.33
2024-01-27,SKU_1,WH_2,SUP_5,South,18.0,505.0,8.0,322,0,11.46,19.92,0,0,14.3
2024-01-28,SKU_1,WH_2,SUP_5,East,17.0,488.0,8.0,322,0,11.46,19.92,0,0,13.01
2024-01-29,SKU_1,WH_2,SUP_5,West,21.0,467.0,8.0,322,0,11.46,19.92,0,0,20.83
2024-01-30,SKU_1,WH_2,SUP_5,East,25.0,442.0,8.0,322,0,11.46,19.92,0,0,26.13
2024-01-31,SKU_1,WH_2,SUP_5,North,20.0,422.0,8.0,322,0,11.46,19.92,0,0,
2024-02-01,SKU_1,WH_2,SUP_5,South,25.0,397.0,8.0,322,0,11.46,19.92,0,0,26.15
2024-02-02,SKU_1,WH_2,SUP_5,North,19.0,378.0,8.0,322,0,11.46,19.92,0,0,18.05
2024-02-03,SKU_1,WH_2,SUP_5,South,21.0,357.0,8.0,322,0,11.46,19.92,0,0,23.37
2024-02-04,SKU_1,WH_2,SUP_5,East,21.0,336.0,8.0,322,0,11.46,19.92,0,0,21.68
2024-02-05,SKU_1,WH_2,SUP_5,West,26.0,310.0,8.0,322,0,11.46,19.92,0,0,33.4
2024-02-06,SKU_1,WH_2,SUP_5,East,22.0,745.0,8.0,322,457,11.46,19.92,0,0,18.01
2024-02-07,SKU_1,WH_2,SUP_5,South,32.0,713.0,8.0,322,0,11.46,19.92,0,0,32.12
2024-02-08,SKU_1,WH_2,SUP_5,East,28.0,685.0,8.0,322,0,11.46,19.92,0,0,35.48
2024-02-09,SKU_1,WH_2,SUP_5,West,34.0,651.0,8.0,322,0,11.46,19.92,0,0,39.68
2024-02-10,SKU_1,WH_2,SUP_5,West,24.0,627.0,8.0,322,0,11.46,19.92,0,0,27.5
2024-02-11,SKU_1,WH_2,SUP_5,,23.0,604.0,8.0,322,0,11.46,19.92,0,0,24.3
2024-02-12,SKU_1,WH_2,SUP_5,South,25.0,579.0,8.0,322,0,11.46,19.92,0,0,22.73
2024-02-13,SKU_1,WH_2,SUP_5,South,30.0,549.0,8.0,322,0,11.46,19.92,0,0,30.36
2024-02-14,SKU_1,WH_2,SUP_5,South,39.0,510.0,8.0,322,0,11.46,19.92,0,0,38.1
2024-02-15,SKU_1,WH_2,SUP_5,South,28.0,482.0,8.0,322,0,11.46,19.92,0,0,27.65
2024-02-16,SKU_1,WH_2,SUP_5,South,24.0,458.0,8.0,322,0,11.46,19.92,0,0,23.44
2024-02-17,SKU_1,WH_2,SUP_5,West,26.0,432.0,8.0,322,0,11.46,19.92,0,0,25.79
2024-02-18,SKU_1,WH_2,SUP_5,South,,409.0,8.0,322,0,11.46,19.92,1,0,
2024-02-19,SKU_1,WH_2,SUP_5,West,31.0,378.0,8.0,322,0,11.46,19.92,0,0,29.62
2024-02-20,SKU_1,WH_2,SUP_5,East,35.0,343.0,8.0,322,0,11.46,19.92,0,0,38.66
2024-02-21,SKU_1,WH_2,SUP_5,North,21.0,322.0,8.0,322,0,11.46,19.92,0,0,21.83
2024-02-22,SKU_1,WH_2,SUP_5,South,25.0,652.0,8.0,322,355,11.46,19.92,0,0,23.77
2024-02-23,SKU_1,WH_2,SUP_5,North,30.0,622.0,8.0,322,0,11.46,19.92,0,0,27.23
2024-02-24,SKU_1,WH_2,SUP_5,West,20.0,602.0,8.0,322,0,11.46,19.92,0,0,22.74
2024-02-25,SKU_1,WH_2,SUP_5,North,30.0,572.0,8.0,322,0,11.46,19.92,0,0,32.19
2024-02-26,SKU_1,WH_2,SUP_5,East,21.0,,8.0,322,0,11.46,19.92,0,0,20.33
2024-02-27,SKU_1,WH_2,SUP_5,North,,530.0,8.0,322,0,11.46,19.92,0,0,
2024-02-28,SKU_1,WH_2,SUP_5,East,28.0,502.0,8.0,322,0,11.46,19.92,0,0,27.48
2024-02-29,SKU_1,WH_2,SUP_5,East,30.0,,8.0,322,0,11.46,19.92,0,0,34.1
2024-03-01,SKU_1,WH_2,SUP_5,North,21.0,451.0,8.0,322,0,11.46,19.92,0,0,
2024-03-02,SKU_1,WH_2,SUP_5,North,22.0,429.0,8.0,322,0,11.46,19.92,0,0,23.54
2024-03-03,SKU_1,WH_2,SUP_5,West,29.0,400.0,8.0,322,0,11.46,19.92,1,0,28.91
2024-03-04,SKU_1,WH_2,SUP_5,North,20.0,380.0,8.0,322,0,11.46,19.92,0,0,19.99
2024-03-05,SKU_1,WH_2,SUP_5,??UNKNOWN??,26.0,354.0,8.0,322,0,11.46,19.92,0,0,23.35
2024-03-06,SKU_1,WH_2,SUP_5,North,31.0,323.0,8.0,322,0,11.46,19.92,0,0,34.62
2024-03-07,SKU_1,WH_2,SUP_5,North,30.0,293.0,8.0,322,0,11.46,19.92,0,0,30.62
2024-03-08,SKU_1,WH_2,SUP_5,West,31.0,591.0,8.0,322,329,11.46,19.92,0,0,31.5
2024-03-09,SKU_1,WH_2,SUP_5,West,30.0,561.0,8.0,322,0,11.46,19.92,0,0,29.5
2024-03-10,SKU_1,WH_2,SUP_5,,52.0,509.0,8.0,322,0,11.46,19.92,1,0,50.18
2024-03-11,SKU_1,WH_2,SUP_5,North,21.0,488.0,8.0,322,0,11.46,19.92,0,0,20.17
2024-03-12,SKU_1,WH_2,SUP_5,West,23.0,465.0,8.0,322,0,11.46,19.92,0,0,
2024-03-13,SKU_1,WH_2,SUP_5,West,33.0,432.0,8.0,322,0,11.46,19.92,1,0,32.77
2024-03-14,SKU_1,WH_2,SUP_5,West,27.0,405.0,8.0,322,0,11.46,19.92,0,0,27.55
2024-03-15,SKU_1,WH_2,SUP_5,West,29.0,376.0,8.0,322,0,11.46,19.92,0,0,27.37
2024-03-16,SKU_1,WH_2,SUP_5,East,24.0,352.0,8.0,322,0,11.46,19.92,0,0,20.02
2024-03-17,SKU_1,WH_2,SUP_5,South,33.0,319.0,8.0,322,0,11.46,19.92,1,0,36.58
2024-03-18,SKU_1,WH_2,SUP_5,South,35.0,621.0,8.0,322,337,11.46,19.92,0,0,37.16
2024-03-19,SKU_1,WH_2,SUP_5,??UNKNOWN??,34.0,587.0,8.0,322,0,11.46,19.92,0,0,34.1
2024-03-20,SKU_1,WH_2,SUP_5,South,,565.0,8.0,322,0,11.46,19.92,0,0,26.5
2024-03-21,SKU_1,WH_2,SUP_5,North,25.0,540.0,8.0,322,0,11.46,19.92,0,0,22.36
2024-03-22,SKU_1,WH_2,SUP_5,South,26.0,514.0,8.0,322,0,11.46,19.92,0,0,26.12
2024-03-23,SKU_1,WH_2,SUP_5,South,29.0,485.0,8.0,322,0,11.46,19.92,0,0,25.8
2024-03-24,SKU_1,WH_2,SUP_5,West,37.0,448.0,8.0,322,0,11.46,19.92,0,0,38.52
2024-03-25,SKU_1,WH_2,SUP_5,North,31.0,417.0,8.0,322,0,11.46,19.92,0,0,28.28
2024-03-26,SKU_1,WH_2,SUP_5,North,21.0,396.0,8.0,322,0,11.46,19.92,0,0,15.16
2024-03-27,SKU_1,WH_2,SUP_5,West,31.0,365.0,,322,0,11.46,19.92,0,0,30.5
2024-03-28,SKU_1,WH_2,SUP_5,East,,334.0,8.0,322,0,11.46,19.92,0,0,33.45
2024-03-29,SKU_1,WH_2,SUP_5,West,33.0,301.0,8.0,322,0,11.46,19.92,0,0,31.92
2024-03-30,SKU_1,WH_2,SUP_5,South,44.0,605.0,8.0,322,348,11.46,19.92,1,0,41.56
2024-03-31,SKU_1,WH_2,SUP_5,West,34.0,571.0,,322,0,11.46,19.92,0,0,36.2
2024-04-01,SKU_1,WH_2,SUP_5,North,35.0,,8.0,322,0,11.46,19.92,0,0,32.6
2024-04-02,SKU_1,WH_2,SUP_5,East,40.0,496.0,8.0,322,0,11.46,19.92,1,0,38.05
2024-04-03,SKU_1,WH_2,SUP_5,West,31.0,465.0,8.0,322,0,11.46,19.92,1,0,30.88
2024-04-04,SKU_1,WH_2,SUP_5,West,41.0,424.0,8.0,322,0,11.46,19.92,0,0,44.23
2024-04-05,SKU_1,WH_2,SUP_5,North,30.0,394.0,8.0,322,0,11.46,19.92,0,0,27.43
2024-04-06,SKU_1,WH_2,SUP_5,West,29.0,365.0,8.0,322,0,11.46,19.92,0,0,
2024-04-07,SKU_1,WH_2,SUP_5,West,32.0,333.0,8.0,322,0,11.46,19.92,0,0,33.02
2024-04-08,SKU_1,WH_2,SUP_5,,36.0,297.0,8.0,322,0,11.46,19.92,0,0,34.73
2024-04-09,SKU_1,WH_2,SUP_5,East,missing,682.0,8.0,322,418,11.46,19.92,0,0,34.75
2024-04-10,SKU_1,WH_2,SUP_5,West,33.0,,8.0,322,0,11.46,19.92,0,0,26.36
2024-04-11,SKU_1,WH_2,SUP_5,South,25.0,624.0,8.0,322,0,11.46,19.92,0,0,26.94
2024-04-12,SKU_1,WH_2,SUP_5,East,35.0,589.0,8.0,322,0,11.46,19.92,0,0,37.35
2024-04-13,SKU_1,WH_2,SUP_5,West,25.0,564.0,8.0,322,0,11.46,19.92,0,0,18.72
2024-04-14,SKU_1,WH_2,SUP_5,,27.0,537.0,8.0,322,0,11.46,19.92,0,0,25.93
2024-04-15,SKU_1,WH_2,SUP_5,North,22.0,515.0,8.0,322,0,11.46,19.92,0,0,25.79
2024-04-16,SKU_1,WH_2,SUP_5,North,34.0,481.0,8.0,322,0,11.46,19.92,0,0,33.23
2024-04-17,SKU_1,WH_2,SUP_5,East,30.0,451.0,8.0,322,0,11.46,19.92,0,0,27.94
2024-04-18,SKU_1,WH_2,SUP_5,South,29.0,422.0,8.0,322,0,11.46,19.92,0,0,27.0
2024-04-19,SKU_1,WH_2,SUP_5,North,33.0,389.0,8.0,322,0,11.46,19.92,0,0,31.35
2024-04-20,SKU_1,WH_2,SUP_5,,31.0,358.0,8.0,322,0,11.46,19.92,0,0,28.55
2024-04-21,SKU_1,WH_2,SUP_5,West,34.0,324.0,8.0,322,0,11.46,19.92,0,0,36.05
2024-04-22,SKU_1,WH_2,SUP_5,North,24.0,300.0,8.0,322,0,11.46,19.92,0,0,23.09
2024-04-23,SKU_1,WH_2,SUP_5,West,28.0,722.0,8.0,322,450,11.46,19.92,0,0,27.63
2024-04-24,SKU_1,WH_2,SUP_5,West,24.0,698.0,8.0,322,0,11.46,19.92,0,0,29.56
2024-04-25,SKU_1,WH_2,SUP_5,East,31.0,667.0,8.0,322,0,11.46,19.92,0,0,28.17
2024-04-26,SKU_1,WH_2,SUP_5,West,35.0,632.0,8.0,322,0,11.46,19.92,0,0,29.19
2024-04-27,SKU_1,WH_2,SUP_5,East,30.0,602.0,8.0,322,0,11.46,19.92,0,0,N/A
2024-04-28,SKU_1,WH_2,SUP_5,North,,573.0,8.0,322,0,11.46,19.92,0,0,23.69
2024-04-29,SKU_1,WH_2,SUP_5,West,25.0,548.0,8.0,322,0,11.46,19.92,0,0,21.1
2024-04-30,SKU_1,WH_2,SUP_5,North,27.0,521.0,8.0,322,0,11.46,19.92,0,0,31.17
2024-05-01,SKU_1,WH_2,SUP_5,East,26.0,495.0,8.0,322,0,11.46,19.92,0,0,
2024-05-02,SKU_1,WH_2,SUP_5,South,36.0,459.0,8.0,322,0,11.46,19.92,0,0,34.63
2024-05-03,SKU_1,WH_2,SUP_5,North,26.0,433.0,8.0,322,0,11.46,19.92,0,0,24.96
2024-05-04,SKU_1,WH_2,SUP_5,South,30.0,403.0,8.0,322,0,11.46,19.92,0,0,30.36
2024-05-05,SKU_1,WH_2,SUP_5,South,23.0,380.0,8.0,322,0,11.46,19.92,0,0,20.14
2024-05-06,SKU_1,WH_2,SUP_5,South,32.0,348.0,8.0,322,0,11.46,19.92,0,0,29.59
2024-05-07,SKU_1,WH_2,SUP_5,West,24.0,324.0,8.0,322,0,11.46,19.92,0,0,22.55
2024-05-08,SKU_1,WH_2,SUP_5,North,28.0,296.0,8.0,322,0,11.46,19.92,0,0,24.61
2024-05-09,SKU_1,WH_2,SUP_5,West,27.0,628.0,8.0,322,359,11.46,19.92,0,0,26.29
2024-05-10,SKU_1,WH_2,SUP_5,??UNKNOWN??,33.0,,8.0,322,0,11.46,19.92,0,0,31.87
2024-05-11,SKU_1,WH_2,SUP_5,South,31.0,564.0,8.0,322,0,11.46,19.92,0,0,27.24
2024-05-12,SKU_1,WH_2,SUP_5,North,21.0,543.0,8.0,322,0,11.46,19.92,0,0,17.78
2024-05-13,SKU_1,WH_2,SUP_5,South,23.0,520.0,8.0,322,0,11.46,19.92,0,0,22.05
2024-05-14,SKU_1,WH_2,SUP_5,South,23.0,497.0,8.0,322,0,11.46,19.92,0,0,22.51
2024-05-15,SKU_1,WH_2,SUP_5,South,22.0,475.0,8.0,322,0,11.46,19.92,0,0,22.19
2024-05-16,SKU_1,WH_2,SUP_5,North,34.0,441.0,8.0,322,0,11.46,19.92,0,0,34.63
2024-05-17,SKU_1,WH_2,SUP_5,North,26.0,415.0,8.0,322,0,11.46,19.92,0,0,23.51
2024-05-18,SKU_1,WH_2,SUP_5,North,28.0,387.0,8.0,322,0,11.46,19.92,0,0,25.35
2024-05-19,SKU_1,WH_2,SUP_5,North,14.0,373.0,8.0,322,0,11.46,19.92,0,0,10.97
2024-05-20,SKU_1,WH_2,SUP_5,South,31.0,342.0,8.0,322,0,11.46,19.92,0,0,28.93
2024-05-21,SKU_1,WH_2,SUP_5,East,,,8.0,322,0,11.46,19.92,0,0,22.82
2024-05-22,SKU_1,WH_2,SUP_5,East,30.0,642.0,8.0,322,353,11.46,19.92,0,0,28.91
2024-05-23,SKU_1,WH_2,SUP_5,West,27.0,615.0,8.0,322,0,11.46,19.92,0,0,24.49
2024-05-24,SKU_1,WH_2,SUP_5,South,24.0,591.0,8.0,322,0,11.46,19.92,0,0,19.31
2024-05-25,SKU_1,WH_2,SUP_5,West,35.0,556.0,8.0,322,0,11.46,19.92,0,0,41.06
2024-05-26,SKU_1,WH_2,SUP_5,West,26.0,530.0,8.0,322,0,11.46,19.92,0,0,28.64
2024-05-27,SKU_1,WH_2,SUP_5,East,21.0,509.0,8.0,322,0,11.46,19.92,0,0,14.61
2024-05-28,SKU_1,WH_2,SUP_5,West,26.0,483.0,8.0,322,0,11.46,19.92,0,0,21.69
2024-05-29,SKU_1,WH_2,SUP_5,West,21.0,462.0,8.0,322,0,11.46,19.92,0,0,23.8
2024-05-30,SKU_1,WH_2,SUP_5,West,28.0,434.0,8.0,322,0,11.46,19.92,0,0,27.42
2024-05-31,SKU_1,WH_2,SUP_5,South,missing,,8.0,322,0,11.46,19.92,0,0,
2024-06-01,SKU_1,WH_2,SUP_5,West,23.0,376.0,8.0,322,0,11.46,19.92,0,0,21.79
2024-06-02,SKU_1,WH_2,SUP_5,North,28.0,348.0,8.0,322,0,11.46,19.92,0,0,29.7
2024-06-03,SKU_1,WH_2,SUP_5,West,20.0,328.0,,322,0,11.46,19.92,0,0,20.61
2024-06-04,SKU_1,WH_2,SUP_5,North,20.0,308.0,8.0,322,0,11.46,19.92,0,0,23.43
2024-06-05,SKU_1,WH_2,SUP_5,South,18.0,591.0,8.0,322,301,11.46,19.92,0,0,19.28
2024-06-06,SKU_1,WH_2,SUP_5,North,30.0,561.0,8.0,322,0,11.46,19.92,0,0,37.77
2024-06-07,SKU_1,WH_2,SUP_5,East,21.0,540.0,8.0,322,0,11.46,19.92,0,0,17.23
2024-06-08,SKU_1,WH_2,SUP_5,South,25.0,515.0,8.0,322,0,11.46,19.92,0,0,25.91
2024-06-09,SKU_1,WH_2,SUP_5,North,25.0,,,322,0,11.46,19.92,0,0,27.2
2024-06-10,SKU_1,WH_2,SUP_5,West,29.0,461.0,8.0,322,0,11.46,19.92,0,0,28.93
2024-06-11,SKU_1,WH_2,SUP_5,South,21.0,440.0,8.0,322,0,11.46,19.92,0,0,20.09
2024-06-12,SKU_1,WH_2,SUP_5,North,20.0,,,322,0,11.46,19.92,0,0,18.77
2024-06-13,SKU_1,WH_2,SUP_5,East,25.0,395.0,8.0,322,0,11.46,19.92,0,0,21.36
2024-06-14,SKU_1,WH_2,SUP_5,East,27.0,368.0,8.0,322,0,11.46,19.92,0,0,25.71
2024-06-15,SKU_1,WH_2,SUP_5,East,220.0,1740.0,8.0,322,0,11.46,19.92,0,0,191.83207226170612
2024-06-16,SKU_1,WH_2,SUP_5,West,20.0,328.0,8.0,322,0,11.46,19.92,0,0,21.57
2024-06-17,SKU_1,WH_2,SUP_5,South,21.0,307.0,8.0,322,0,11.46,19.92,0,0,19.22
2024-06-18,SKU_1,WH_2,SUP_5,North,17.0,716.0,8.0,322,426,11.46,19.92,0,0,14.97
2024-06-19,SKU_1,WH_2,SUP_5,West,24.0,692.0,8.0,322,0,11.46,19.92,0,0,24.54
2024-06-20,SKU_1,WH_2,SUP_5,South,23.0,669.0,8.0,322,0,11.46,19.92,0,0,25.24
2024-06-21,SKU_1,WH_2,SUP_5,,16.0,653.0,8.0,322,0,11.46,19.92,0,0,16.45
2024-06-22,SKU_1,WH_2,SUP_5,South,18.0,635.0,8.0,322,0,11.46,19.92,0,0,14.04
2024-06-23,SKU_1,WH_2,SUP_5,West,18.0,617.0,8.0,322,0,11.46,19.92,0,0,17.73
2024-06-24,SKU_1,WH_2,SUP_5,West,23.0,,8.0,322,0,11.46,19.92,0,0,25.65
2024-06-25,SKU_1,WH_2,SUP_5,West,25.0,569.0,8.0,322,0,11.46,19.92,0,0,23.42
2024-06-26,SKU_1,WH_2,SUP_5,North,13.0,556.0,8.0,322,0,11.46,19.92,0,0,12.21
2024-06-27,SKU_1,WH_2,SUP_5,,19.0,537.0,8.0,322,0,11.46,19.92,0,0,17.95
2024-06-28,SKU_1,WH_2,SUP_5,North,24.0,513.0,8.0,322,0,11.46,19.92,0,0,22.34
2024-06-29,SKU_1,WH_2,SUP_5,West,25.0,488.0,,322,0,11.46,19.92,0,0,22.41
2024-06-30,SKU_1,WH_2,SUP_5,West,14.0,474.0,8.0,322,0,11.46,19.92,0,0,10.18
2024-07-01,SKU_1,WH_2,SUP_5,North,19.0,455.0,8.0,322,0,11.46,19.92,0,0,18.49
2024-07-02,SKU_1,WH_2,SUP_5,South,11.0,444.0,8.0,322,0,11.46,19.92,0,0,9.51
2024-07-03,SKU_1,WH_2,SUP_5,West,15.0,429.0,8.0,322,0,11.46,19.92,0,0,15.11
2024-07-04,SKU_1,WH_2,SUP_5,North,28.0,401.0,8.0,322,0,11.46,19.92,0,0,27.75
2024-07-05,SKU_1,WH_2,SUP_5,West,31.0,370.0,8.0,322,0,11.46,19.92,1,0,32.5
2024-07-06,SKU_1,WH_2,SUP_5,East,16.0,354.0,8.0,322,0,11.46,19.92,1,0,15.67
2024-07-07,SKU_1,WH_2,SUP_5,East,29.0,325.0,8.0,322,0,11.46,19.92,0,0,25.66
2024-07-08,SKU_1,WH_2,SUP_5,East,21.0,304.0,8.0,322,0,11.46,19.92,0,0,
2024-07-09,SKU_1,WH_2,SUP_5,South,17.0,553.0,8.0,322,266,11.46,19.92,0,0,14.47
2024-07-10,SKU_1,WH_2,SUP_5,North,17.0,536.0,8.0,322,0,11.46,19.92,0,0,11.75
2024-07-11,SKU_1,WH_2,SUP_5,North,15.0,521.0,8.0,322,0,11.46,19.92,0,0,15.58
2024-07-12,SKU_1,WH_2,SUP_5,East,18.0,503.0,,322,0,11.46,19.92,0,0,16.59
2024-07-13,SKU_1,WH_2,SUP_5,,16.0,487.0,8.0,322,0,11.46,19.92,0,0,9.8
2024-07-14,SKU_1,WH_2,SUP_5,North,11.0,476.0,8.0,322,0,11.46,19.92,0,0,3.11
2024-07-15,SKU_1,WH_2,SUP_5,North,15.0,461.0,8.0,322,0,11.46,19.92,0,0,12.74
2024-07-16,SKU_1,WH_2,SUP_5,South,14.0,447.0,8.0,322,0,11.46,19.92,0,0,
not_a_date,SKU_1,WH_2,SUP_5,North,missing,431.0,8.0,322,0,11.46,19.92,1,0,15.42
2024-07-18,SKU_1,WH_2,SUP_5,East,22.0,409.0,8.0,322,0,11.46,19.92,0,0,
2024-07-19,SKU_1,WH_2,SUP_5,East,26.0,383.0,8.0,322,0,11.46,19.92,0,0,25.82
2024-07-20,SKU_1,WH_2,SUP_5,West,24.0,359.0,,322,0,11.46,19.92,0,0,21.87
2024-07-21,SKU_1,WH_2,SUP_5,West,26.0,333.0,8.0,322,0,11.46,19.92,1,0,30.59
2024-07-22,SKU_1,WH_2,SUP_5,South,19.0,314.0,8.0,322,0,11.46,19.92,0,0,20.26
2024-07-23,SKU_1,WH_2,SUP_5,East,24.0,650.0,8.0,322,360,11.46,19.92,0,0,26.69
2024-07-24,SKU_1,WH_2,SUP_5,West,17.0,633.0,8.0,322,0,11.46,19.92,0,0,14.54
2024-07-25,SKU_1,WH_2,SUP_5,East,18.0,615.0,8.0,322,0,11.46,19.92,0,0,17.5
2024-07-26,SKU_1,WH_2,SUP_5,North,19.0,596.0,8.0,322,0,11.46,19.92,0,0,19.92
2024-07-27,SKU_1,WH_2,SUP_5,North,19.0,577.0,8.0,322,0,11.46,19.92,0,0,
2024-07-28,SKU_1,WH_2,SUP_5,North,17.0,560.0,8.0,322,0,11.46,19.92,0,0,13.78
2024-07-29,SKU_1,WH_2,SUP_5,West,missing,541.0,8.0,322,0,11.46,19.92,1,0,16.77
2024-07-30,SKU_1,WH_2,SUP_5,East,16.0,525.0,8.0,322,0,11.46,19.92,0,0,21.7
2024-07-31,SKU_1,WH_2,SUP_5,North,12.0,513.0,8.0,322,0,11.46,19.92,0,0,12.28
2024-08-01,SKU_1,WH_2,SUP_5,West,13.0,500.0,8.0,322,0,11.46,19.92,0,0,8.54
2024-08-02,SKU_1,WH_2,SUP_5,South,17.0,483.0,8.0,322,0,11.46,19.92,0,0,19.54
2024-08-03,SKU_1,WH_2,SUP_5,South,,469.0,8.0,322,0,11.46,19.92,0,0,11.59
2024-08-04,SKU_1,WH_2,SUP_5,East,21.0,448.0,8.0,322,0,11.46,19.92,0,0,20.25
2024-08-05,SKU_1,WH_2,SUP_5,East,21.0,427.0,8.0,322,0,11.46,19.92,0,0,22.37
2024-08-06,SKU_1,WH_2,SUP_5,North,,423.0,8.0,322,0,11.46,19.92,0,0,7.51
2024-08-07,SKU_1,WH_2,SUP_5,South,16.0,407.0,8.0,322,0,11.46,19.92,0,0,8.82
2024-08-08,SKU_1,WH_2,SUP_5,West,8.0,399.0,8.0,322,0,11.46,19.92,0,0,7.36
2024-08-09,SKU_1,WH_2,SUP_5,South,12.0,387.0,8.0,322,0,11.46,19.92,0,0,13.29
2024-08-10,SKU_1,WH_2,SUP_5,East,6.0,381.0,8.0,322,0,11.46,19.92,0,0,9.64
2024-08-11,SKU_1,WH_2,SUP_5,West,9.0,372.0,8.0,322,0,11.46,19.92,0,0,9.63
2024-08-12,SKU_1,WH_2,SUP_5,,7.0,,8.0,322,0,11.46,19.92,0,0,5.22
2024-08-13,SKU_1,WH_2,SUP_5,,13.0,352.0,8.0,322,0,11.46,19.92,0,0,14.25
2024-08-14,SKU_1,WH_2,SUP_5,South,7.0,345.0,8.0,322,0,11.46,19.92,0,0,5.91
2024-08-15,SKU_1,WH_2,SUP_5,South,12.0,333.0,8.0,322,0,11.46,19.92,0,0,8.46
2024-08-16,SKU_1,WH_2,SUP_5,West,20.0,313.0,8.0,322,0,11.46,19.92,1,0,19.0
2024-08-17,SKU_1,WH_2,SUP_5,East,10.0,561.0,8.0,322,258,11.46,19.92,1,0,10.28
2024-08-18,SKU_1,WH_2,SUP_5,North,25.0,536.0,8.0,322,0,11.46,19.92,0,0,19.58
2024-08-19,SKU_1,WH_2,SUP_5,South,11.0,525.0,8.0,322,0,11.46,19.92,0,0,14.68
2024-08-20,SKU_1,WH_2,SUP_5,North,8.0,517.0,8.0,322,0,11.46,19.92,0,0,9.67
2024-08-21,SKU_1,WH_2,SUP_5,West,2.0,515.0,8.0,322,0,11.46,19.92,0,0,4.24
2024-08-22,SKU_1,WH_2,SUP_5,North,9.0,506.0,8.0,322,0,11.46,19.92,0,0,10.69
2024-08-23,SKU_1,WH_2,SUP_5,North,16.0,490.0,8.0,322,0,11.46,19.92,1,0,18.7
2024-08-24,SKU_1,WH_2,SUP_5,West,20.0,470.0,8.0,322,0,11.46,19.92,0,0,19.14
2024-08-25,SKU_1,WH_2,SUP_5,East,25.0,445.0,8.0,322,0,11.46,19.92,0,0,20.49
2024-08-26,SKU_1,WH_2,SUP_5,South,20.0,425.0,8.0,322,0,11.46,19.92,0,0,24.69
2024-08-27,SKU_1,WH_2,SUP_5,North,9.0,416.0,8.0,322,0,11.46,19.92,0,0,9.84
2024-08-28,SKU_1,WH_2,SUP_5,South,8.0,408.0,8.0,322,0,11.46,19.92,0,0,7.89
2024-08-29,SKU_1,WH_2,SUP_5,West,13.0,395.0,8.0,322,0,11.46,19.92,0,0,12.91
2024-08-30,SKU_1,WH_2,SUP_5,West,1.0,394.0,8.0,322,0,11.46,19.92,0,0,0.76
2024-08-31,SKU_1,WH_2,SUP_5,East,14.0,380.0,8.0,322,0,11.46,19.92,0,0,
2024-09-01,SKU_1,WH_2,SUP_5,North,10.0,370.0,8.0,322,0,11.46,19.92,0,0,12.02
2024-09-02,SKU_1,WH_2,SUP_5,East,10.0,360.0,8.0,322,0,11.46,19.92,0,0,10.86
2024-09-03,SKU_1,WH_2,SUP_5,East,17.0,343.0,8.0,322,0,11.46,19.92,0,0,18.15
2024-09-04,SKU_1,WH_2,SUP_5,West,16.0,327.0,8.0,322,0,11.46,19.92,0,0,15.39
2024-09-05,SKU_1,WH_2,SUP_5,North,5.0,322.0,8.0,322,0,11.46,19.92,0,0,2.45
2024-09-06,SKU_1,WH_2,SUP_5,South,14.0,715.0,8.0,322,407,11.46,19.92,0,0,14.58
2024-09-07,SKU_1,WH_2,SUP_5,South,16.0,,8.0,322,0,11.46,19.92,0,0,18.84
2024-09-08,SKU_1,WH_2,SUP_5,West,17.0,682.0,8.0,322,0,11.46,19.92,0,0,20.92
2024-09-09,SKU_1,WH_2,SUP_5,North,6.0,676.0,8.0,322,0,11.46,19.92,0,0,3.95
2024-09-10,SKU_1,WH_2,SUP_5,East,16.0,660.0,8.0,322,0,11.46,19.92,0,0,11.68
2024-09-11,SKU_1,WH_2,SUP_5,West,14.0,646.0,8.0,322,0,11.46,19.92,0,0,16.26
2024-09-12,SKU_1,WH_2,SUP_5,East,-12.0,-634.0,8.0,322,0,-11.46,-19.92,0,0,-14.01
2024-09-13,SKU_1,WH_2,SUP_5,West,6.0,628.0,8.0,322,0,11.46,19.92,0,0,5.93
2024-09-14,SKU_1,WH_2,SUP_5,,20.0,608.0,8.0,322,0,11.46,19.92,0,0,22.35
2024-09-15,SKU_1,WH_2,SUP_5,West,0.0,608.0,8.0,322,0,11.46,19.92,1,0,0.64
2024-09-16,SKU_1,WH_2,SUP_5,South,7.0,,8.0,322,0,11.46,19.92,0,0,8.88
2024-09-17,SKU_1,WH_2,SUP_5,East,9.0,592.0,8.0,322,0,11.46,19.92,0,0,6.87
2024-09-18,SKU_1,WH_2,SUP_5,East,8.0,584.0,8.0,322,0,11.46,19.92,0,0,11.08
2024-09-19,SKU_1,WH_2,SUP_5,North,18.0,566.0,8.0,322,0,11.46,19.92,1,0,17.42
2024-09-20,SKU_1,WH_2,SUP_5,South,11.0,555.0,8.0,322,0,11.46,19.92,0,0,14.61
2024-09-21,SKU_1,WH_2,SUP_5,North,1.0,554.0,8.0,322,0,11.46,19.92,1,0,4.61
2024-09-22,SKU_1,WH_2,SUP_5,West,13.0,541.0,8.0,322,0,11.46,19.92,0,0,10.45
2024-09-23,SKU_1,WH_2,SUP_5,West,19.0,522.0,8.0,322,0,11.46,19.92,0,0,22.72
2024-09-24,SKU_1,WH_2,SUP_5,South,0.0,522.0,8.0,322,0,11.46,19.92,0,0,5.4
2024-09-25,SKU_1,WH_2,SUP_5,East,11.0,511.0,8.0,322,0,11.46,19.92,0,0,15.11
2024-09-26,SKU_1,WH_2,SUP_5,West,11.0,500.0,8.0,322,0,11.46,19.92,0,0,12.28
2024-09-27,SKU_1,WH_2,SUP_5,South,6.0,494.0,8.0,322,0,11.46,19.92,0,0,4.77
2024-09-28,SKU_1,WH_2,SUP_5,North,6.0,488.0,8.0,322,0,11.46,19.92,0,0,1.38
2024-09-29,SKU_1,WH_2,SUP_5,West,6.0,482.0,8.0,322,0,11.46,19.92,0,0,6.05
2024-09-30,SKU_1,WH_2,SUP_5,West,,472.0,8.0,322,0,11.46,19.92,0,0,12.7
2024-10-01,SKU_1,WH_2,SUP_5,North,14.0,458.0,8.0,322,0,11.46,19.92,0,0,11.4
2024-10-02,SKU_1,WH_2,SUP_5,North,11.0,447.0,8.0,322,0,11.46,19.92,1,0,11.45
2024-10-03,SKU_1,WH_2,SUP_5,,15.0,432.0,8.0,322,0,11.46,19.92,0,0,13.01
2024-10-04,SKU_1,WH_2,SUP_5,,0.0,432.0,8.0,322,0,11.46,19.92,1,0,0.0
2024-10-05,SKU_1,WH_2,SUP_5,South,14.0,418.0,8.0,322,0,11.46,19.92,1,0,12.25
2024-10-06,SKU_1,WH_2,SUP_5,North,5.0,413.0,8.0,322,0,11.46,19.92,0,0,6.23
2024-10-07,SKU_1,WH_2,SUP_5,West,11.0,402.0,8.0,322,0,11.46,19.92,0,0,11.21
2024-10-08,SKU_1,WH_2,SUP_5,North,12.0,390.0,8.0,322,0,11.46,19.92,0,0,12.47
2024-10-09,SKU_1,WH_2,SUP_5,South,13.0,377.0,8.0,322,0,11.46,19.92,0,0,16.61
2024-10-10,SKU_1,WH_2,SUP_5,West,,377.0,8.0,322,0,11.46,19.92,0,0,0.0
2024-10-11,SKU_1,WH_2,SUP_5,South,2.0,375.0,8.0,322,0,11.46,19.92,0,0,1.37
2024-10-12,SKU_1,WH_2,SUP_5,West,11.0,364.0,8.0,322,0,11.46,19.92,0,0,7.02
2024-10-13,SKU_1,WH_2,SUP_5,East,13.0,351.0,8.0,322,0,11.46,19.92,0,0,9.58
2024-10-14,SKU_1,WH_2,SUP_5,East,16.0,335.0,8.0,322,0,11.46,19.92,0,0,17.72
2024-10-15,SKU_1,WH_2,SUP_5,East,6.0,329.0,8.0,322,0,11.46,19.92,0,0,4.75
2024-10-16,SKU_1,WH_2,SUP_5,South,11.0,318.0,8.0,322,0,11.46,19.92,0,0,9.98
2024-10-17,SKU_1,WH_2,SUP_5,North,8.0,736.0,8.0,322,426,11.46,19.92,0,0,9.81
2024-10-18,SKU_1,WH_2,SUP_5,West,missing,5808.0,8.0,322,0,11.46,19.92,0,0,34.615175282335464
2024-10-19,SKU_1,WH_2,SUP_5,South,5.0,721.0,8.0,322,0,11.46,19.92,0,0,7.37
2024-10-20,SKU_1,WH_2,SUP_5,East,9.0,712.0,8.0,322,0,11.46,19.92,0,0,1.08
2024-10-21,SKU_1,WH_2,SUP_5,North,9.0,703.0,8.0,322,0,11.46,19.92,0,0,10.33
2024-10-22,SKU_1,WH_2,SUP_5,South,10.0,693.0,8.0,322,0,11.46,19.92,0,0,11.64
2024-10-23,SKU_1,WH_2,SUP_5,North,2.0,691.0,8.0,322,0,11.46,19.92,0,0,1.01
2024-10-24,SKU_1,WH_2,SUP_5,South,9.0,682.0,8.0,322,0,11.46,19.92,0,0,9.58
2024-10-25,SKU_1,WH_2,SUP_5,East,4.0,678.0,8.0,322,0,11.46,19.92,0,0,0.16
2024-10-26,SKU_1,WH_2,SUP_5,West,4.0,674.0,8.0,322,0,11.46,19.92,0,0,0.0
2024-10-27,SKU_1,WH_2,SUP_5,West,14.0,660.0,8.0,322,0,11.46,19.92,0,0,19.97
2024-10-28,SKU_1,WH_2,SUP_5,West,14.0,646.0,8.0,322,0,11.46,19.92,0,0,16.03
2024-10-29,SKU_1,WH_2,SUP_5,,12.0,634.0,8.0,322,0,11.46,19.92,0,0,12.45
2024-10-30,SKU_1,WH_2,SUP_5,South,10.0,624.0,8.0,322,0,11.46,19.92,0,0,14.98
2024-10-31,SKU_1,WH_2,SUP_5,East,22.0,602.0,8.0,322,0,11.46,19.92,0,0,23.3
2024-11-01,SKU_1,WH_2,SUP_5,??UNKNOWN??,13.0,589.0,8.0,322,0,11.46,19.92,1,0,11.05
2024-11-02,SKU_1,WH_2,SUP_5,North,15.0,574.0,8.0,322,0,11.46,19.92,0,0,15.76
2024-11-03,SKU_1,WH_2,SUP_5,North,6.0,568.0,8.0,322,0,11.46,19.92,0,0,
2024-11-04,SKU_1,WH_2,SUP_5,East,17.0,551.0,8.0,322,0,11.46,19.92,0,0,18.55
2024-11-05,SKU_1,WH_2,SUP_5,East,13.0,538.0,8.0,322,0,11.46,19.92,1,0,
2024-11-06,SKU_1,WH_2,SUP_5,South,17.0,521.0,8.0,322,0,11.46,19.92,0,0,20.34
2024-11-07,SKU_1,WH_2,SUP_5,South,7.0,514.0,8.0,322,0,11.46,19.92,0,0,13.27
2024-11-08,SKU_1,WH_2,SUP_5,West,17.0,497.0,8.0,322,0,11.46,19.92,0,0,14.64
2024-11-09,SKU_1,WH_2,SUP_5,South,9.0,488.0,8.0,322,0,11.46,19.92,0,0,9.67
2024-11-10,SKU_1,WH_2,SUP_5,South,16.0,472.0,8.0,322,0,11.46,19.92,1,0,20.71
2024-11-11,SKU_1,WH_2,SUP_5,East,5.0,467.0,8.0,322,0,11.46,19.92,0,0,4.2
2024-11-12,SKU_1,WH_2,SUP_5,West,0.0,467.0,8.0,322,0,11.46,19.92,0,0,1.79
2024-11-13,SKU_1,WH_2,SUP_5,East,16.0,451.0,8.0,322,0,11.46,19.92,1,0,17.0
2024-11-14,SKU_1,WH_2,SUP_5,North,8.0,443.0,8.0,322,0,11.46,19.92,0,0,11.95
2024-11-15,SKU_1,WH_2,SUP_5,East,19.0,424.0,8.0,322,0,11.46,19.92,1,0,19.06
2024-11-16,SKU_1,WH_2,SUP_5,,15.0,409.0,8.0,322,0,11.46,19.92,0,0,16.59
2024-11-17,SKU_1,WH_2,SUP_5,East,20.0,389.0,8.0,322,0,11.46,19.92,0,0,23.53
2024-11-18,SKU_1,WH_2,SUP_5,West,20.0,369.0,8.0,322,0,11.46,19.92,1,0,21.25
not_a_date,SKU_1,WH_2,SUP_5,West,7.0,362.0,8.0,322,0,11.46,19.92,0,0,8.81
2024-11-20,SKU_1,WH_2,SUP_5,South,20.0,342.0,8.0,322,0,11.46,19.92,0,0,20.2
2024-11-21,SKU_1,WH_2,SUP_5,North,13.0,329.0,8.0,322,0,11.46,19.92,0,0,11.54
2024-11-22,SKU_1,WH_2,SUP_5,East,31.0,298.0,,322,0,11.46,19.92,0,0,26.61
2024-11-23,SKU_1,WH_2,SUP_5,East,21.0,639.0,8.0,322,362,11.46,19.92,0,0,19.2
2024-11-24,SKU_1,WH_2,SUP_5,South,5.0,634.0,8.0,322,0,11.46,19.92,1,0,8.02
2024-11-25,SKU_1,WH_2,SUP_5,South,26.0,608.0,,322,0,11.46,19.92,1,0,20.25
2024-11-26,SKU_1,WH_2,SUP_5,North,10.0,598.0,8.0,322,0,11.46,19.92,0,0,8.21
2024-11-27,SKU_1,WH_2,SUP_5,North,13.0,585.0,8.0,322,0,11.46,19.92,1,0,15.24
2024-11-28,SKU_1,WH_2,SUP_5,North,12.0,573.0,8.0,322,0,11.46,19.92,0,0,14.06
2024-11-29,SKU_1,WH_2,SUP_5,North,17.0,556.0,8.0,322,0,11.46,19.92,0,0,22.11
2024-11-30,SKU_1,WH_2,SUP_5,West,11.0,545.0,8.0,322,0,11.46,19.92,0,0,13.87
2024-12-01,SKU_1,WH_2,SUP_5,East,22.0,523.0,8.0,322,0,11.46,19.92,0,0,20.4
2024-12-02,SKU_1,WH_2,SUP_5,,8.0,515.0,8.0,322,0,11.46,19.92,0,0,7.96
2024-12-03,SKU_1,WH_2,SUP_5,South,19.0,496.0,8.0,322,0,11.46,19.92,0,0,14.12
2024-12-04,SKU_1,WH_2,SUP_5,East,15.0,481.0,8.0,322,0,11.46,19.92,0,0,17.13
2024-12-05,SKU_1,WH_2,SUP_5,West,20.0,461.0,8.0,322,0,11.46,19.92,0,0,22.23
2024-12-06,SKU_1,WH_2,SUP_5,East,7.0,454.0,8.0,322,0,11.46,19.92,0,0,N/A
2024-12-07,SKU_1,WH_2,SUP_5,North,26.0,428.0,8.0,322,0,11.46,19.92,1,0,19.38
2024-12-08,SKU_1,WH_2,SUP_5,North,19.0,409.0,8.0,322,0,11.46,19.92,0,0,11.32
2024-12-09,SKU_1,WH_2,SUP_5,North,13.0,396.0,8.0,322,0,11.46,19.92,0,0,11.24
2024-12-10,SKU_1,WH_2,SUP_5,East,20.0,376.0,8.0,322,0,11.46,19.92,0,0,16.55
2024-12-11,SKU_1,WH_2,SUP_5,South,19.0,357.0,8.0,322,0,11.46,19.92,0,0,23.19
2024-12-12,SKU_1,WH_2,SUP_5,South,21.0,336.0,8.0,322,0,11.46,19.92,0,0,22.74
2024-12-13,SKU_1,WH_2,SUP_5,South,10.0,326.0,8.0,322,0,11.46,19.92,0,0,8.61
2024-12-14,SKU_1,WH_2,SUP_5,East,25.0,301.0,8.0,322,0,11.46,19.92,0,0,27.94
2024-12-15,SKU_1,WH_2,SUP_5,,18.0,621.0,8.0,322,338,11.46,19.92,0,0,12.75
2024-12-16,SKU_1,WH_2,SUP_5,West,20.0,601.0,8.0,322,0,11.46,19.92,0,0,15.49
2024-12-17,SKU_1,WH_2,SUP_5,North,18.0,583.0,8.0,322,0,11.46,19.92,0,0,14.82
2024-12-18,SKU_1,WH_2,SUP_5,North,6.0,577.0,8.0,322,0,11.46,19.92,0,0,6.47
2024-12-19,SKU_1,WH_2,SUP_5,East,16.0,561.0,8.0,322,0,11.46,19.92,0,0,14.87
2024-12-20,SKU_1,WH_2,SUP_5,East,19.0,542.0,8.0,322,0,11.46,19.92,0,0,20.49
2024-12-21,SKU_1,WH_2,SUP_5,North,17.0,525.0,8.0,322,0,11.46,19.92,0,0,16.8
2024-12-22,SKU_1,WH_2,SUP_5,West,12.0,513.0,8.0,322,0,11.46,19.92,0,0,
2024-12-23,SKU_1,WH_2,SUP_5,West,20.0,493.0,,322,0,11.46,19.92,0,0,18.65
2024-12-24,SKU_1,WH_2,SUP_5,East,18.0,475.0,8.0,322,0,11.46,19.92,0,0,20.01
2024-12-25,SKU_1,WH_2,SUP_5,West,6.0,469.0,8.0,322,0,11.46,19.92,0,0,6.43
2024-12-26,SKU_1,WH_2,SUP_5,West,19.0,450.0,8.0,322,0,11.46,19.92,0,0,
2024-12-27,SKU_1,WH_2,SUP_5,North,28.0,422.0,8.0,322,0,11.46,19.92,0,0,28.03
2024-12-28,SKU_1,WH_2,SUP_5,,24.0,398.0,8.0,322,0,11.46,19.92,1,0,22.02
2024-12-29,SKU_1,WH_2,SUP_5,North,21.0,377.0,8.0,322,0,11.46,19.92,0,0,20.09
2024-12-30,SKU_1,WH_2,SUP_5,,14.0,363.0,8.0,322,0,11.46,19.92,0,0,10.96
2024-01-01,SKU_1,WH_3,SUP_9,West,16.0,505.0,6.0,314,0,6.06,8.41,1,0,18.05
2024-01-02,SKU_1,WH_3,SUP_9,East,11.0,,6.0,314,0,6.06,8.41,0,0,12.23
2024-01-03,SKU_1,WH_3,SUP_9,North,23.0,471.0,6.0,314,0,6.06,8.41,0,0,22.59
2024-01-04,SKU_1,WH_3,SUP_9,East,17.0,454.0,6.0,314,0,6.06,8.41,0,0,16.55
2024-01-05,SKU_1,WH_3,SUP_9,,19.0,435.0,6.0,314,0,6.06,8.41,0,0,17.16
2024-01-06,SKU_1,WH_3,SUP_9,West,20.0,415.0,6.0,314,0,6.06,8.41,0,0,18.36
2024-01-07,SKU_1,WH_3,SUP_9,East,31.0,384.0,6.0,314,0,6.06,8.41,1,0,33.57
2024-01-08,SKU_1,WH_3,SUP_9,West,28.0,356.0,6.0,314,0,6.06,8.41,0,0,26.52
2024-01-09,SKU_1,WH_3,SUP_9,North,29.0,327.0,6.0,314,0,6.06,8.41,1,0,28.5
2024-01-10,SKU_1,WH_3,SUP_9,North,27.0,300.0,6.0,314,0,6.06,8.41,1,0,24.72
2024-01-11,SKU_1,WH_3,SUP_9,North,23.0,645.0,6.0,314,368,6.06,8.41,0,0,23.12
2024-01-12,SKU_1,WH_3,SUP_9,North,15.0,630.0,6.0,314,0,6.06,8.41,0,0,16.12
2024-01-13,SKU_1,WH_3,SUP_9,North,18.0,612.0,6.0,314,0,6.06,8.41,0,0,16.01
2024-01-14,SKU_1,WH_3,SUP_9,,26.0,586.0,6.0,314,0,6.06,8.41,0,0,32.33
2024-01-15,SKU_1,WH_3,SUP_9,North,23.0,563.0,6.0,314,0,6.06,8.41,1,0,23.53
2024-01-16,SKU_1,WH_3,SUP_9,West,28.0,535.0,6.0,314,0,6.06,8.41,1,0,25.83
2024-01-17,SKU_1,WH_3,SUP_9,South,30.0,505.0,6.0,314,0,6.06,8.41,0,0,33.74
2024-01-18,SKU_1,WH_3,SUP_9,East,18.0,,6.0,314,0,6.06,8.41,0,0,22.37
2024-01-19,SKU_1,WH_3,SUP_9,North,27.0,460.0,6.0,314,0,6.06,8.41,0,0,31.61
2024-01-20,SKU_1,WH_3,SUP_9,East,34.0,426.0,6.0,314,0,6.06,8.41,0,0,31.07
2024-01-21,SKU_1,WH_3,SUP_9,South,22.0,404.0,6.0,314,0,6.06,8.41,0,0,22.83
2024-01-22,SKU_1,WH_3,SUP_9,North,21.0,383.0,6.0,314,0,6.06,8.41,0,0,20.58
2024-01-23,SKU_1,WH_3,SUP_9,West,16.0,367.0,6.0,314,0,6.06,8.41,0,0,17.54
2024-01-24,SKU_1,WH_3,SUP_9,South,35.0,332.0,6.0,314,0,6.06,8.41,1,0,32.32
2024-01-25,SKU_1,WH_3,SUP_9,East,19.0,313.0,6.0,314,0,6.06,8.41,0,0,18.58
2024-01-26,SKU_1,WH_3,SUP_9,North,26.0,618.0,6.0,314,331,6.06,8.41,0,0,26.89
2024-01-27,SKU_1,WH_3,SUP_9,North,25.0,593.0,6.0,314,0,6.06,8.41,0,0,20.43
2024-01-28,SKU_1,WH_3,SUP_9,North,22.0,571.0,6.0,314,0,6.06,8.41,0,0,22.79
2024-01-29,SKU_1,WH_3,SUP_9,South,24.0,547.0,6.0,314,0,6.06,8.41,0,0,23.27
2024-01-30,SKU_1,WH_3,SUP_9,South,33.0,514.0,6.0,314,0,6.06,8.41,0,0,32.1
2024-01-31,SKU_1,WH_3,SUP_9,East,16.0,498.0,6.0,314,0,6.06,8.41,0,0,19.82
2024-02-01,SKU_1,WH_3,SUP_9,East,27.0,471.0,6.0,314,0,6.06,8.41,0,0,
2024-02-02,SKU_1,WH_3,SUP_9,South,23.0,448.0,6.0,314,0,6.06,8.41,0,0,26.98
2024-02-03,SKU_1,WH_3,SUP_9,East,-26.0,-1.0,6.0,314,0,-6.06,-8.41,0,0,-31.14
2024-02-04,SKU_1,WH_3,SUP_9,East,,404.0,6.0,314,0,6.06,8.41,0,0,16.98
2024-02-05,SKU_1,WH_3,SUP_9,South,21.0,383.0,6.0,314,0,6.06,8.41,0,0,16.86
2024-02-06,SKU_1,WH_3,SUP_9,East,30.0,353.0,6.0,314,0,6.06,8.41,0,0,29.29
2024-02-07,SKU_1,WH_3,SUP_9,West,18.0,335.0,6.0,314,0,6.06,8.41,0,0,11.89
2024-02-08,SKU_1,WH_3,SUP_9,East,24.0,311.0,6.0,314,0,6.06,8.41,0,0,N/A
2024-02-09,SKU_1,WH_3,SUP_9,South,missing,746.0,6.0,314,459,6.06,8.41,0,0,23.86
2024-02-10,SKU_1,WH_3,SUP_9,West,26.0,720.0,6.0,314,0,6.06,8.41,0,0,23.93
2024-02-11,SKU_1,WH_3,SUP_9,South,31.0,689.0,6.0,314,0,6.06,8.41,0,0,27.98
2024-02-12,SKU_1,WH_3,SUP_9,West,23.0,666.0,6.0,314,0,6.06,8.41,0,0,21.52
2024-02-13,SKU_1,WH_3,SUP_9,East,-31.0,-635.0,6.0,314,0,-6.06,-8.41,0,0,-33.87
2024-02-14,SKU_1,WH_3,SUP_9,West,25.0,610.0,6.0,314,0,6.06,8.41,0,0,23.16
2024-02-15,SKU_1,WH_3,SUP_9,North,46.0,564.0,6.0,314,0,6.06,8.41,1,0,40.04
2024-02-16,SKU_1,WH_3,SUP_9,North,32.0,532.0,6.0,314,0,6.06,8.41,0,0,30.6
2024-02-17,SKU_1,WH_3,SUP_9,North,30.0,502.0,6.0,314,0,6.06,8.41,0,0,28.3
2024-02-18,SKU_1,WH_3,SUP_9,East,27.0,475.0,6.0,314,0,6.06,8.41,0,0,20.34
2024-02-19,SKU_1,WH_3,SUP_9,South,30.0,445.0,6.0,314,0,6.06,8.41,0,0,29.14
2024-02-20,SKU_1,WH_3,SUP_9,South,20.0,425.0,6.0,314,0,6.06,8.41,0,0,20.04
2024-02-21,SKU_1,WH_3,SUP_9,West,26.0,,6.0,314,0,6.06,8.41,0,0,28.41
2024-02-22,SKU_1,WH_3,SUP_9,North,38.0,361.0,6.0,314,0,6.06,8.41,0,0,34.61
2024-02-23,SKU_1,WH_3,SUP_9,West,35.0,,6.0,314,0,6.06,8.41,0,0,33.08
2024-02-24,SKU_1,WH_3,SUP_9,South,28.0,,6.0,314,0,6.06,8.41,0,0,33.23
2024-02-25,SKU_1,WH_3,SUP_9,South,23.0,596.0,6.0,314,321,6.06,8.41,0,0,17.65
2024-02-26,SKU_1,WH_3,SUP_9,South,23.0,573.0,6.0,314,0,6.06,8.41,0,0,23.63
2024-02-27,SKU_1,WH_3,SUP_9,East,21.0,552.0,6.0,314,0,6.06,8.41,0,0,19.31
2024-02-28,SKU_1,WH_3,SUP_9,North,29.0,523.0,6.0,314,0,6.06,8.41,0,0,29.11
2024-02-29,SKU_1,WH_3,SUP_9,South,35.0,488.0,6.0,314,0,6.06,8.41,0,0,
2024-03-01,SKU_1,WH_3,SUP_9,,264.0,4176.0,6.0,314,0,6.06,8.41,0,0,83.82135208008158
2024-03-02,SKU_1,WH_3,SUP_9,West,30.0,434.0,6.0,314,0,6.06,8.41,0,0,32.77
2024-03-03,SKU_1,WH_3,SUP_9,North,36.0,398.0,6.0,314,0,6.06,8.41,1,0,41.79
2024-03-04,SKU_1,WH_3,SUP_9,East,31.0,367.0,,314,0,6.06,8.41,0,0,28.58
2024-03-05,SKU_1,WH_3,SUP_9,South,32.0,335.0,6.0,314,0,6.06,8.41,0,0,35.33
2024-03-06,SKU_1,WH_3,SUP_9,North,27.0,308.0,6.0,314,0,6.06,8.41,0,0,26.85
2024-03-07,SKU_1,WH_3,SUP_9,North,24.0,512.0,6.0,314,228,6.06,8.41,0,0,29.13
2024-03-08,SKU_1,WH_3,SUP_9,South,32.0,480.0,6.0,314,0,6.06,8.41,0,0,33.07
2024-03-09,SKU_1,WH_3,SUP_9,,35.0,445.0,6.0,314,0,6.06,8.41,0,0,35.4
2024-03-10,SKU_1,WH_3,SUP_9,South,27.0,418.0,6.0,314,0,6.06,8.41,0,0,26.18
2024-03-11,SKU_1,WH_3,SUP_9,South,22.0,396.0,6.0,314,0,6.06,8.41,0,0,21.39
2024-03-12,SKU_1,WH_3,SUP_9,South,351.0,1845.0,6.0,314,0,6.06,8.41,0,0,269.27342617238975
2024-03-13,SKU_1,WH_3,SUP_9,North,28.0,341.0,6.0,314,0,6.06,8.41,0,0,30.82
2024-03-14,SKU_1,WH_3,SUP_9,North,,311.0,6.0,314,0,6.06,8.41,0,0,33.54
2024-03-15,SKU_1,WH_3,SUP_9,West,35.0,495.0,,314,219,6.06,8.41,0,0,33.52
2024-03-16,SKU_1,WH_3,SUP_9,East,-37.0,-458.0,6.0,314,0,-6.06,-8.41,1,0,-35.29
2024-03-17,SKU_1,WH_3,SUP_9,South,26.0,432.0,6.0,314,0,6.06,8.41,0,0,25.45
2024-03-18,SKU_1,WH_3,SUP_9,East,27.0,405.0,6.0,314,0,6.06,8.41,0,0,26.61
2024-03-19,SKU_1,WH_3,SUP_9,West,28.0,377.0,6.0,314,0,6.06,8.41,0,0,34.33
2024-03-20,SKU_1,WH_3,SUP_9,,30.0,347.0,6.0,314,0,6.06,8.41,0,0,28.26
2024-03-21,SKU_1,WH_3,SUP_9,East,33.0,314.0,6.0,314,0,6.06,8.41,0,0,35.37
2024-03-22,SKU_1,WH_3,SUP_9,East,33.0,539.0,6.0,314,258,6.06,8.41,0,0,30.25
2024-03-23,SKU_1,WH_3,SUP_9,South,24.0,515.0,,314,0,6.06,8.41,0,0,
2024-03-24,SKU_1,WH_3,SUP_9,West,41.0,474.0,6.0,314,0,6.06,8.41,1,0,45.33
2024-03-25,SKU_1,WH_3,SUP_9,South,30.0,444.0,6.0,314,0,6.06,8.41,0,0,
2024-03-26,SKU_1,WH_3,SUP_9,South,,405.0,6.0,314,0,6.06,8.41,0,0,38.35
2024-03-27,SKU_1,WH_3,SUP_9,North,,382.0,6.0,314,0,6.06,8.41,0,0,24.06
2024-03-28,SKU_1,WH_3,SUP_9,West,34.0,348.0,6.0,314,0,6.06,8.41,0,0,33.53
2024-03-29,SKU_1,WH_3,SUP_9,South,40.0,308.0,6.0,314,0,6.06,8.41,0,0,44.26
2024-03-30,SKU_1,WH_3,SUP_9,North,32.0,699.0,6.0,314,423,6.06,8.41,0,0,35.09
2024-03-31,SKU_1,WH_3,SUP_9,South,24.0,675.0,6.0,314,0,6.06,8.41,0,0,26.67
2024-04-01,SKU_1,WH_3,SUP_9,West,30.0,645.0,6.0,314,0,6.06,8.41,0,0,25.41
2024-04-02,SKU_1,WH_3,SUP_9,West,24.0,621.0,6.0,314,0,6.06,8.41,0,0,26.1
2024-04-03,SKU_1,WH_3,SUP_9,East,29.0,,6.0,314,0,6.06,8.41,0,0,32.92
2024-04-04,SKU_1,WH_3,SUP_9,West,31.0,561.0,6.0,314,0,6.06,8.41,0,0,29.38
2024-04-05,SKU_1,WH_3,SUP_9,South,,532.0,6.0,314,0,6.06,8.41,0,0,
2024-04-06,SKU_1,WH_3,SUP_9,North,28.0,504.0,6.0,314,0,6.06,8.41,0,0,29.47
2024-04-07,SKU_1,WH_3,SUP_9,North,31.0,473.0,6.0,314,0,6.06,8.41,0,0,32.41
2024-04-08,SKU_1,WH_3,SUP_9,North,28.0,445.0,6.0,314,0,6.06,8.41,0,0,30.2
2024-04-09,SKU_1,WH_3,SUP_9,West,26.0,419.0,6.0,314,0,6.06,8.41,0,0,26.83
2024-04-10,SKU_1,WH_3,SUP_9,West,26.0,393.0,6.0,314,0,6.06,8.41,0,0,26.38
2024-04-11,SKU_1,WH_3,SUP_9,East,32.0,361.0,6.0,314,0,6.06,8.41,0,0,35.13
2024-04-12,SKU_1,WH_3,SUP_9,West,31.0,330.0,6.0,314,0,6.06,8.41,1,0,30.27
2024-04-13,SKU_1,WH_3,SUP_9,South,28.0,302.0,6.0,314,0,6.06,8.41,0,0,31.3
2024-04-14,SKU_1,WH_3,SUP_9,East,23.0,644.0,6.0,314,365,6.06,8.41,0,0,25.08
2024-04-15,SKU_1,WH_3,SUP_9,West,36.0,608.0,6.0,314,0,6.06,8.41,0,0,37.89
2024-04-16,SKU_1,WH_3,SUP_9,East,28.0,580.0,6.0,314,0,6.06,8.41,0,0,28.01
2024-04-17,SKU_1,WH_3,SUP_9,North,30.0,550.0,6.0,314,0,6.06,8.41,0,0,33.14
2024-04-18,SKU_1,WH_3,SUP_9,South,36.0,514.0,6.0,314,0,6.06,8.41,0,0,38.4
2024-04-19,SKU_1,WH_3,SUP_9,East,22.0,492.0,6.0,314,0,6.06,8.41,0,0,20.34
2024-04-20,SKU_1,WH_3,SUP_9,West,21.0,471.0,6.0,314,0,6.06,8.41,0,0,16.8
2024-04-21,SKU_1,WH_3,SUP_9,North,32.0,439.0,6.0,314,0,6.06,8.41,0,0,34.66
2024-04-22,SKU_1,WH_3,SUP_9,West,33.0,,6.0,314,0,6.06,8.41,0,0,31.94
2024-04-23,SKU_1,WH_3,SUP_9,North,37.0,369.0,6.0,314,0,6.06,8.41,1,0,33.17
2024-04-24,SKU_1,WH_3,SUP_9,East,37.0,332.0,6.0,314,0,6.06,8.41,0,0,38.06
2024-04-25,SKU_1,WH_3,SUP_9,South,31.0,301.0,6.0,314,0,6.06,8.41,0,0,28.36
2024-04-26,SKU_1,WH_3,SUP_9,North,32.0,580.0,6.0,314,311,6.06,8.41,0,0,31.8
2024-04-27,SKU_1,WH_3,SUP_9,South,33.0,547.0,6.0,314,0,6.06,8.41,0,0,34.5
2024-04-28,SKU_1,WH_3,SUP_9,South,30.0,517.0,6.0,314,0,6.06,8.41,0,0,32.15
2024-04-29,SKU_1,WH_3,SUP_9,South,30.0,487.0,6.0,314,0,6.06,8.41,0,0,26.55
2024-04-30,SKU_1,WH_3,SUP_9,West,29.0,458.0,6.0,314,0,6.06,8.41,0,0,28.1
2024-05-01,SKU_1,WH_3,SUP_9,West,24.0,434.0,6.0,314,0,6.06,8.41,0,0,23.55
2024-05-02,SKU_1,WH_3,SUP_9,East,32.0,402.0,6.0,314,0,6.06,8.41,0,0,28.77
2024-05-03,SKU_1,WH_3,SUP_9,West,31.0,371.0,6.0,314,0,6.06,8.41,0,0,28.59
2024-05-04,SKU_1,WH_3,SUP_9,North,27.0,344.0,6.0,314,0,6.06,8.41,0,0,26.05
2024-05-05,SKU_1,WH_3,SUP_9,West,29.0,315.0,6.0,314,0,6.06,8.41,0,0,29.22
2024-05-06,SKU_1,WH_3,SUP_9,West,32.0,283.0,6.0,314,0,6.06,8.41,1,0,32.99
2024-05-07,SKU_1,WH_3,SUP_9,West,,,6.0,314,270,6.06,8.41,0,0,24.76
2024-05-08,SKU_1,WH_3,SUP_9,West,24.0,502.0,6.0,314,0,6.06,8.41,0,0,23.89
2024-05-09,SKU_1,WH_3,SUP_9,East,26.0,476.0,6.0,314,0,6.06,8.41,0,0,25.28
2024-05-10,SKU_1,WH_3,SUP_9,North,39.0,437.0,6.0,314,0,6.06,8.41,1,0,35.35
2024-05-11,SKU_1,WH_3,SUP_9,,25.0,412.0,6.0,314,0,6.06,8.41,0,0,23.26
2024-05-12,SKU_1,WH_3,SUP_9,,31.0,381.0,6.0,314,0,6.06,8.41,0,0,35.5
2024-05-13,SKU_1,WH_3,SUP_9,South,28.0,353.0,6.0,314,0,6.06,8.41,0,0,
2024-05-14,SKU_1,WH_3,SUP_9,East,26.0,327.0,6.0,314,0,6.06,8.41,0,0,29.11
2024-05-15,SKU_1,WH_3,SUP_9,North,21.0,306.0,6.0,314,0,6.06,8.41,0,0,14.03
2024-05-16,SKU_1,WH_3,SUP_9,East,28.0,583.0,6.0,314,305,6.06,8.41,0,0,28.06
2024-05-17,SKU_1,WH_3,SUP_9,West,27.0,556.0,6.0,314,0,6.06,8.41,0,0,23.88
2024-05-18,SKU_1,WH_3,SUP_9,South,20.0,536.0,6.0,314,0,6.06,8.41,0,0,18.5
2024-05-19,SKU_1,WH_3,SUP_9,South,30.0,506.0,6.0,314,0,6.06,8.41,0,0,35.87
2024-05-20,SKU_1,WH_3,SUP_9,South,31.0,475.0,6.0,314,0,6.06,8.41,0,0,29.9
2024-05-21,SKU_1,WH_3,SUP_9,West,22.0,453.0,6.0,314,0,6.06,8.41,0,0,27.07
2024-05-22,SKU_1,WH_3,SUP_9,North,27.0,426.0,6.0,314,0,6.06,8.41,0,0,23.23
2024-05-23,SKU_1,WH_3,SUP_9,West,24.0,402.0,6.0,314,0,6.06,8.41,0,0,27.01
2024-05-24,SKU_1,WH_3,SUP_9,South,,369.0,6.0,314,0,6.06,8.41,0,0,29.5
2024-05-25,SKU_1,WH_3,SUP_9,East,24.0,345.0,6.0,314,0,6.06,8.41,0,0,24.69
2024-05-26,SKU_1,WH_3,SUP_9,,27.0,318.0,6.0,314,0,6.06,8.41,0,0,25.71
2024-05-27,SKU_1,WH_3,SUP_9,South,33.0,285.0,6.0,314,0,6.06,8.41,0,0,39.11
2024-05-28,SKU_1,WH_3,SUP_9,East,31.0,709.0,6.0,314,455,6.06,8.41,0,0,29.46
2024-05-29,SKU_1,WH_3,SUP_9,North,27.0,682.0,6.0,314,0,6.06,8.41,0,0,31.89
2024-05-30,SKU_1,WH_3,SUP_9,South,,663.0,6.0,314,0,6.06,8.41,0,0,21.04
2024-05-31,SKU_1,WH_3,SUP_9,West,37.0,626.0,6.0,314,0,6.06,8.41,0,0,38.87
2024-06-01,SKU_1,WH_3,SUP_9,West,26.0,600.0,6.0,314,0,6.06,8.41,0,0,27.13
2024-06-02,SKU_1,WH_3,SUP_9,North,20.0,580.0,6.0,314,0,6.06,8.41,0,0,17.37
2024-06-03,SKU_1,WH_3,SUP_9,South,24.0,556.0,6.0,314,0,6.06,8.41,0,0,21.27
2024-06-04,SKU_1,WH_3,SUP_9,East,32.0,524.0,6.0,314,0,6.06,8.41,1,0,33.72
2024-06-05,SKU_1,WH_3,SUP_9,North,23.0,,6.0,314,0,6.06,8.41,0,0,25.67
2024-06-06,SKU_1,WH_3,SUP_9,South,28.0,473.0,6.0,314,0,6.06,8.41,0,0,32.56
2024-06-07,SKU_1,WH_3,SUP_9,South,21.0,452.0,6.0,314,0,6.06,8.41,0,0,25.17
2024-06-08,SKU_1,WH_3,SUP_9,West,29.0,423.0,6.0,314,0,6.06,8.41,0,0,31.25
2024-06-09,SKU_1,WH_3,SUP_9,North,35.0,388.0,6.0,314,0,6.06,8.41,0,0,35.66
2024-06-10,SKU_1,WH_3,SUP_9,West,21.0,367.0,6.0,314,0,6.06,8.41,0,0,21.94
2024-06-11,SKU_1,WH_3,SUP_9,South,12.0,355.0,6.0,314,0,6.06,8.41,0,0,17.17
2024-06-12,SKU_1,WH_3,SUP_9,West,33.0,322.0,6.0,314,0,6.06,8.41,1,0,35.27
2024-06-13,SKU_1,WH_3,SUP_9,West,24.0,298.0,6.0,314,0,6.06,8.41,0,0,21.32
2024-06-14,SKU_1,WH_3,SUP_9,South,35.0,504.0,6.0,314,241,6.06,8.41,1,0,39.67
2024-06-15,SKU_1,WH_3,SUP_9,North,32.0,472.0,6.0,314,0,6.06,8.41,0,0,34.59
2024-06-16,SKU_1,WH_3,SUP_9,East,-25.0,-447.0,6.0,314,0,-6.06,-8.41,0,0,-30.55
2024-06-17,SKU_1,WH_3,SUP_9,North,19.0,428.0,6.0,314,0,6.06,8.41,1,0,15.83
2024-06-18,SKU_1,WH_3,SUP_9,East,29.0,399.0,6.0,314,0,6.06,8.41,0,0,29.41
2024-06-19,SKU_1,WH_3,SUP_9,,16.0,383.0,6.0,314,0,6.06,8.41,0,0,12.3
2024-06-20,SKU_1,WH_3,SUP_9,North,21.0,362.0,6.0,314,0,6.06,8.41,0,0,21.64
2024-06-21,SKU_1,WH_3,SUP_9,South,18.0,344.0,6.0,314,0,6.06,8.41,0,0,15.25
2024-06-22,SKU_1,WH_3,SUP_9,South,261.0,945.0,6.0,314,0,6.06,8.41,1,0,263.83253581657374
2024-06-23,SKU_1,WH_3,SUP_9,South,23.0,292.0,6.0,314,0,6.06,8.41,1,0,16.93
2024-06-24,SKU_1,WH_3,SUP_9,South,25.0,549.0,6.0,314,282,6.06,8.41,0,0,29.42
2024-06-25,SKU_1,WH_3,SUP_9,West,18.0,531.0,6.0,314,0,6.06,8.41,0,0,15.54
2024-06-26,SKU_1,WH_3,SUP_9,East,,506.0,6.0,314,0,6.06,8.41,0,0,23.6
2024-06-27,SKU_1,WH_3,SUP_9,South,26.0,480.0,6.0,314,0,6.06,8.41,1,0,28.1
2024-06-28,SKU_1,WH_3,SUP_9,South,14.0,466.0,6.0,314,0,6.06,8.41,0,0,
2024-06-29,SKU_1,WH_3,SUP_9,West,21.0,445.0,6.0,314,0,6.06,8.41,0,0,23.18
2024-06-30,SKU_1,WH_3,SUP_9,South,15.0,430.0,6.0,314,0,6.06,8.41,0,0,
2024-07-01,SKU_1,WH_3,SUP_9,West,26.0,404.0,6.0,314,0,6.06,8.41,0,0,N/A
2024-07-02,SKU_1,WH_3,SUP_9,North,14.0,390.0,6.0,314,0,6.06,8.41,0,0,16.77
2024-07-03,SKU_1,WH_3,SUP_9,West,160.0,1110.0,6.0,314,0,6.06,8.41,0,0,115.40541455062828
2024-07-04,SKU_1,WH_3,SUP_9,North,21.0,349.0,6.0,314,0,6.06,8.41,0,0,19.29
2024-07-05,SKU_1,WH_3,SUP_9,South,20.0,329.0,6.0,314,0,6.06,8.41,0,0,20.39
2024-07-06,SKU_1,WH_3,SUP_9,North,13.0,316.0,6.0,314,0,6.06,8.41,0,0,12.28
2024-07-07,SKU_1,WH_3,SUP_9,West,16.0,300.0,6.0,314,0,6.06,8.41,0,0,15.61
2024-07-08,SKU_1,WH_3,SUP_9,South,21.0,705.0,6.0,314,426,6.06,8.41,0,0,21.6
2024-07-09,SKU_1,WH_3,SUP_9,South,14.0,691.0,6.0,314,0,6.06,8.41,0,0,18.98
2024-07-10,SKU_1,WH_3,SUP_9,North,17.0,674.0,6.0,314,0,6.06,8.41,0,0,17.28
2024-07-11,SKU_1,WH_3,SUP_9,South,14.0,660.0,6.0,314,0,6.06,8.41,0,0,13.25
2024-07-12,SKU_1,WH_3,SUP_9,North,18.0,642.0,6.0,314,0,6.06,8.41,0,0,15.96
2024-07-13,SKU_1,WH_3,SUP_9,West,22.0,620.0,6.0,314,0,6.06,8.41,0,0,22.95
2024-07-14,SKU_1,WH_3,SUP_9,East,18.0,602.0,6.0,314,0,6.06,8.41,0,0,14.27
2024-07-15,SKU_1,WH_3,SUP_9,South,15.0,587.0,6.0,314,0,6.06,8.41,0,0,10.42
2024-07-16,SKU_1,WH_3,SUP_9,East,17.0,570.0,6.0,314,0,6.06,8.41,0,0,18.35
2024-07-17,SKU_1,WH_3,SUP_9,North,9.0,561.0,6.0,314,0,6.06,8.41,0,0,9.38
2024-07-18,SKU_1,WH_3,SUP_9,South,19.0,542.0,6.0,314,0,6.06,8.41,0,0,14.36
2024-07-19,SKU_1,WH_3,SUP_9,East,15.0,527.0,6.0,314,0,6.06,8.41,0,0,15.44
2024-07-20,SKU_1,WH_3,SUP_9,,22.0,505.0,6.0,314,0,6.06,8.41,0,0,20.44
2024-07-21,SKU_1,WH_3,SUP_9,West,17.0,488.0,,314,0,6.06,8.41,0,0,16.13
2024-07-22,SKU_1,WH_3,SUP_9,East,14.0,474.0,6.0,314,0,6.06,8.41,0,0,15.66
2024-07-23,SKU_1,WH_3,SUP_9,North,23.0,451.0,,314,0,6.06,8.41,0,0,24.31
2024-07-24,SKU_1,WH_3,SUP_9,South,18.0,433.0,6.0,314,0,6.06,8.41,0,0,17.44
2024-07-25,SKU_1,WH_3,SUP_9,South,15.0,418.0,6.0,314,0,6.06,8.41,0,0,12.72
2024-07-26,SKU_1,WH_3,SUP_9,South,3.0,415.0,6.0,314,0,6.06,8.41,0,0,1.03
2024-07-27,SKU_1,WH_3,SUP_9,North,7.0,408.0,6.0,314,0,6.06,8.41,0,0,10.27
2024-07-28,SKU_1,WH_3,SUP_9,East,14.0,394.0,6.0,314,0,6.06,8.41,0,0,11.88
2024-07-29,SKU_1,WH_3,SUP_9,West,20.0,374.0,6.0,314,0,6.06,8.41,0,0,24.04
2024-07-30,SKU_1,WH_3,SUP_9,West,200.0,2124.0,6.0,314,0,6.06,8.41,0,0,164.57697406335237
2024-07-31,SKU_1,WH_3,SUP_9,South,-19.0,-335.0,6.0,314,0,-6.06,-8.41,0,0,-18.58
2024-08-01,SKU_1,WH_3,SUP_9,South,9.0,326.0,6.0,314,0,6.06,8.41,0,0,3.64
2024-08-02,SKU_1,WH_3,SUP_9,South,10.0,316.0,6.0,314,0,6.06,8.41,0,0,7.88
2024-08-03,SKU_1,WH_3,SUP_9,South,16.0,300.0,6.0,314,0,6.06,8.41,0,0,15.0
2024-08-04,SKU_1,WH_3,SUP_9,East,14.0,679.0,6.0,314,393,6.06,8.41,0,0,9.45
2024-08-05,SKU_1,WH_3,SUP_9,South,9.0,670.0,6.0,314,0,6.06,8.41,0,0,5.66
2024-08-06,SKU_1,WH_3,SUP_9,,20.0,650.0,6.0,314,0,6.06,8.41,0,0,24.29
2024-08-07,SKU_1,WH_3,SUP_9,North,12.0,638.0,6.0,314,0,6.06,8.41,0,0,11.73
2024-08-08,SKU_1,WH_3,SUP_9,North,17.0,621.0,6.0,314,0,6.06,8.41,0,0,18.66
2024-08-09,SKU_1,WH_3,SUP_9,North,11.0,610.0,6.0,314,0,6.06,8.41,0,0,10.2
2024-08-10,SKU_1,WH_3,SUP_9,West,20.0,590.0,6.0,314,0,6.06,8.41,1,0,18.58
2024-08-11,SKU_1,WH_3,SUP_9,South,15.0,575.0,6.0,314,0,6.06,8.41,0,0,14.16
2024-08-12,SKU_1,WH_3,SUP_9,North,,563.0,6.0,314,0,6.06,8.41,0,0,13.26
2024-08-13,SKU_1,WH_3,SUP_9,East,14.0,549.0,6.0,314,0,6.06,8.41,0,0,14.91
2024-08-14,SKU_1,WH_3,SUP_9,East,24.0,525.0,6.0,314,0,6.06,8.41,1,0,22.58
2024-08-15,SKU_1,WH_3,SUP_9,South,12.0,513.0,6.0,314,0,6.06,8.41,0,0,7.91
2024-08-16,SKU_1,WH_3,SUP_9,East,6.0,507.0,6.0,314,0,6.06,8.41,0,0,7.72
2024-08-17,SKU_1,WH_3,SUP_9,East,13.0,494.0,6.0,314,0,6.06,8.41,0,0,9.83
2024-08-18,SKU_1,WH_3,SUP_9,North,8.0,486.0,6.0,314,0,6.06,8.41,0,0,7.33
2024-08-19,SKU_1,WH_3,SUP_9,South,10.0,476.0,6.0,314,0,6.06,8.41,0,0,7.14
2024-08-20,SKU_1,WH_3,SUP_9,West,14.0,462.0,6.0,314,0,6.06,8.41,0,0,12.93
2024-08-21,SKU_1,WH_3,SUP_9,East,11.0,451.0,6.0,314,0,6.06,8.41,0,0,10.92
2024-08-22,SKU_1,WH_3,SUP_9,West,11.0,440.0,6.0,314,0,6.06,8.41,0,0,11.09
2024-08-23,SKU_1,WH_3,SUP_9,West,16.0,424.0,6.0,314,0,6.06,8.41,0,0,12.85
2024-08-24,SKU_1,WH_3,SUP_9,East,12.0,412.0,6.0,314,0,6.06,8.41,0,0,13.33
2024-08-25,SKU_1,WH_3,SUP_9,East,19.0,393.0,6.0,314,0,6.06,8.41,0,0,20.23
2024-08-26,SKU_1,WH_3,SUP_9,West,8.0,385.0,6.0,314,0,6.06,8.41,0,0,8.21
2024-08-27,SKU_1,WH_3,SUP_9,North,45.0,1128.0,,314,0,6.06,8.41,0,0,33.07885162018389
2024-08-28,SKU_1,WH_3,SUP_9,North,10.0,366.0,6.0,314,0,6.06,8.41,0,0,7.31
2024-08-29,SKU_1,WH_3,SUP_9,South,6.0,360.0,6.0,314,0,6.06,8.41,0,0,3.08
2024-08-30,SKU_1,WH_3,SUP_9,North,11.0,349.0,6.0,314,0,6.06,8.41,0,0,9.03
2024-08-31,SKU_1,WH_3,SUP_9,West,20.0,329.0,6.0,314,0,6.06,8.41,0,0,19.53
2024-09-01,SKU_1,WH_3,SUP_9,East,17.0,312.0,6.0,314,0,6.06,8.41,0,0,17.94
2024-09-02,SKU_1,WH_3,SUP_9,South,24.0,651.0,6.0,314,363,6.06,8.41,1,0,25.03
2024-09-03,SKU_1,WH_3,SUP_9,West,9.0,642.0,6.0,314,0,6.06,8.41,0,0,9.47
2024-09-04,SKU_1,WH_3,SUP_9,East,16.0,626.0,6.0,314,0,6.06,8.41,0,0,
2024-09-05,SKU_1,WH_3,SUP_9,West,13.0,613.0,6.0,314,0,6.06,8.41,0,0,12.02
2024-09-06,SKU_1,WH_3,SUP_9,East,15.0,598.0,,314,0,6.06,8.41,0,0,16.02
2024-09-07,SKU_1,WH_3,SUP_9,South,15.0,,6.0,314,0,6.06,8.41,0,0,16.57
2024-09-08,SKU_1,WH_3,SUP_9,South,13.0,570.0,6.0,314,0,6.06,8.41,0,0,19.24
2024-09-09,SKU_1,WH_3,SUP_9,South,8.0,562.0,6.0,314,0,6.06,8.41,0,0,7.38
2024-09-10,SKU_1,WH_3,SUP_9,South,5.0,557.0,6.0,314,0,6.06,8.41,0,0,5.04
2024-09-11,SKU_1,WH_3,SUP_9,North,,543.0,6.0,314,0,6.06,8.41,0,0,19.49
2024-09-12,SKU_1,WH_3,SUP_9,South,2.0,541.0,6.0,314,0,6.06,8.41,0,0,0.0
2024-09-13,SKU_1,WH_3,SUP_9,South,-16.0,-525.0,6.0,314,0,-6.06,-8.41,0,0,-16.63
2024-09-14,SKU_1,WH_3,SUP_9,East,2.0,523.0,6.0,314,0,6.06,8.41,0,0,0.41
2024-09-15,SKU_1,WH_3,SUP_9,South,5.0,518.0,6.0,314,0,6.06,8.41,0,0,2.97
2024-09-16,SKU_1,WH_3,SUP_9,East,11.0,507.0,6.0,314,0,6.06,8.41,0,0,18.49
2024-09-17,SKU_1,WH_3,SUP_9,South,7.0,500.0,6.0,314,0,6.06,8.41,0,0,9.68
2024-09-18,SKU_1,WH_3,SUP_9,West,5.0,495.0,6.0,314,0,6.06,8.41,0,0,3.97
2024-09-19,SKU_1,WH_3,SUP_9,North,4.0,491.0,6.0,314,0,6.06,8.41,0,0,6.27
2024-09-20,SKU_1,WH_3,SUP_9,South,3.0,488.0,6.0,314,0,6.06,8.41,0,0,5.3
2024-09-21,SKU_1,WH_3,SUP_9,,,473.0,6.0,314,0,6.06,8.41,0,0,15.98
2024-09-22,SKU_1,WH_3,SUP_9,North,2.0,471.0,6.0,314,0,6.06,8.41,0,0,7.08
2024-09-23,SKU_1,WH_3,SUP_9,West,4.0,467.0,6.0,314,0,6.06,8.41,0,0,9.73
2024-09-24,SKU_1,WH_3,SUP_9,North,21.0,446.0,6.0,314,0,6.06,8.41,0,0,20.62
2024-09-25,SKU_1,WH_3,SUP_9,West,23.0,423.0,6.0,314,0,6.06,8.41,1,0,28.85
2024-09-26,SKU_1,WH_3,SUP_9,West,16.0,407.0,6.0,314,0,6.06,8.41,0,0,16.5
2024-09-27,SKU_1,WH_3,SUP_9,West,9.0,398.0,6.0,314,0,6.06,8.41,0,0,11.32
2024-09-28,SKU_1,WH_3,SUP_9,North,2.0,396.0,6.0,314,0,6.06,8.41,0,0,4.62
2024-09-29,SKU_1,WH_3,SUP_9,West,9.0,,6.0,314,0,6.06,8.41,0,0,9.76
2024-09-30,SKU_1,WH_3,SUP_9,East,5.0,382.0,6.0,314,0,6.06,8.41,0,0,3.87
2024-10-01,SKU_1,WH_3,SUP_9,North,5.0,377.0,6.0,314,0,6.06,8.41,0,0,N/A
2024-10-02,SKU_1,WH_3,SUP_9,North,,368.0,6.0,314,0,6.06,8.41,0,0,0.0
2024-10-03,SKU_1,WH_3,SUP_9,East,17.0,351.0,6.0,314,0,6.06,8.41,0,0,15.03
2024-10-04,SKU_1,WH_3,SUP_9,South,12.0,339.0,6.0,314,0,6.06,8.41,0,0,6.29
2024-10-05,SKU_1,WH_3,SUP_9,East,15.0,324.0,6.0,314,0,6.06,8.41,0,0,15.4
2024-10-06,SKU_1,WH_3,SUP_9,East,10.0,314.0,6.0,314,0,6.06,8.41,0,0,12.77
2024-10-07,SKU_1,WH_3,SUP_9,North,17.0,715.0,6.0,314,418,6.06,8.41,0,0,12.23
2024-10-08,SKU_1,WH_3,SUP_9,West,4.0,711.0,6.0,314,0,6.06,8.41,0,0,3.81
2024-10-09,SKU_1,WH_3,SUP_9,North,,702.0,6.0,314,0,6.06,8.41,0,0,9.82
2024-10-10,SKU_1,WH_3,SUP_9,North,0.0,702.0,6.0,314,0,6.06,8.41,0,0,N/A
2024-10-11,SKU_1,WH_3,SUP_9,South,18.0,684.0,6.0,314,0,6.06,8.41,0,0,15.16
2024-10-12,SKU_1,WH_3,SUP_9,West,5.0,679.0,6.0,314,0,6.06,8.41,0,0,9.26
2024-10-13,SKU_1,WH_3,SUP_9,North,18.0,661.0,6.0,314,0,6.06,8.41,0,0,20.11
2024-10-14,SKU_1,WH_3,SUP_9,East,8.0,653.0,6.0,314,0,6.06,8.41,0,0,
2024-10-15,SKU_1,WH_3,SUP_9,West,4.0,649.0,6.0,314,0,6.06,8.41,0,0,5.35
2024-10-16,SKU_1,WH_3,SUP_9,North,9.0,640.0,6.0,314,0,6.06,8.41,0,0,3.15
2024-10-17,SKU_1,WH_3,SUP_9,South,8.0,632.0,6.0,314,0,6.06,8.41,0,0,7.28
2024-10-18,SKU_1,WH_3,SUP_9,North,5.0,627.0,6.0,314,0,6.06,8.41,0,0,1.82
2024-10-19,SKU_1,WH_3,SUP_9,East,11.0,616.0,6.0,314,0,6.06,8.41,0,0,8.29
2024-10-20,SKU_1,WH_3,SUP_9,East,10.0,606.0,,314,0,6.06,8.41,0,0,9.51
2024-10-21,SKU_1,WH_3,SUP_9,South,20.0,586.0,6.0,314,0,6.06,8.41,0,0,19.94
2024-10-22,SKU_1,WH_3,SUP_9,,5.0,,6.0,314,0,6.06,8.41,0,0,6.28
2024-10-23,SKU_1,WH_3,SUP_9,,18.0,563.0,6.0,314,0,6.06,8.41,0,0,19.72
2024-10-24,SKU_1,WH_3,SUP_9,West,15.0,548.0,6.0,314,0,6.06,8.41,0,0,17.25
2024-10-25,SKU_1,WH_3,SUP_9,North,9.0,539.0,6.0,314,0,6.06,8.41,0,0,8.53
2024-10-26,SKU_1,WH_3,SUP_9,East,14.0,525.0,,314,0,6.06,8.41,0,0,14.56
2024-10-27,SKU_1,WH_3,SUP_9,East,14.0,511.0,6.0,314,0,6.06,8.41,0,0,13.59
2024-10-28,SKU_1,WH_3,SUP_9,North,,496.0,6.0,314,0,6.06,8.41,0,0,9.72
2024-10-29,SKU_1,WH_3,SUP_9,West,10.0,486.0,6.0,314,0,6.06,8.41,0,0,8.52
2024-10-30,SKU_1,WH_3,SUP_9,East,11.0,475.0,6.0,314,0,6.06,8.41,0,0,8.83
2024-10-31,SKU_1,WH_3,SUP_9,East,5.0,470.0,6.0,314,0,6.06,8.41,0,0,0.0
2024-11-01,SKU_1,WH_3,SUP_9,,19.0,451.0,6.0,314,0,6.06,8.41,0,0,23.44
2024-11-02,SKU_1,WH_3,SUP_9,South,12.0,439.0,6.0,314,0,6.06,8.41,0,0,
2024-11-03,SKU_1,WH_3,SUP_9,,8.0,431.0,6.0,314,0,6.06,8.41,0,0,5.7
2024-11-04,SKU_1,WH_3,SUP_9,,3.0,428.0,6.0,314,0,6.06,8.41,0,0,0.0
2024-11-05,SKU_1,WH_3,SUP_9,West,10.0,418.0,6.0,314,0,6.06,8.41,0,0,10.23
2024-11-06,SKU_1,WH_3,SUP_9,South,12.0,406.0,6.0,314,0,6.06,8.41,0,0,9.96
2024-11-07,SKU_1,WH_3,SUP_9,West,7.0,399.0,6.0,314,0,6.06,8.41,0,0,3.92
2024-11-08,SKU_1,WH_3,SUP_9,South,16.0,383.0,6.0,314,0,6.06,8.41,0,0,16.42
2024-11-09,SKU_1,WH_3,SUP_9,East,13.0,370.0,6.0,314,0,6.06,8.41,0,0,16.06
2024-11-10,SKU_1,WH_3,SUP_9,West,8.0,362.0,6.0,314,0,6.06,8.41,0,0,8.52
2024-11-11,SKU_1,WH_3,SUP_9,South,13.0,349.0,6.0,314,0,6.06,8.41,0,0,2.98
2024-11-12,SKU_1,WH_3,SUP_9,South,24.0,325.0,6.0,314,0,6.06,8.41,0,0,22.79
2024-11-13,SKU_1,WH_3,SUP_9,North,7.0,318.0,6.0,314,0,6.06,8.41,0,0,5.17
2024-11-14,SKU_1,WH_3,SUP_9,West,15.0,303.0,6.0,314,0,6.06,8.41,0,0,12.56
2024-11-15,SKU_1,WH_3,SUP_9,North,0.0,756.0,6.0,314,453,6.06,8.41,0,0,0.0
2024-11-16,SKU_1,WH_3,SUP_9,East,15.0,741.0,6.0,314,0,6.06,8.41,0,0,18.84
2024-11-17,SKU_1,WH_3,SUP_9,East,11.0,730.0,6.0,314,0,6.06,8.41,1,0,9.79
2024-11-18,SKU_1,WH_3,SUP_9,South,12.0,,6.0,314,0,6.06,8.41,0,0,11.21
2024-11-19,SKU_1,WH_3,SUP_9,??UNKNOWN??,,706.0,6.0,314,0,6.06,8.41,0,0,7.65
2024-11-20,SKU_1,WH_3,SUP_9,West,6.0,700.0,6.0,314,0,6.06,8.41,0,0,5.19
2024-11-21,SKU_1,WH_3,SUP_9,West,15.0,685.0,6.0,314,0,6.06,8.41,0,0,19.15
2024-11-22,SKU_1,WH_3,SUP_9,North,1.0,684.0,6.0,314,0,6.06,8.41,1,0,0.0
2024-11-23,SKU_1,WH_3,SUP_9,West,14.0,670.0,6.0,314,0,6.06,8.41,0,0,15.73
2024-11-24,SKU_1,WH_3,SUP_9,South,14.0,656.0,6.0,314,0,6.06,8.41,0,0,13.0
2024-11-25,SKU_1,WH_3,SUP_9,South,15.0,641.0,6.0,314,0,6.06,8.41,0,0,13.16
2024-11-26,SKU_1,WH_3,SUP_9,,15.0,626.0,6.0,314,0,6.06,8.41,0,0,18.7
2024-11-27,SKU_1,WH_3,SUP_9,East,8.0,618.0,6.0,314,0,6.06,8.41,0,0,7.37
2024-11-28,SKU_1,WH_3,SUP_9,West,17.0,601.0,6.0,314,0,6.06,8.41,0,0,12.65
2024-11-29,SKU_1,WH_3,SUP_9,West,0.0,601.0,6.0,314,0,6.06,8.41,0,0,6.16
2024-11-30,SKU_1,WH_3,SUP_9,East,14.0,587.0,6.0,314,0,6.06,8.41,0,0,9.82
2024-12-01,SKU_1,WH_3,SUP_9,North,15.0,572.0,6.0,314,0,6.06,8.41,0,0,12.8
2024-12-02,SKU_1,WH_3,SUP_9,North,15.0,557.0,6.0,314,0,6.06,8.41,1,0,12.61
2024-12-03,SKU_1,WH_3,SUP_9,North,16.0,541.0,6.0,314,0,6.06,8.41,0,0,11.99
2024-12-04,SKU_1,WH_3,SUP_9,West,20.0,521.0,,314,0,6.06,8.41,0,0,14.8
2024-12-05,SKU_1,WH_3,SUP_9,North,7.0,514.0,6.0,314,0,6.06,8.41,0,0,7.36
2024-12-06,SKU_1,WH_3,SUP_9,North,21.0,493.0,6.0,314,0,6.06,8.41,0,0,23.77
2024-12-07,SKU_1,WH_3,SUP_9,South,21.0,472.0,6.0,314,0,6.06,8.41,0,0,14.68
2024-12-08,SKU_1,WH_3,SUP_9,North,,450.0,6.0,314,0,6.06,8.41,0,0,19.81
2024-12-09,SKU_1,WH_3,SUP_9,,17.0,433.0,6.0,314,0,6.06,8.41,0,0,18.52
2024-12-10,SKU_1,WH_3,SUP_9,North,20.0,413.0,6.0,314,0,6.06,8.41,1,0,16.94
2024-12-11,SKU_1,WH_3,SUP_9,South,19.0,394.0,6.0,314,0,6.06,8.41,0,0,17.39
2024-12-12,SKU_1,WH_3,SUP_9,West,,379.0,6.0,314,0,6.06,8.41,0,0,12.74
2024-12-13,SKU_1,WH_3,SUP_9,East,12.0,367.0,6.0,314,0,6.06,8.41,0,0,8.06
2024-12-14,SKU_1,WH_3,SUP_9,South,23.0,344.0,6.0,314,0,6.06,8.41,0,0,19.65
2024-12-15,SKU_1,WH_3,SUP_9,East,14.0,330.0,6.0,314,0,6.06,8.41,0,0,9.88
2024-12-16,SKU_1,WH_3,SUP_9,East,16.0,314.0,6.0,314,0,6.06,8.41,0,0,16.12
2024-12-17,SKU_1,WH_3,SUP_9,North,15.0,685.0,6.0,314,386,6.06,8.41,0,0,19.8
2024-12-18,SKU_1,WH_3,SUP_9,,19.0,666.0,6.0,314,0,6.06,8.41,0,0,19.85
2024-12-19,SKU_1,WH_3,SUP_9,,,642.0,6.0,314,0,6.06,8.41,1,0,26.35
2024-12-20,SKU_1,WH_3,SUP_9,South,20.0,622.0,6.0,314,0,6.06,8.41,0,0,
2024-12-21,SKU_1,WH_3,SUP_9,,24.0,598.0,6.0,314,0,6.06,8.41,0,0,25.9
2024-12-22,SKU_1,WH_3,SUP_9,East,25.0,573.0,6.0,314,0,6.06,8.41,0,0,21.49
2024-12-23,SKU_1,WH_3,SUP_9,South,22.0,551.0,6.0,314,0,6.06,8.41,0,0,22.4
2024-12-24,SKU_1,WH_3,SUP_9,East,18.0,533.0,6.0,314,0,6.06,8.41,0,0,14.28
2024-12-25,SKU_1,WH_3,SUP_9,East,16.0,517.0,6.0,314,0,6.06,8.41,0,0,18.15
2024-12-26,SKU_1,WH_3,SUP_9,North,11.0,506.0,6.0,314,0,6.06,8.41,0,0,12.3
2024-12-27,SKU_1,WH_3,SUP_9,West,12.0,494.0,6.0,314,0,6.06,8.41,0,0,10.88
2024-12-28,SKU_1,WH_3,SUP_9,North,14.0,480.0,6.0,314,0,6.06,8.41,0,0,13.89
2024-12-29,SKU_1,WH_3,SUP_9,South,26.0,454.0,6.0,314,0,6.06,8.41,1,0,24.89
2024-12-30,SKU_1,WH_3,SUP_9,North,19.0,435.0,6.0,314,0,6.06,8.41,0,0,18.32
2024-01-01,SKU_1,WH_4,SUP_2,East,15.0,522.0,9.0,333,0,6.93,10.7,0,0,14.01
2024-01-02,SKU_1,WH_4,SUP_2,North,21.0,501.0,9.0,333,0,6.93,10.7,0,0,24.22
2024-01-03,SKU_1,WH_4,SUP_2,North,26.0,475.0,9.0,333,0,6.93,10.7,0,0,27.45
2024-01-04,SKU_1,WH_4,SUP_2,East,21.0,454.0,9.0,333,0,6.93,10.7,0,0,23.48
2024-01-05,SKU_1,WH_4,SUP_2,,23.0,431.0,9.0,333,0,6.93,10.7,0,0,21.3
2024-01-06,SKU_1,WH_4,SUP_2,South,31.0,400.0,9.0,333,0,6.93,10.7,0,0,34.99
2024-01-07,SKU_1,WH_4,SUP_2,East,19.0,381.0,9.0,333,0,6.93,10.7,0,0,20.2
2024-01-08,SKU_1,WH_4,SUP_2,West,,368.0,9.0,333,0,6.93,10.7,0,0,13.28
2024-01-09,SKU_1,WH_4,SUP_2,West,27.0,341.0,9.0,333,0,6.93,10.7,0,0,22.08
2024-01-10,SKU_1,WH_4,SUP_2,West,27.0,314.0,9.0,333,0,6.93,10.7,0,0,28.81
2024-01-11,SKU_1,WH_4,SUP_2,East,25.0,557.0,9.0,333,268,6.93,10.7,0,0,19.21
2024-01-12,SKU_1,WH_4,SUP_2,North,22.0,,,333,0,6.93,10.7,0,0,22.43
2024-01-13,SKU_1,WH_4,SUP_2,West,32.0,503.0,9.0,333,0,6.93,10.7,1,0,30.91
2024-01-14,SKU_1,WH_4,SUP_2,West,13.0,490.0,9.0,333,0,6.93,10.7,0,0,9.82
2024-01-15,SKU_1,WH_4,SUP_2,West,18.0,472.0,9.0,333,0,6.93,10.7,0,0,21.25
2024-01-16,SKU_1,WH_4,SUP_2,North,36.0,436.0,9.0,333,0,6.93,10.7,1,0,37.44
2024-01-17,SKU_1,WH_4,SUP_2,East,35.0,401.0,9.0,333,0,6.93,10.7,1,0,32.9
2024-01-18,SKU_1,WH_4,SUP_2,East,20.0,381.0,9.0,333,0,6.93,10.7,0,0,17.29
2024-01-19,SKU_1,WH_4,SUP_2,East,29.0,352.0,9.0,333,0,6.93,10.7,0,0,31.68
2024-01-20,SKU_1,WH_4,SUP_2,East,19.0,333.0,9.0,333,0,6.93,10.7,0,0,23.15
2024-01-21,SKU_1,WH_4,SUP_2,East,,717.0,9.0,333,413,6.93,10.7,0,0,31.29
2024-01-22,SKU_1,WH_4,SUP_2,,27.0,690.0,9.0,333,0,6.93,10.7,0,0,27.14
2024-01-23,SKU_1,WH_4,SUP_2,East,,651.0,9.0,333,0,6.93,10.7,1,0,36.92
2024-01-24,SKU_1,WH_4,SUP_2,West,26.0,625.0,9.0,333,0,6.93,10.7,0,0,23.27
2024-01-25,SKU_1,WH_4,SUP_2,,21.0,604.0,9.0,333,0,6.93,10.7,0,0,20.45
2024-01-26,SKU_1,WH_4,SUP_2,North,22.0,582.0,9.0,333,0,6.93,10.7,0,0,29.51
2024-01-27,SKU_1,WH_4,SUP_2,West,21.0,561.0,9.0,333,0,6.93,10.7,0,0,22.27
2024-01-28,SKU_1,WH_4,SUP_2,East,22.0,539.0,9.0,333,0,6.93,10.7,0,0,24.65
2024-01-29,SKU_1,WH_4,SUP_2,East,25.0,514.0,9.0,333,0,6.93,10.7,0,0,31.64
2024-01-30,SKU_1,WH_4,SUP_2,West,24.0,490.0,9.0,333,0,6.93,10.7,0,0,23.61
2024-01-31,SKU_1,WH_4,SUP_2,West,31.0,459.0,9.0,333,0,6.93,10.7,0,0,
2024-02-01,SKU_1,WH_4,SUP_2,East,29.0,430.0,9.0,333,0,6.93,10.7,0,0,26.89
2024-02-02,SKU_1,WH_4,SUP_2,West,30.0,400.0,9.0,333,0,6.93,10.7,0,0,32.62
2024-02-03,SKU_1,WH_4,SUP_2,North,32.0,368.0,9.0,333,0,6.93,10.7,0,0,35.99
not_a_date,SKU_1,WH_4,SUP_2,South,24.0,344.0,9.0,333,0,6.93,10.7,0,0,29.42
2024-02-05,SKU_1,WH_4,SUP_2,South,28.0,316.0,9.0,333,0,6.93,10.7,0,0,26.56
2024-02-06,SKU_1,WH_4,SUP_2,,28.0,674.0,9.0,333,386,6.93,10.7,0,0,
2024-02-07,SKU_1,WH_4,SUP_2,West,22.0,652.0,9.0,333,0,6.93,10.7,0,0,14.81
2024-02-08,SKU_1,WH_4,SUP_2,West,30.0,622.0,9.0,333,0,6.93,10.7,0,0,29.05
2024-02-09,SKU_1,WH_4,SUP_2,South,18.0,,9.0,333,0,6.93,10.7,0,0,20.69
2024-02-10,SKU_1,WH_4,SUP_2,,26.0,,9.0,333,0,6.93,10.7,0,0,26.56
2024-02-11,SKU_1,WH_4,SUP_2,North,31.0,547.0,9.0,333,0,6.93,10.7,0,0,35.35
2024-02-12,SKU_1,WH_4,SUP_2,West,24.0,523.0,9.0,333,0,6.93,10.7,0,0,28.06
2024-02-13,SKU_1,WH_4,SUP_2,South,33.0,490.0,,333,0,6.93,10.7,1,0,33.39
2024-02-14,SKU_1,WH_4,SUP_2,South,20.0,470.0,9.0,333,0,6.93,10.7,0,0,16.24
2024-02-15,SKU_1,WH_4,SUP_2,West,24.0,446.0,9.0,333,0,6.93,10.7,0,0,
2024-02-16,SKU_1,WH_4,SUP_2,South,26.0,420.0,9.0,333,0,6.93,10.7,0,0,25.68
2024-02-17,SKU_1,WH_4,SUP_2,North,15.0,405.0,9.0,333,0,6.93,10.7,0,0,21.4
2024-02-18,SKU_1,WH_4,SUP_2,South,30.0,,9.0,333,0,6.93,10.7,0,0,28.55
2024-02-19,SKU_1,WH_4,SUP_2,East,25.0,350.0,9.0,333,0,6.93,10.7,0,0,22.95
2024-02-20,SKU_1,WH_4,SUP_2,South,17.0,333.0,9.0,333,0,6.93,10.7,0,0,17.44
2024-02-21,SKU_1,WH_4,SUP_2,East,25.0,523.0,9.0,333,215,6.93,10.7,0,0,27.04
2024-02-22,SKU_1,WH_4,SUP_2,North,26.0,497.0,9.0,333,0,6.93,10.7,0,0,21.96
2024-02-23,SKU_1,WH_4,SUP_2,South,31.0,466.0,9.0,333,0,6.93,10.7,0,0,39.65
2024-02-24,SKU_1,WH_4,SUP_2,North,28.0,438.0,9.0,333,0,6.93,10.7,0,0,27.13
2024-02-25,SKU_1,WH_4,SUP_2,North,23.0,415.0,9.0,333,0,6.93,10.7,0,0,26.32
2024-02-26,SKU_1,WH_4,SUP_2,West,35.0,380.0,9.0,333,0,6.93,10.7,0,0,30.58
2024-02-27,SKU_1,WH_4,SUP_2,South,29.0,351.0,9.0,333,0,6.93,10.7,0,0,29.51
2024-02-28,SKU_1,WH_4,SUP_2,South,27.0,324.0,9.0,333,0,6.93,10.7,0,0,25.64
2024-02-29,SKU_1,WH_4,SUP_2,South,32.0,680.0,9.0,333,388,6.93,10.7,0,0,35.35
2024-03-01,SKU_1,WH_4,SUP_2,South,32.0,648.0,9.0,333,0,6.93,10.7,0,0,35.36
2024-03-02,SKU_1,WH_4,SUP_2,West,30.0,618.0,9.0,333,0,6.93,10.7,0,0,N/A
2024-03-03,SKU_1,WH_4,SUP_2,South,20.0,598.0,9.0,333,0,6.93,10.7,0,0,21.44
2024-03-04,SKU_1,WH_4,SUP_2,South,,568.0,9.0,333,0,6.93,10.7,0,0,28.31
2024-03-05,SKU_1,WH_4,SUP_2,West,30.0,538.0,9.0,333,0,6.93,10.7,0,0,29.64
2024-03-06,SKU_1,WH_4,SUP_2,South,34.0,504.0,9.0,333,0,6.93,10.7,0,0,32.51
2024-03-07,SKU_1,WH_4,SUP_2,South,28.0,476.0,9.0,333,0,6.93,10.7,1,0,28.48
2024-03-08,SKU_1,WH_4,SUP_2,South,25.0,451.0,9.0,333,0,6.93,10.7,0,0,20.01
2024-03-09,SKU_1,WH_4,SUP_2,North,30.0,421.0,9.0,333,0,6.93,10.7,0,0,35.07
2024-03-10,SKU_1,WH_4,SUP_2,North,36.0,,9.0,333,0,6.93,10.7,1,0,35.02
2024-03-11,SKU_1,WH_4,SUP_2,,,352.0,9.0,333,0,6.93,10.7,0,0,N/A
2024-03-12,SKU_1,WH_4,SUP_2,West,24.0,328.0,9.0,333,0,6.93,10.7,0,0,24.96
2024-03-13,SKU_1,WH_4,SUP_2,North,29.0,775.0,9.0,333,476,6.93,10.7,0,0,25.13
2024-03-14,SKU_1,WH_4,SUP_2,South,325.0,6000.0,9.0,333,0,6.93,10.7,0,0,115.22634364316471
2024-03-15,SKU_1,WH_4,SUP_2,East,28.0,722.0,,333,0,6.93,10.7,0,0,28.64
not_a_date,SKU_1,WH_4,SUP_2,,27.0,695.0,9.0,333,0,6.93,10.7,0,0,31.74
2024-03-17,SKU_1,WH_4,SUP_2,North,27.0,,9.0,333,0,6.93,10.7,0,0,24.31
2024-03-18,SKU_1,WH_4,SUP_2,North,24.0,644.0,9.0,333,0,6.93,10.7,0,0,29.28
2024-03-19,SKU_1,WH_4,SUP_2,South,25.0,619.0,9.0,333,0,6.93,10.7,0,0,25.29
2024-03-20,SKU_1,WH_4,SUP_2,East,26.0,593.0,9.0,333,0,6.93,10.7,0,0,23.53
2024-03-21,SKU_1,WH_4,SUP_2,North,,561.0,9.0,333,0,6.93,10.7,0,0,31.6
2024-03-22,SKU_1,WH_4,SUP_2,South,30.0,,9.0,333,0,6.93,10.7,0,0,33.88
2024-03-23,SKU_1,WH_4,SUP_2,East,26.0,505.0,9.0,333,0,6.93,10.7,0,0,29.52
2024-03-24,SKU_1,WH_4,SUP_2,North,26.0,479.0,9.0,333,0,6.93,10.7,0,0,32.3
2024-03-25,SKU_1,WH_4,SUP_2,South,40.0,439.0,9.0,333,0,6.93,10.7,1,0,42.59
2024-03-26,SKU_1,WH_4,SUP_2,West,40.0,,9.0,333,0,6.93,10.7,1,0,43.85
2024-03-27,SKU_1,WH_4,SUP_2,South,25.0,374.0,9.0,333,0,6.93,10.7,0,0,23.81
2024-03-28,SKU_1,WH_4,SUP_2,,missing,352.0,9.0,333,0,6.93,10.7,0,0,22.95
2024-03-29,SKU_1,WH_4,SUP_2,,,326.0,9.0,333,0,6.93,10.7,0,0,22.93
2024-03-30,SKU_1,WH_4,SUP_2,East,42.0,545.0,9.0,333,261,6.93,10.7,1,0,49.51
2024-03-31,SKU_1,WH_4,SUP_2,South,29.0,516.0,9.0,333,0,6.93,10.7,0,0,24.84
2024-04-01,SKU_1,WH_4,SUP_2,South,36.0,480.0,9.0,333,0,6.93,10.7,0,0,32.68
2024-04-02,SKU_1,WH_4,SUP_2,North,35.0,445.0,9.0,333,0,6.93,10.7,0,0,35.72
2024-04-03,SKU_1,WH_4,SUP_2,North,26.0,419.0,9.0,333,0,6.93,10.7,0,0,21.85
2024-04-04,SKU_1,WH_4,SUP_2,West,31.0,388.0,9.0,333,0,6.93,10.7,0,0,26.71
2024-04-05,SKU_1,WH_4,SUP_2,South,37.0,351.0,9.0,333,0,6.93,10.7,1,0,36.35
2024-04-06,SKU_1,WH_4,SUP_2,South,26.0,,9.0,333,0,6.93,10.7,0,0,25.05
2024-04-07,SKU_1,WH_4,SUP_2,South,42.0,631.0,9.0,333,348,6.93,10.7,1,0,39.58
2024-04-08,SKU_1,WH_4,SUP_2,South,37.0,594.0,9.0,333,0,6.93,10.7,0,0,N/A
2024-04-09,SKU_1,WH_4,SUP_2,North,33.0,561.0,9.0,333,0,6.93,10.7,0,0,28.17
2024-04-10,SKU_1,WH_4,SUP_2,South,26.0,535.0,9.0,333,0,6.93,10.7,0,0,29.58
2024-04-11,SKU_1,WH_4,SUP_2,West,38.0,497.0,9.0,333,0,6.93,10.7,0,0,43.28
not_a_date,SKU_1,WH_4,SUP_2,North,28.0,469.0,9.0,333,0,6.93,10.7,0,0,22.99
2024-04-13,SKU_1,WH_4,SUP_2,South,29.0,440.0,9.0,333,0,6.93,10.7,0,0,26.38
2024-04-14,SKU_1,WH_4,SUP_2,North,29.0,411.0,9.0,333,0,6.93,10.7,0,0,30.61
2024-04-15,SKU_1,WH_4,SUP_2,West,missing,381.0,9.0,333,0,6.93,10.7,0,0,32.47
2024-04-16,SKU_1,WH_4,SUP_2,East,26.0,,9.0,333,0,6.93,10.7,0,0,29.2
2024-04-17,SKU_1,WH_4,SUP_2,South,31.0,324.0,9.0,333,0,6.93,10.7,0,0,34.94
2024-04-18,SKU_1,WH_4,SUP_2,North,31.0,621.0,9.0,333,328,6.93,10.7,0,0,32.14
2024-04-19,SKU_1,WH_4,SUP_2,West,28.0,593.0,9.0,333,0,6.93,10.7,0,0,26.15
2024-04-20,SKU_1,WH_4,SUP_2,,36.0,,9.0,333,0,6.93,10.7,0,0,31.78
2024-04-21,SKU_1,WH_4,SUP_2,South,27.0,530.0,9.0,333,0,6.93,10.7,0,0,26.26
2024-04-22,SKU_1,WH_4,SUP_2,East,28.0,502.0,9.0,333,0,6.93,10.7,0,0,32.99
2024-04-23,SKU_1,WH_4,SUP_2,South,17.0,485.0,9.0,333,0,6.93,10.7,0,0,19.13
2024-04-24,SKU_1,WH_4,SUP_2,West,33.0,452.0,9.0,333,0,6.93,10.7,0,0,32.82
2024-04-25,SKU_1,WH_4,SUP_2,West,36.0,416.0,9.0,333,0,6.93,10.7,0,0,39.01
2024-04-26,SKU_1,WH_4,SUP_2,South,32.0,384.0,9.0,333,0,6.93,10.7,0,0,28.44
2024-04-27,SKU_1,WH_4,SUP_2,South,missing,352.0,9.0,333,0,6.93,10.7,0,0,33.3
2024-04-28,SKU_1,WH_4,SUP_2,West,33.0,319.0,9.0,333,0,6.93,10.7,0,0,35.28
2024-04-29,SKU_1,WH_4,SUP_2,South,30.0,726.0,9.0,333,437,6.93,10.7,0,0,29.47
2024-04-30,SKU_1,WH_4,SUP_2,North,30.0,696.0,9.0,333,0,6.93,10.7,0,0,33.25
2024-05-01,SKU_1,WH_4,SUP_2,South,34.0,662.0,9.0,333,0,6.93,10.7,0,0,33.74
2024-05-02,SKU_1,WH_4,SUP_2,East,35.0,627.0,9.0,333,0,6.93,10.7,0,0,31.71
2024-05-03,SKU_1,WH_4,SUP_2,North,,596.0,9.0,333,0,6.93,10.7,0,0,28.5
2024-05-04,SKU_1,WH_4,SUP_2,South,26.0,570.0,9.0,333,0,6.93,10.7,0,0,23.82
2024-05-05,SKU_1,WH_4,SUP_2,West,missing,539.0,9.0,333,0,6.93,10.7,0,0,25.37
2024-05-06,SKU_1,WH_4,SUP_2,East,29.0,510.0,9.0,333,0,6.93,10.7,1,0,32.25
2024-05-07,SKU_1,WH_4,SUP_2,South,28.0,482.0,9.0,333,0,6.93,10.7,0,0,30.31
2024-05-08,SKU_1,WH_4,SUP_2,North,30.0,452.0,9.0,333,0,6.93,10.7,0,0,31.63
2024-05-09,SKU_1,WH_4,SUP_2,South,22.0,430.0,9.0,333,0,6.93,10.7,0,0,23.04
2024-05-10,SKU_1,WH_4,SUP_2,East,28.0,402.0,9.0,333,0,6.93,10.7,0,0,30.67
2024-05-11,SKU_1,WH_4,SUP_2,West,39.0,363.0,9.0,333,0,6.93,10.7,1,0,43.34
2024-05-12,SKU_1,WH_4,SUP_2,West,25.0,338.0,9.0,333,0,6.93,10.7,0,0,24.96
2024-05-13,SKU_1,WH_4,SUP_2,North,17.0,321.0,9.0,333,0,6.93,10.7,0,0,18.07
2024-05-14,SKU_1,WH_4,SUP_2,North,24.0,788.0,,333,491,6.93,10.7,0,0,26.29
2024-05-15,SKU_1,WH_4,SUP_2,South,33.0,755.0,9.0,333,0,6.93,10.7,0,0,33.07
2024-05-16,SKU_1,WH_4,SUP_2,East,17.0,738.0,9.0,333,0,6.93,10.7,0,0,19.25
2024-05-17,SKU_1,WH_4,SUP_2,South,19.0,719.0,,333,0,6.93,10.7,0,0,16.6
2024-05-18,SKU_1,WH_4,SUP_2,West,26.0,693.0,9.0,333,0,6.93,10.7,0,0,24.36
2024-05-19,SKU_1,WH_4,SUP_2,??UNKNOWN??,23.0,670.0,9.0,333,0,6.93,10.7,0,0,23.51
2024-05-20,SKU_1,WH_4,SUP_2,North,26.0,644.0,,333,0,6.93,10.7,0,0,27.42
2024-05-21,SKU_1,WH_4,SUP_2,South,18.0,626.0,9.0,333,0,6.93,10.7,0,0,10.09
2024-05-22,SKU_1,WH_4,SUP_2,South,22.0,604.0,9.0,333,0,6.93,10.7,0,0,20.17
2024-05-23,SKU_1,WH_4,SUP_2,North,26.0,578.0,9.0,333,0,6.93,10.7,0,0,25.87
2024-05-24,SKU_1,WH_4,SUP_2,,25.0,553.0,9.0,333,0,6.93,10.7,0,0,23.26
2024-05-25,SKU_1,WH_4,SUP_2,West,24.0,529.0,9.0,333,0,6.93,10.7,0,0,21.47
2024-05-26,SKU_1,WH_4,SUP_2,South,34.0,495.0,9.0,333,0,6.93,10.7,0,0,39.53
2024-05-27,SKU_1,WH_4,SUP_2,North,30.0,465.0,9.0,333,0,6.93,10.7,0,0,30.82
2024-05-28,SKU_1,WH_4,SUP_2,West,33.0,432.0,9.0,333,0,6.93,10.7,0,0,35.41
2024-05-29,SKU_1,WH_4,SUP_2,South,19.0,413.0,,333,0,6.93,10.7,0,0,22.02
2024-05-30,SKU_1,WH_4,SUP_2,West,20.0,393.0,9.0,333,0,6.93,10.7,0,0,16.54
2024-05-31,SKU_1,WH_4,SUP_2,South,18.0,375.0,9.0,333,0,6.93,10.7,0,0,18.52
2024-06-01,SKU_1,WH_4,SUP_2,East,29.0,346.0,9.0,333,0,6.93,10.7,0,0,27.75
2024-06-02,SKU_1,WH_4,SUP_2,,,320.0,9.0,333,0,6.93,10.7,0,0,26.67
2024-06-03,SKU_1,WH_4,SUP_2,East,40.0,737.0,9.0,333,457,6.93,10.7,1,0,35.1
2024-06-04,SKU_1,WH_4,SUP_2,West,25.0,712.0,9.0,333,0,6.93,10.7,0,0,27.13
2024-06-05,SKU_1,WH_4,SUP_2,East,28.0,684.0,9.0,333,0,6.93,10.7,0,0,29.89
2024-06-06,SKU_1,WH_4,SUP_2,North,27.0,657.0,9.0,333,0,6.93,10.7,0,0,27.84
2024-06-07,SKU_1,WH_4,SUP_2,West,28.0,629.0,9.0,333,0,6.93,10.7,0,0,26.6
2024-06-08,SKU_1,WH_4,SUP_2,East,35.0,594.0,9.0,333,0,6.93,10.7,1,0,38.38
2024-06-09,SKU_1,WH_4,SUP_2,West,21.0,573.0,9.0,333,0,6.93,10.7,0,0,17.88
2024-06-10,SKU_1,WH_4,SUP_2,,21.0,552.0,9.0,333,0,6.93,10.7,0,0,21.34
2024-06-11,SKU_1,WH_4,SUP_2,East,21.0,531.0,9.0,333,0,6.93,10.7,0,0,16.19
2024-06-12,SKU_1,WH_4,SUP_2,North,21.0,510.0,9.0,333,0,6.93,10.7,0,0,19.92
2024-06-13,SKU_1,WH_4,SUP_2,South,31.0,479.0,9.0,333,0,6.93,10.7,1,0,32.31
2024-06-14,SKU_1,WH_4,SUP_2,,29.0,450.0,9.0,333,0,6.93,10.7,0,0,28.33
2024-06-15,SKU_1,WH_4,SUP_2,West,9.0,441.0,9.0,333,0,6.93,10.7,0,0,9.42
2024-06-16,SKU_1,WH_4,SUP_2,South,21.0,420.0,9.0,333,0,6.93,10.7,0,0,21.49
2024-06-17,SKU_1,WH_4,SUP_2,South,19.0,401.0,,333,0,6.93,10.7,0,0,10.32
2024-06-18,SKU_1,WH_4,SUP_2,North,21.0,380.0,9.0,333,0,6.93,10.7,0,0,21.66
2024-06-19,SKU_1,WH_4,SUP_2,East,25.0,355.0,9.0,333,0,6.93,10.7,0,0,25.6
2024-06-20,SKU_1,WH_4,SUP_2,North,25.0,330.0,9.0,333,0,6.93,10.7,0,0,27.43
2024-06-21,SKU_1,WH_4,SUP_2,East,17.0,516.0,9.0,333,203,6.93,10.7,0,0,15.07
2024-06-22,SKU_1,WH_4,SUP_2,East,27.0,489.0,,333,0,6.93,10.7,0,0,25.52
2024-06-23,SKU_1,WH_4,SUP_2,South,23.0,466.0,9.0,333,0,6.93,10.7,0,0,24.99
2024-06-24,SKU_1,WH_4,SUP_2,,,440.0,9.0,333,0,6.93,10.7,0,0,23.67
2024-06-25,SKU_1,WH_4,SUP_2,West,19.0,421.0,9.0,333,0,6.93,10.7,0,0,17.37
2024-06-26,SKU_1,WH_4,SUP_2,South,200.0,3609.0,9.0,333,0,6.93,10.7,0,0,182.47294069117441
2024-06-27,SKU_1,WH_4,SUP_2,East,16.0,385.0,9.0,333,0,6.93,10.7,0,0,17.02
2024-06-28,SKU_1,WH_4,SUP_2,East,25.0,360.0,9.0,333,0,6.93,10.7,0,0,25.62
2024-06-29,SKU_1,WH_4,SUP_2,West,25.0,335.0,9.0,333,0,6.93,10.7,0,0,23.2
2024-06-30,SKU_1,WH_4,SUP_2,South,20.0,315.0,,333,0,6.93,10.7,0,0,12.14
2024-07-01,SKU_1,WH_4,SUP_2,East,27.0,726.0,9.0,333,438,6.93,10.7,1,0,25.92
2024-07-02,SKU_1,WH_4,SUP_2,East,20.0,706.0,9.0,333,0,6.93,10.7,0,0,14.11
2024-07-03,SKU_1,WH_4,SUP_2,East,28.0,678.0,9.0,333,0,6.93,10.7,1,0,32.92
2024-07-04,SKU_1,WH_4,SUP_2,South,22.0,656.0,9.0,333,0,6.93,10.7,0,0,21.73
2024-07-05,SKU_1,WH_4,SUP_2,East,15.0,641.0,9.0,333,0,6.93,10.7,0,0,14.9
2024-07-06,SKU_1,WH_4,SUP_2,South,22.0,619.0,9.0,333,0,6.93,10.7,0,0,23.14
2024-07-07,SKU_1,WH_4,SUP_2,West,15.0,604.0,9.0,333,0,6.93,10.7,0,0,15.25
2024-07-08,SKU_1,WH_4,SUP_2,North,19.0,585.0,9.0,333,0,6.93,10.7,0,0,11.35
2024-07-09,SKU_1,WH_4,SUP_2,South,13.0,572.0,9.0,333,0,6.93,10.7,0,0,11.19
2024-07-10,SKU_1,WH_4,SUP_2,South,17.0,555.0,9.0,333,0,6.93,10.7,0,0,14.99
2024-07-11,SKU_1,WH_4,SUP_2,North,18.0,537.0,9.0,333,0,6.93,10.7,0,0,18.92
2024-07-12,SKU_1,WH_4,SUP_2,East,9.0,528.0,9.0,333,0,6.93,10.7,0,0,8.01
2024-07-13,SKU_1,WH_4,SUP_2,North,16.0,512.0,9.0,333,0,6.93,10.7,1,0,18.95
2024-07-14,SKU_1,WH_4,SUP_2,East,21.0,491.0,9.0,333,0,6.93,10.7,0,0,20.6
2024-07-15,SKU_1,WH_4,SUP_2,North,19.0,472.0,9.0,333,0,6.93,10.7,0,0,
2024-07-16,SKU_1,WH_4,SUP_2,East,21.0,451.0,9.0,333,0,6.93,10.7,0,0,21.06
2024-07-17,SKU_1,WH_4,SUP_2,West,20.0,431.0,9.0,333,0,6.93,10.7,0,0,20.55
2024-07-18,SKU_1,WH_4,SUP_2,North,22.0,409.0,9.0,333,0,6.93,10.7,1,0,20.1
2024-07-19,SKU_1,WH_4,SUP_2,South,23.0,386.0,9.0,333,0,6.93,10.7,1,0,19.73
2024-07-20,SKU_1,WH_4,SUP_2,North,24.0,362.0,9.0,333,0,6.93,10.7,1,0,26.57
2024-07-21,SKU_1,WH_4,SUP_2,East,12.0,350.0,9.0,333,0,6.93,10.7,0,0,12.45
2024-07-22,SKU_1,WH_4,SUP_2,West,13.0,337.0,9.0,333,0,6.93,10.7,0,0,12.45
2024-07-23,SKU_1,WH_4,SUP_2,East,14.0,323.0,9.0,333,0,6.93,10.7,0,0,12.39
2024-07-24,SKU_1,WH_4,SUP_2,North,8.0,601.0,9.0,333,286,6.93,10.7,0,0,6.05
2024-07-25,SKU_1,WH_4,SUP_2,North,16.0,585.0,9.0,333,0,6.93,10.7,0,0,17.68
2024-07-26,SKU_1,WH_4,SUP_2,East,25.0,,9.0,333,0,6.93,10.7,0,0,26.05
2024-07-27,SKU_1,WH_4,SUP_2,West,25.0,535.0,9.0,333,0,6.93,10.7,0,0,31.84
2024-07-28,SKU_1,WH_4,SUP_2,West,15.0,520.0,9.0,333,0,6.93,10.7,0,0,14.56
2024-07-29,SKU_1,WH_4,SUP_2,West,16.0,504.0,9.0,333,0,6.93,10.7,0,0,16.03
2024-07-30,SKU_1,WH_4,SUP_2,East,16.0,488.0,9.0,333,0,6.93,10.7,0,0,17.04
2024-07-31,SKU_1,WH_4,SUP_2,East,10.0,478.0,9.0,333,0,6.93,10.7,0,0,4.27
2024-08-01,SKU_1,WH_4,SUP_2,East,135.0,1852.0,9.0,333,0,6.93,10.7,0,0,36.34892446833147
2024-08-02,SKU_1,WH_4,SUP_2,North,11.0,452.0,9.0,333,0,6.93,10.7,0,0,13.1
2024-08-03,SKU_1,WH_4,SUP_2,West,11.0,441.0,9.0,333,0,6.93,10.7,0,0,9.76
2024-08-04,SKU_1,WH_4,SUP_2,South,0.0,441.0,9.0,333,0,6.93,10.7,0,0,
2024-08-05,SKU_1,WH_4,SUP_2,North,19.0,422.0,9.0,333,0,6.93,10.7,0,0,22.91
2024-08-06,SKU_1,WH_4,SUP_2,South,15.0,,,333,0,6.93,10.7,0,0,18.11
2024-08-07,SKU_1,WH_4,SUP_2,East,9.0,398.0,9.0,333,0,6.93,10.7,0,0,8.11
2024-08-08,SKU_1,WH_4,SUP_2,East,11.0,387.0,9.0,333,0,6.93,10.7,0,0,12.64
2024-08-09,SKU_1,WH_4,SUP_2,South,17.0,370.0,9.0,333,0,6.93,10.7,0,0,
2024-08-10,SKU_1,WH_4,SUP_2,West,,357.0,9.0,333,0,6.93,10.7,0,0,14.48
2024-08-11,SKU_1,WH_4,SUP_2,West,10.0,347.0,9.0,333,0,6.93,10.7,0,0,7.71
2024-08-12,SKU_1,WH_4,SUP_2,North,5.0,342.0,9.0,333,0,6.93,10.7,0,0,1.34
2024-08-13,SKU_1,WH_4,SUP_2,South,13.0,329.0,9.0,333,0,6.93,10.7,0,0,13.5
2024-08-14,SKU_1,WH_4,SUP_2,East,12.0,590.0,9.0,333,273,6.93,10.7,0,0,
2024-08-15,SKU_1,WH_4,SUP_2,West,18.0,572.0,9.0,333,0,6.93,10.7,0,0,20.92
2024-08-16,SKU_1,WH_4,SUP_2,South,11.0,561.0,9.0,333,0,6.93,10.7,0,0,10.99
2024-08-17,SKU_1,WH_4,SUP_2,West,8.0,553.0,9.0,333,0,6.93,10.7,0,0,10.05
2024-08-18,SKU_1,WH_4,SUP_2,West,10.0,543.0,9.0,333,0,6.93,10.7,0,0,13.8
2024-08-19,SKU_1,WH_4,SUP_2,West,18.0,525.0,9.0,333,0,6.93,10.7,0,0,13.42
2024-08-20,SKU_1,WH_4,SUP_2,West,13.0,512.0,9.0,333,0,6.93,10.7,0,0,11.54
2024-08-21,SKU_1,WH_4,SUP_2,East,20.0,492.0,9.0,333,0,6.93,10.7,0,0,17.84
2024-08-22,SKU_1,WH_4,SUP_2,West,11.0,481.0,9.0,333,0,6.93,10.7,0,0,14.06
2024-08-23,SKU_1,WH_4,SUP_2,East,11.0,470.0,9.0,333,0,6.93,10.7,0,0,9.61
2024-08-24,SKU_1,WH_4,SUP_2,South,7.0,463.0,9.0,333,0,6.93,10.7,0,0,6.57
2024-08-25,SKU_1,WH_4,SUP_2,West,18.0,445.0,9.0,333,0,6.93,10.7,0,0,14.86
2024-08-26,SKU_1,WH_4,SUP_2,West,8.0,437.0,9.0,333,0,6.93,10.7,0,0,10.13
2024-08-27,SKU_1,WH_4,SUP_2,East,7.0,430.0,,333,0,6.93,10.7,0,0,10.11
2024-08-28,SKU_1,WH_4,SUP_2,South,17.0,413.0,9.0,333,0,6.93,10.7,0,0,24.5
2024-08-29,SKU_1,WH_4,SUP_2,North,13.0,400.0,9.0,333,0,6.93,10.7,0,0,N/A
2024-08-30,SKU_1,WH_4,SUP_2,South,12.0,388.0,9.0,333,0,6.93,10.7,0,0,6.87
2024-08-31,SKU_1,WH_4,SUP_2,South,21.0,367.0,9.0,333,0,6.93,10.7,0,0,24.08
2024-09-01,SKU_1,WH_4,SUP_2,North,10.0,,9.0,333,0,6.93,10.7,0,0,8.67
2024-09-02,SKU_1,WH_4,SUP_2,North,11.0,346.0,9.0,333,0,6.93,10.7,0,0,6.97
2024-09-03,SKU_1,WH_4,SUP_2,East,20.0,326.0,9.0,333,0,6.93,10.7,0,0,14.19
2024-09-04,SKU_1,WH_4,SUP_2,South,15.0,601.0,9.0,333,290,6.93,10.7,1,0,17.15
2024-09-05,SKU_1,WH_4,SUP_2,North,13.0,588.0,9.0,333,0,6.93,10.7,0,0,15.04
2024-09-06,SKU_1,WH_4,SUP_2,North,10.0,578.0,9.0,333,0,6.93,10.7,0,0,8.3
2024-09-07,SKU_1,WH_4,SUP_2,East,19.0,559.0,9.0,333,0,6.93,10.7,0,0,11.52
2024-09-08,SKU_1,WH_4,SUP_2,East,1.0,558.0,9.0,333,0,6.93,10.7,0,0,0.98
2024-09-09,SKU_1,WH_4,SUP_2,North,15.0,543.0,9.0,333,0,6.93,10.7,0,0,16.94
2024-09-10,SKU_1,WH_4,SUP_2,South,104.0,4280.0,9.0,333,0,6.93,10.7,0,0,54.887964645932016
2024-09-11,SKU_1,WH_4,SUP_2,East,5.0,530.0,9.0,333,0,6.93,10.7,0,0,4.76
2024-09-12,SKU_1,WH_4,SUP_2,North,12.0,518.0,9.0,333,0,6.93,10.7,0,0,10.25
2024-09-13,SKU_1,WH_4,SUP_2,North,7.0,511.0,9.0,333,0,6.93,10.7,0,0,5.79
2024-09-14,SKU_1,WH_4,SUP_2,North,16.0,495.0,9.0,333,0,6.93,10.7,0,0,14.76
2024-09-15,SKU_1,WH_4,SUP_2,North,7.0,488.0,9.0,333,0,6.93,10.7,0,0,8.02
2024-09-16,SKU_1,WH_4,SUP_2,East,11.0,477.0,9.0,333,0,6.93,10.7,1,0,11.73
2024-09-17,SKU_1,WH_4,SUP_2,West,-1.0,-471.0,9.0,333,0,-6.93,-10.7,1,0,-3.11
2024-09-18,SKU_1,WH_4,SUP_2,South,-7.0,-464.0,9.0,333,0,-6.93,-10.7,0,0,-2.82
2024-09-19,SKU_1,WH_4,SUP_2,East,20.0,444.0,9.0,333,0,6.93,10.7,1,0,23.96
2024-09-20,SKU_1,WH_4,SUP_2,East,14.0,,9.0,333,0,6.93,10.7,0,0,11.71
2024-09-21,SKU_1,WH_4,SUP_2,South,9.0,421.0,9.0,333,0,6.93,10.7,0,0,7.85
2024-09-22,SKU_1,WH_4,SUP_2,North,16.0,405.0,9.0,333,0,6.93,10.7,0,0,17.03
2024-09-23,SKU_1,WH_4,SUP_2,South,13.0,392.0,9.0,333,0,6.93,10.7,0,0,12.83
2024-09-24,SKU_1,WH_4,SUP_2,East,13.0,379.0,9.0,333,0,6.93,10.7,0,0,12.52
2024-09-25,SKU_1,WH_4,SUP_2,South,10.0,369.0,9.0,333,0,6.93,10.7,1,0,3.34
2024-09-26,SKU_1,WH_4,SUP_2,,14.0,355.0,9.0,333,0,6.93,10.7,0,0,17.14
2024-09-27,SKU_1,WH_4,SUP_2,East,6.0,349.0,9.0,333,0,6.93,10.7,0,0,4.88
2024-09-28,SKU_1,WH_4,SUP_2,South,9.0,340.0,9.0,333,0,6.93,10.7,0,0,10.11
2024-09-29,SKU_1,WH_4,SUP_2,East,,333.0,9.0,333,0,6.93,10.7,0,0,9.09
2024-09-30,SKU_1,WH_4,SUP_2,North,9.0,620.0,9.0,333,296,6.93,10.7,0,0,10.6
2024-10-01,SKU_1,WH_4,SUP_2,South,,616.0,9.0,333,0,6.93,10.7,0,0,1.57
2024-10-02,SKU_1,WH_4,SUP_2,North,8.0,608.0,9.0,333,0,6.93,10.7,0,0,11.54
2024-10-03,SKU_1,WH_4,SUP_2,South,18.0,590.0,9.0,333,0,6.93,10.7,0,0,20.34
2024-10-04,SKU_1,WH_4,SUP_2,,7.0,583.0,9.0,333,0,6.93,10.7,0,0,5.51
2024-10-05,SKU_1,WH_4,SUP_2,North,9.0,574.0,9.0,333,0,6.93,10.7,0,0,
2024-10-06,SKU_1,WH_4,SUP_2,South,10.0,564.0,9.0,333,0,6.93,10.7,0,0,8.22
2024-10-07,SKU_1,WH_4,SUP_2,East,1.0,563.0,9.0,333,0,6.93,10.7,1,0,
2024-10-08,SKU_1,WH_4,SUP_2,East,16.0,547.0,9.0,333,0,6.93,10.7,0,0,21.55
2024-10-09,SKU_1,WH_4,SUP_2,North,11.0,536.0,,333,0,6.93,10.7,0,0,12.99
2024-10-10,SKU_1,WH_4,SUP_2,,12.0,524.0,9.0,333,0,6.93,10.7,0,0,9.59
2024-10-11,SKU_1,WH_4,SUP_2,North,10.0,514.0,9.0,333,0,6.93,10.7,0,0,7.54
2024-10-12,SKU_1,WH_4,SUP_2,South,11.0,503.0,,333,0,6.93,10.7,0,0,14.85
2024-10-13,SKU_1,WH_4,SUP_2,South,11.0,492.0,9.0,333,0,6.93,10.7,0,0,9.34
2024-10-14,SKU_1,WH_4,SUP_2,West,13.0,479.0,9.0,333,0,6.93,10.7,0,0,14.35
2024-10-15,SKU_1,WH_4,SUP_2,North,10.0,469.0,9.0,333,0,6.93,10.7,0,0,8.99
2024-10-16,SKU_1,WH_4,SUP_2,South,,465.0,9.0,333,0,6.93,10.7,0,0,4.86
2024-10-17,SKU_1,WH_4,SUP_2,,13.0,452.0,9.0,333,0,6.93,10.7,0,0,9.15
2024-10-18,SKU_1,WH_4,SUP_2,East,10.0,442.0,9.0,333,0,6.93,10.7,1,0,8.88
2024-10-19,SKU_1,WH_4,SUP_2,East,9.0,433.0,9.0,333,0,6.93,10.7,1,0,7.08
2024-10-20,SKU_1,WH_4,SUP_2,North,7.0,426.0,9.0,333,0,6.93,10.7,0,0,5.62
2024-10-21,SKU_1,WH_4,SUP_2,West,10.0,416.0,9.0,333,0,6.93,10.7,0,0,13.83
2024-10-22,SKU_1,WH_4,SUP_2,South,11.0,405.0,9.0,333,0,6.93,10.7,0,0,10.87
2024-10-23,SKU_1,WH_4,SUP_2,West,11.0,,9.0,333,0,6.93,10.7,1,0,14.76
2024-10-24,SKU_1,WH_4,SUP_2,East,14.0,380.0,9.0,333,0,6.93,10.7,0,0,14.8
2024-10-25,SKU_1,WH_4,SUP_2,West,20.0,360.0,9.0,333,0,6.93,10.7,0,0,21.42
2024-10-26,SKU_1,WH_4,SUP_2,West,6.0,354.0,9.0,333,0,6.93,10.7,0,0,4.23
2024-10-27,SKU_1,WH_4,SUP_2,West,15.0,339.0,9.0,333,0,6.93,10.7,0,0,9.48
2024-10-28,SKU_1,WH_4,SUP_2,South,9.0,330.0,9.0,333,0,6.93,10.7,0,0,
2024-10-29,SKU_1,WH_4,SUP_2,West,14.0,679.0,9.0,333,363,6.93,10.7,0,0,15.49
2024-10-30,SKU_1,WH_4,SUP_2,North,10.0,669.0,9.0,333,0,6.93,10.7,1,0,13.22
2024-10-31,SKU_1,WH_4,SUP_2,West,7.0,662.0,9.0,333,0,6.93,10.7,0,0,4.93
2024-11-01,SKU_1,WH_4,SUP_2,East,16.0,646.0,9.0,333,0,6.93,10.7,0,0,15.67
2024-11-02,SKU_1,WH_4,SUP_2,South,2.0,,9.0,333,0,6.93,10.7,0,0,0.0
2024-11-03,SKU_1,WH_4,SUP_2,East,15.0,,9.0,333,0,6.93,10.7,0,0,13.09
2024-11-04,SKU_1,WH_4,SUP_2,West,13.0,616.0,9.0,333,0,6.93,10.7,0,0,13.96
2024-11-05,SKU_1,WH_4,SUP_2,East,3.0,613.0,9.0,333,0,6.93,10.7,0,0,0.0
2024-11-06,SKU_1,WH_4,SUP_2,,missing,602.0,9.0,333,0,6.93,10.7,0,0,8.26
2024-11-07,SKU_1,WH_4,SUP_2,North,13.0,589.0,9.0,333,0,6.93,10.7,0,0,14.75
2024-11-08,SKU_1,WH_4,SUP_2,North,10.0,579.0,9.0,333,0,6.93,10.7,0,0,11.84
2024-11-09,SKU_1,WH_4,SUP_2,West,7.0,572.0,9.0,333,0,6.93,10.7,0,0,9.62
2024-11-10,SKU_1,WH_4,SUP_2,South,6.0,566.0,,333,0,6.93,10.7,0,0,9.15
2024-11-11,SKU_1,WH_4,SUP_2,South,9.0,557.0,9.0,333,0,6.93,10.7,0,0,10.97
2024-11-12,SKU_1,WH_4,SUP_2,South,14.0,543.0,9.0,333,0,6.93,10.7,1,0,14.57
2024-11-13,SKU_1,WH_4,SUP_2,South,11.0,532.0,9.0,333,0,6.93,10.7,0,0,12.3
2024-11-14,SKU_1,WH_4,SUP_2,West,21.0,511.0,9.0,333,0,6.93,10.7,0,0,18.5
2024-11-15,SKU_1,WH_4,SUP_2,South,26.0,485.0,9.0,333,0,6.93,10.7,1,0,26.04
2024-11-16,SKU_1,WH_4,SUP_2,North,13.0,472.0,9.0,333,0,6.93,10.7,1,0,12.46
2024-11-17,SKU_1,WH_4,SUP_2,East,11.0,461.0,9.0,333,0,6.93,10.7,0,0,9.5
2024-11-18,SKU_1,WH_4,SUP_2,South,11.0,450.0,9.0,333,0,6.93,10.7,0,0,
2024-11-19,SKU_1,WH_4,SUP_2,North,9.0,441.0,9.0,333,0,6.93,10.7,1,0,14.46
2024-11-20,SKU_1,WH_4,SUP_2,East,24.0,417.0,9.0,333,0,6.93,10.7,1,0,26.63
2024-11-21,SKU_1,WH_4,SUP_2,South,24.0,393.0,9.0,333,0,6.93,10.7,1,0,23.97
2024-11-22,SKU_1,WH_4,SUP_2,East,126.0,1895.0,9.0,333,0,6.93,10.7,0,0,59.65254499416233
2024-11-23,SKU_1,WH_4,SUP_2,South,10.0,369.0,9.0,333,0,6.93,10.7,0,0,10.59
2024-11-24,SKU_1,WH_4,SUP_2,South,19.0,350.0,9.0,333,0,6.93,10.7,0,0,20.09
2024-11-25,SKU_1,WH_4,SUP_2,North,18.0,332.0,,333,0,6.93,10.7,0,0,
2024-11-26,SKU_1,WH_4,SUP_2,North,16.0,661.0,9.0,333,345,6.93,10.7,0,0,15.38
2024-11-27,SKU_1,WH_4,SUP_2,North,14.0,647.0,9.0,333,0,6.93,10.7,0,0,
2024-11-28,SKU_1,WH_4,SUP_2,West,18.0,629.0,9.0,333,0,6.93,10.7,0,0,15.48
2024-11-29,SKU_1,WH_4,SUP_2,East,17.0,612.0,9.0,333,0,6.93,10.7,0,0,14.39
2024-11-30,SKU_1,WH_4,SUP_2,East,12.0,600.0,9.0,333,0,6.93,10.7,0,0,
2024-12-01,SKU_1,WH_4,SUP_2,East,13.0,587.0,9.0,333,0,6.93,10.7,1,0,18.96
2024-12-02,SKU_1,WH_4,SUP_2,North,,572.0,9.0,333,0,6.93,10.7,0,0,14.68
2024-12-03,SKU_1,WH_4,SUP_2,West,13.0,559.0,9.0,333,0,6.93,10.7,0,0,14.78
2024-12-04,SKU_1,WH_4,SUP_2,North,8.0,551.0,9.0,333,0,6.93,10.7,0,0,9.24
2024-12-05,SKU_1,WH_4,SUP_2,North,16.0,535.0,9.0,333,0,6.93,10.7,0,0,13.85
2024-12-06,SKU_1,WH_4,SUP_2,East,17.0,518.0,9.0,333,0,6.93,10.7,0,0,19.51
2024-12-07,SKU_1,WH_4,SUP_2,South,14.0,504.0,9.0,333,0,6.93,10.7,0,0,14.39
2024-12-08,SKU_1,WH_4,SUP_2,North,16.0,488.0,9.0,333,0,6.93,10.7,0,0,16.53
2024-12-09,SKU_1,WH_4,SUP_2,South,19.0,469.0,9.0,333,0,6.93,10.7,0,0,17.8
2024-12-10,SKU_1,WH_4,SUP_2,,19.0,450.0,9.0,333,0,6.93,10.7,0,0,N/A
2024-12-11,SKU_1,WH_4,SUP_2,South,20.0,,9.0,333,0,6.93,10.7,0,0,18.44
2024-12-12,SKU_1,WH_4,SUP_2,South,36.0,394.0,9.0,333,0,6.93,10.7,1,0,37.67
2024-12-13,SKU_1,WH_4,SUP_2,North,11.0,383.0,9.0,333,0,6.93,10.7,0,0,10.56
2024-12-14,SKU_1,WH_4,SUP_2,East,,359.0,9.0,333,0,6.93,10.7,0,0,23.15
2024-12-15,SKU_1,WH_4,SUP_2,South,23.0,336.0,9.0,333,0,6.93,10.7,0,0,22.69
2024-12-16,SKU_1,WH_4,SUP_2,East,20.0,316.0,9.0,333,0,6.93,10.7,0,0,12.13
2024-12-17,SKU_1,WH_4,SUP_2,North,15.0,692.0,9.0,333,391,6.93,10.7,0,0,17.89
2024-12-18,SKU_1,WH_4,SUP_2,West,9.0,683.0,,333,0,6.93,10.7,0,0,7.07
2024-12-19,SKU_1,WH_4,SUP_2,North,22.0,661.0,9.0,333,0,6.93,10.7,0,0,19.11
2024-12-20,SKU_1,WH_4,SUP_2,North,23.0,,9.0,333,0,6.93,10.7,1,0,20.16
2024-12-21,SKU_1,WH_4,SUP_2,South,22.0,616.0,9.0,333,0,6.93,10.7,0,0,25.39
2024-12-22,SKU_1,WH_4,SUP_2,East,,600.0,9.0,333,0,6.93,10.7,0,0,16.36
2024-12-23,SKU_1,WH_4,SUP_2,South,126.0,5238.0,9.0,333,0,6.93,10.7,0,0,5.133468807106203
2024-12-24,SKU_1,WH_4,SUP_2,South,missing,562.0,9.0,333,0,6.93,10.7,0,0,19.83
2024-12-25,SKU_1,WH_4,SUP_2,East,16.0,546.0,9.0,333,0,6.93,10.7,0,0,16.37
2024-12-26,SKU_1,WH_4,SUP_2,North,20.0,526.0,9.0,333,0,6.93,10.7,0,0,22.43
2024-12-27,SKU_1,WH_4,SUP_2,South,22.0,504.0,9.0,333,0,6.93,10.7,0,0,21.61
2024-12-28,SKU_1,WH_4,SUP_2,South,25.0,479.0,9.0,333,0,6.93,10.7,0,0,28.31
2024-12-29,SKU_1,WH_4,SUP_2,West,28.0,451.0,9.0,333,0,6.93,10.7,1,0,29.64
2024-12-30,SKU_1,WH_4,SUP_2,East,10.0,441.0,9.0,333,0,6.93,10.7,0,0,13.25
2024-01-01,SKU_1,WH_5,SUP_5,East,20.0,640.0,4.0,366,0,19.41,23.81,0,0,
2024-01-02,SKU_1,WH_5,SUP_5,West,11.0,629.0,4.0,366,0,19.41,23.81,0,0,14.16
2024-01-03,SKU_1,WH_5,SUP_5,South,20.0,609.0,4.0,366,0,19.41,23.81,0,0,10.49
2024-01-04,SKU_1,WH_5,SUP_5,South,22.0,587.0,4.0,366,0,19.41,23.81,0,0,20.57
2024-01-05,SKU_1,WH_5,SUP_5,East,22.0,565.0,4.0,366,0,19.41,23.81,0,0,19.11
2024-01-06,SKU_1,WH_5,SUP_5,North,23.0,542.0,4.0,366,0,19.41,23.81,0,0,
2024-01-07,SKU_1,WH_5,SUP_5,South,22.0,520.0,4.0,366,0,19.41,23.81,1,0,22.1
2024-01-08,SKU_1,WH_5,SUP_5,North,24.0,496.0,4.0,366,0,19.41,23.81,0,0,24.52
2024-01-09,SKU_1,WH_5,SUP_5,South,18.0,478.0,4.0,366,0,19.41,23.81,0,0,19.15
2024-01-10,SKU_1,WH_5,SUP_5,North,18.0,460.0,4.0,366,0,19.41,23.81,0,0,20.31
2024-01-11,SKU_1,WH_5,SUP_5,East,20.0,440.0,4.0,366,0,19.41,23.81,0,0,18.78
2024-01-12,SKU_1,WH_5,SUP_5,West,24.0,416.0,4.0,366,0,19.41,23.81,0,0,24.33
2024-01-13,SKU_1,WH_5,SUP_5,South,25.0,391.0,4.0,366,0,19.41,23.81,0,0,21.21
2024-01-14,SKU_1,WH_5,SUP_5,South,25.0,366.0,4.0,366,0,19.41,23.81,0,0,26.85
2024-01-15,SKU_1,WH_5,SUP_5,East,17.0,564.0,4.0,366,215,19.41,23.81,0,0,17.75
2024-01-16,SKU_1,WH_5,SUP_5,,27.0,537.0,4.0,366,0,19.41,23.81,0,0,29.39
2024-01-17,SKU_1,WH_5,SUP_5,South,11.0,526.0,4.0,366,0,19.41,23.81,0,0,9.78
2024-01-18,SKU_1,WH_5,SUP_5,East,28.0,498.0,,366,0,19.41,23.81,0,0,27.02
2024-01-19,SKU_1,WH_5,SUP_5,North,20.0,478.0,4.0,366,0,19.41,23.81,0,0,23.23
2024-01-20,SKU_1,WH_5,SUP_5,North,14.0,464.0,4.0,366,0,19.41,23.81,0,0,11.06
2024-01-21,SKU_1,WH_5,SUP_5,North,26.0,438.0,4.0,366,0,19.41,23.81,0,0,33.17
2024-01-22,SKU_1,WH_5,SUP_5,North,19.0,419.0,4.0,366,0,19.41,23.81,0,0,17.44
2024-01-23,SKU_1,WH_5,SUP_5,East,27.0,392.0,4.0,366,0,19.41,23.81,0,0,23.96
2024-01-24,SKU_1,WH_5,SUP_5,North,13.0,379.0,4.0,366,0,19.41,23.81,0,0,15.22
2024-01-25,SKU_1,WH_5,SUP_5,West,18.0,361.0,4.0,366,0,19.41,23.81,0,0,15.21
2024-01-26,SKU_1,WH_5,SUP_5,,32.0,594.0,4.0,366,265,19.41,23.81,0,0,31.23
2024-01-27,SKU_1,WH_5,SUP_5,South,24.0,570.0,4.0,366,0,19.41,23.81,0,0,22.99
2024-01-28,SKU_1,WH_5,SUP_5,North,25.0,545.0,4.0,366,0,19.41,23.81,0,0,25.17
2024-01-29,SKU_1,WH_5,SUP_5,South,26.0,,4.0,366,0,19.41,23.81,0,0,25.26
2024-01-30,SKU_1,WH_5,SUP_5,North,18.0,501.0,4.0,366,0,19.41,23.81,0,0,17.1
2024-01-31,SKU_1,WH_5,SUP_5,West,24.0,,4.0,366,0,19.41,23.81,0,0,20.01
2024-02-01,SKU_1,WH_5,SUP_5,East,26.0,451.0,4.0,366,0,19.41,23.81,0,0,23.01
2024-02-02,SKU_1,WH_5,SUP_5,South,25.0,426.0,4.0,366,0,19.41,23.81,0,0,27.39
2024-02-03,SKU_1,WH_5,SUP_5,West,13.0,413.0,4.0,366,0,19.41,23.81,1,0,11.73
2024-02-04,SKU_1,WH_5,SUP_5,,23.0,390.0,4.0,366,0,19.41,23.81,0,0,23.44
2024-02-05,SKU_1,WH_5,SUP_5,North,31.0,359.0,4.0,366,0,19.41,23.81,0,0,29.86
2024-02-06,SKU_1,WH_5,SUP_5,East,16.0,557.0,4.0,366,214,19.41,23.81,0,0,16.28
2024-02-07,SKU_1,WH_5,SUP_5,East,,,4.0,366,0,19.41,23.81,0,0,26.33
2024-02-08,SKU_1,WH_5,SUP_5,East,29.0,501.0,4.0,366,0,19.41,23.81,0,0,28.58
2024-02-09,SKU_1,WH_5,SUP_5,South,16.0,485.0,4.0,366,0,19.41,23.81,0,0,
2024-02-10,SKU_1,WH_5,SUP_5,East,27.0,458.0,4.0,366,0,19.41,23.81,0,0,28.18
2024-02-11,SKU_1,WH_5,SUP_5,North,26.0,432.0,4.0,366,0,19.41,23.81,0,0,
2024-02-12,SKU_1,WH_5,SUP_5,North,41.0,391.0,4.0,366,0,19.41,23.81,1,0,
2024-02-13,SKU_1,WH_5,SUP_5,North,36.0,355.0,4.0,366,0,19.41,23.81,0,0,36.18
2024-02-14,SKU_1,WH_5,SUP_5,North,23.0,617.0,4.0,366,285,19.41,23.81,0,0,24.25
2024-02-15,SKU_1,WH_5,SUP_5,North,21.0,596.0,4.0,366,0,19.41,23.81,0,0,18.51
2024-02-16,SKU_1,WH_5,SUP_5,North,26.0,570.0,4.0,366,0,19.41,23.81,0,0,23.89
2024-02-17,SKU_1,WH_5,SUP_5,West,-36.0,-534.0,4.0,366,0,-19.41,-23.81,1,0,-34.43
2024-02-18,SKU_1,WH_5,SUP_5,East,18.0,516.0,4.0,366,0,19.41,23.81,0,0,20.36
2024-02-19,SKU_1,WH_5,SUP_5,West,26.0,490.0,4.0,366,0,19.41,23.81,0,0,25.29
2024-02-20,SKU_1,WH_5,SUP_5,East,24.0,466.0,4.0,366,0,19.41,23.81,0,0,23.27
2024-02-21,SKU_1,WH_5,SUP_5,South,32.0,434.0,4.0,366,0,19.41,23.81,0,0,36.12
2024-02-22,SKU_1,WH_5,SUP_5,,36.0,398.0,4.0,366,0,19.41,23.81,1,0,
2024-02-23,SKU_1,WH_5,SUP_5,West,22.0,376.0,4.0,366,0,19.41,23.81,0,0,16.94
2024-02-24,SKU_1,WH_5,SUP_5,West,29.0,347.0,4.0,366,0,19.41,23.81,0,0,31.03
2024-02-25,SKU_1,WH_5,SUP_5,West,31.0,801.0,4.0,366,485,19.41,23.81,0,0,
2024-02-26,SKU_1,WH_5,SUP_5,South,23.0,778.0,4.0,366,0,19.41,23.81,0,0,
2024-02-27,SKU_1,WH_5,SUP_5,East,34.0,744.0,4.0,366,0,19.41,23.81,0,0,32.85
2024-02-28,SKU_1,WH_5,SUP_5,West,24.0,720.0,4.0,366,0,19.41,23.81,0,0,N/A
2024-02-29,SKU_1,WH_5,SUP_5,South,28.0,692.0,4.0,366,0,19.41,23.81,0,0,21.33
2024-03-01,SKU_1,WH_5,SUP_5,South,28.0,664.0,4.0,366,0,19.41,23.81,1,0,28.63
2024-03-02,SKU_1,WH_5,SUP_5,West,33.0,631.0,4.0,366,0,19.41,23.81,1,0,29.98
2024-03-03,SKU_1,WH_5,SUP_5,South,29.0,602.0,4.0,366,0,19.41,23.81,0,0,26.3
2024-03-04,SKU_1,WH_5,SUP_5,North,22.0,580.0,4.0,366,0,19.41,23.81,0,0,21.08
2024-03-05,SKU_1,WH_5,SUP_5,East,26.0,554.0,4.0,366,0,19.41,23.81,0,0,26.72
2024-03-06,SKU_1,WH_5,SUP_5,South,24.0,530.0,,366,0,19.41,23.81,0,0,20.38
2024-03-07,SKU_1,WH_5,SUP_5,North,39.0,491.0,4.0,366,0,19.41,23.81,0,0,41.68
2024-03-08,SKU_1,WH_5,SUP_5,North,38.0,453.0,,366,0,19.41,23.81,0,0,30.02
2024-03-09,SKU_1,WH_5,SUP_5,South,37.0,416.0,4.0,366,0,19.41,23.81,1,0,40.69
2024-03-10,SKU_1,WH_5,SUP_5,East,32.0,384.0,4.0,366,0,19.41,23.81,0,0,31.14
2024-03-11,SKU_1,WH_5,SUP_5,East,40.0,344.0,,366,0,19.41,23.81,0,0,43.6
2024-03-12,SKU_1,WH_5,SUP_5,West,36.0,513.0,4.0,366,205,19.41,23.81,0,0,40.79
2024-03-13,SKU_1,WH_5,SUP_5,North,29.0,484.0,4.0,366,0,19.41,23.81,0,0,33.23
2024-03-14,SKU_1,WH_5,SUP_5,North,missing,453.0,4.0,366,0,19.41,23.81,0,0,26.83
2024-03-15,SKU_1,WH_5,SUP_5,North,25.0,428.0,4.0,366,0,19.41,23.81,0,0,25.22
2024-03-16,SKU_1,WH_5,SUP_5,North,,396.0,4.0,366,0,19.41,23.81,0,0,31.62
2024-03-17,SKU_1,WH_5,SUP_5,South,31.0,365.0,4.0,366,0,19.41,23.81,1,0,34.11
2024-03-18,SKU_1,WH_5,SUP_5,West,25.0,678.0,4.0,366,338,19.41,23.81,0,0,28.36
2024-03-19,SKU_1,WH_5,SUP_5,South,37.0,641.0,4.0,366,0,19.41,23.81,0,0,36.76
2024-03-20,SKU_1,WH_5,SUP_5,South,28.0,613.0,4.0,366,0,19.41,23.81,0,0,28.01
2024-03-21,SKU_1,WH_5,SUP_5,East,27.0,586.0,4.0,366,0,19.41,23.81,0,0,30.42
2024-03-22,SKU_1,WH_5,SUP_5,??UNKNOWN??,25.0,561.0,4.0,366,0,19.41,23.81,0,0,28.42
2024-03-23,SKU_1,WH_5,SUP_5,North,41.0,520.0,4.0,366,0,19.41,23.81,1,0,
2024-03-24,SKU_1,WH_5,SUP_5,North,35.0,485.0,4.0,366,0,19.41,23.81,0,0,38.06
2024-03-25,SKU_1,WH_5,SUP_5,South,26.0,,4.0,366,0,19.41,23.81,0,0,25.33
2024-03-26,SKU_1,WH_5,SUP_5,South,35.0,424.0,4.0,366,0,19.41,23.81,0,0,31.55
2024-03-27,SKU_1,WH_5,SUP_5,,33.0,391.0,4.0,366,0,19.41,23.81,0,0,42.34
2024-03-28,SKU_1,WH_5,SUP_5,South,28.0,363.0,4.0,366,0,19.41,23.81,0,0,24.99
2024-03-29,SKU_1,WH_5,SUP_5,East,25.0,717.0,4.0,366,379,19.41,23.81,0,0,22.51
2024-03-30,SKU_1,WH_5,SUP_5,East,256.0,70.0,4.0,366,0,19.41,23.81,0,0,271.93059842179883
2024-03-31,SKU_1,WH_5,SUP_5,North,30.0,655.0,4.0,366,0,19.41,23.81,0,0,30.85
2024-04-01,SKU_1,WH_5,SUP_5,South,41.0,,4.0,366,0,19.41,23.81,1,0,39.41
2024-04-02,SKU_1,WH_5,SUP_5,North,24.0,590.0,4.0,366,0,19.41,23.81,1,0,30.13
2024-04-03,SKU_1,WH_5,SUP_5,West,32.0,,,366,0,19.41,23.81,0,0,30.8
2024-04-04,SKU_1,WH_5,SUP_5,West,17.0,541.0,4.0,366,0,19.41,23.81,0,0,11.97
2024-04-05,SKU_1,WH_5,SUP_5,North,30.0,511.0,4.0,366,0,19.41,23.81,0,0,36.92
2024-04-06,SKU_1,WH_5,SUP_5,West,23.0,488.0,4.0,366,0,19.41,23.81,0,0,26.76
2024-04-07,SKU_1,WH_5,SUP_5,East,31.0,457.0,4.0,366,0,19.41,23.81,0,0,37.01
2024-04-08,SKU_1,WH_5,SUP_5,West,31.0,426.0,4.0,366,0,19.41,23.81,0,0,33.7
2024-04-09,SKU_1,WH_5,SUP_5,East,33.0,393.0,4.0,366,0,19.41,23.81,0,0,33.88
2024-04-10,SKU_1,WH_5,SUP_5,North,37.0,356.0,4.0,366,0,19.41,23.81,0,0,38.15
2024-04-11,SKU_1,WH_5,SUP_5,East,39.0,568.0,4.0,366,251,19.41,23.81,0,0,36.22
2024-04-12,SKU_1,WH_5,SUP_5,South,28.0,540.0,4.0,366,0,19.41,23.81,0,0,24.66
2024-04-13,SKU_1,WH_5,SUP_5,South,26.0,514.0,4.0,366,0,19.41,23.81,0,0,20.28
2024-04-14,SKU_1,WH_5,SUP_5,South,36.0,478.0,4.0,366,0,19.41,23.81,0,0,36.7
2024-04-15,SKU_1,WH_5,SUP_5,North,23.0,455.0,4.0,366,0,19.41,23.81,0,0,19.64
2024-04-16,SKU_1,WH_5,SUP_5,West,25.0,430.0,4.0,366,0,19.41,23.81,0,0,27.01
2024-04-17,SKU_1,WH_5,SUP_5,South,23.0,407.0,4.0,366,0,19.41,23.81,0,0,21.68
2024-04-18,SKU_1,WH_5,SUP_5,East,33.0,374.0,4.0,366,0,19.41,23.81,0,0,N/A
2024-04-19,SKU_1,WH_5,SUP_5,East,29.0,345.0,4.0,366,0,19.41,23.81,0,0,29.87
2024-04-20,SKU_1,WH_5,SUP_5,West,,730.0,4.0,366,409,19.41,23.81,0,0,24.58
2024-04-21,SKU_1,WH_5,SUP_5,South,32.0,698.0,4.0,366,0,19.41,23.81,0,0,
2024-04-22,SKU_1,WH_5,SUP_5,North,28.0,670.0,4.0,366,0,19.41,23.81,0,0,22.98
2024-04-23,SKU_1,WH_5,SUP_5,North,37.0,633.0,4.0,366,0,19.41,23.81,0,0,43.16
2024-04-24,SKU_1,WH_5,SUP_5,South,40.0,593.0,4.0,366,0,19.41,23.81,1,0,42.07
2024-04-25,SKU_1,WH_5,SUP_5,East,33.0,560.0,4.0,366,0,19.41,23.81,0,0,39.97
2024-04-26,SKU_1,WH_5,SUP_5,West,20.0,540.0,4.0,366,0,19.41,23.81,0,0,18.33
2024-04-27,SKU_1,WH_5,SUP_5,??UNKNOWN??,,508.0,,366,0,19.41,23.81,0,0,31.17
2024-04-28,SKU_1,WH_5,SUP_5,West,24.0,,4.0,366,0,19.41,23.81,0,0,26.28
2024-04-29,SKU_1,WH_5,SUP_5,North,33.0,451.0,4.0,366,0,19.41,23.81,0,0,29.63
2024-04-30,SKU_1,WH_5,SUP_5,North,49.0,402.0,4.0,366,0,19.41,23.81,1,0,48.63
2024-05-01,SKU_1,WH_5,SUP_5,South,32.0,370.0,4.0,366,0,19.41,23.81,0,0,35.57
2024-05-02,SKU_1,WH_5,SUP_5,East,29.0,341.0,4.0,366,0,19.41,23.81,0,0,
2024-05-03,SKU_1,WH_5,SUP_5,North,29.0,715.0,4.0,366,403,19.41,23.81,1,0,29.14
2024-05-04,SKU_1,WH_5,SUP_5,West,21.0,,4.0,366,0,19.41,23.81,0,0,25.0
2024-05-05,SKU_1,WH_5,SUP_5,South,28.0,666.0,4.0,366,0,19.41,23.81,0,0,23.79
2024-05-06,SKU_1,WH_5,SUP_5,North,26.0,640.0,4.0,366,0,19.41,23.81,0,0,26.94
2024-05-07,SKU_1,WH_5,SUP_5,North,24.0,616.0,4.0,366,0,19.41,23.81,0,0,19.03
2024-05-08,SKU_1,WH_5,SUP_5,East,32.0,584.0,4.0,366,0,19.41,23.81,0,0,31.59
2024-05-09,SKU_1,WH_5,SUP_5,South,31.0,553.0,,366,0,19.41,23.81,0,0,28.95
2024-05-10,SKU_1,WH_5,SUP_5,West,28.0,525.0,,366,0,19.41,23.81,0,0,27.21
2024-05-11,SKU_1,WH_5,SUP_5,West,25.0,500.0,4.0,366,0,19.41,23.81,0,0,25.41
2024-05-12,SKU_1,WH_5,SUP_5,East,29.0,471.0,4.0,366,0,19.41,23.81,0,0,31.98
not_a_date,SKU_1,WH_5,SUP_5,South,23.0,448.0,4.0,366,0,19.41,23.81,0,0,21.02
2024-05-14,SKU_1,WH_5,SUP_5,North,39.0,409.0,4.0,366,0,19.41,23.81,1,0,39.82
2024-05-15,SKU_1,WH_5,SUP_5,North,,384.0,4.0,366,0,19.41,23.81,0,0,28.17
2024-05-16,SKU_1,WH_5,SUP_5,South,24.0,360.0,4.0,366,0,19.41,23.81,0,0,23.12
2024-05-17,SKU_1,WH_5,SUP_5,,26.0,,4.0,366,356,19.41,23.81,0,0,25.37
2024-05-18,SKU_1,WH_5,SUP_5,North,20.0,670.0,4.0,366,0,19.41,23.81,0,0,21.26
2024-05-19,SKU_1,WH_5,SUP_5,North,27.0,643.0,4.0,366,0,19.41,23.81,0,0,20.72
2024-05-20,SKU_1,WH_5,SUP_5,South,27.0,616.0,4.0,366,0,19.41,23.81,0,0,35.75
2024-05-21,SKU_1,WH_5,SUP_5,,22.0,594.0,4.0,366,0,19.41,23.81,0,0,25.35
2024-05-22,SKU_1,WH_5,SUP_5,East,21.0,573.0,4.0,366,0,19.41,23.81,0,0,25.21
2024-05-23,SKU_1,WH_5,SUP_5,North,29.0,544.0,4.0,366,0,19.41,23.81,0,0,27.93
2024-05-24,SKU_1,WH_5,SUP_5,North,27.0,517.0,4.0,366,0,19.41,23.81,0,0,23.18
2024-05-25,SKU_1,WH_5,SUP_5,South,25.0,492.0,4.0,366,0,19.41,23.81,0,0,25.21
2024-05-26,SKU_1,WH_5,SUP_5,West,33.0,459.0,4.0,366,0,19.41,23.81,0,0,27.01
2024-05-27,SKU_1,WH_5,SUP_5,South,,432.0,4.0,366,0,19.41,23.81,0,0,23.79
2024-05-28,SKU_1,WH_5,SUP_5,West,,408.0,4.0,366,0,19.41,23.81,0,0,25.1
2024-05-29,SKU_1,WH_5,SUP_5,South,45.0,363.0,4.0,366,0,19.41,23.81,1,0,45.12
2024-05-30,SKU_1,WH_5,SUP_5,North,26.0,582.0,4.0,366,245,19.41,23.81,0,0,24.13
2024-05-31,SKU_1,WH_5,SUP_5,West,,559.0,4.0,366,0,19.41,23.81,0,0,27.32
2024-06-01,SKU_1,WH_5,SUP_5,East,23.0,,4.0,366,0,19.41,23.81,0,0,30.14
2024-06-02,SKU_1,WH_5,SUP_5,North,23.0,513.0,4.0,366,0,19.41,23.81,0,0,21.47
2024-06-03,SKU_1,WH_5,SUP_5,East,44.0,469.0,4.0,366,0,19.41,23.81,1,0,37.97
2024-06-04,SKU_1,WH_5,SUP_5,South,24.0,445.0,4.0,366,0,19.41,23.81,0,0,28.16
2024-06-05,SKU_1,WH_5,SUP_5,East,21.0,424.0,4.0,366,0,19.41,23.81,0,0,22.76
2024-06-06,SKU_1,WH_5,SUP_5,West,,399.0,4.0,366,0,19.41,23.81,0,0,23.48
2024-06-07,SKU_1,WH_5,SUP_5,West,missing,382.0,4.0,366,0,19.41,23.81,0,0,15.96
2024-06-08,SKU_1,WH_5,SUP_5,South,missing,361.0,,366,0,19.41,23.81,0,0,13.36
2024-06-09,SKU_1,WH_5,SUP_5,East,22.0,577.0,4.0,366,238,19.41,23.81,0,0,
2024-06-10,SKU_1,WH_5,SUP_5,South,25.0,552.0,4.0,366,0,19.41,23.81,0,0,
2024-06-11,SKU_1,WH_5,SUP_5,East,28.0,524.0,4.0,366,0,19.41,23.81,1,0,
2024-06-12,SKU_1,WH_5,SUP_5,South,22.0,502.0,4.0,366,0,19.41,23.81,0,0,19.47
2024-06-13,SKU_1,WH_5,SUP_5,West,30.0,472.0,4.0,366,0,19.41,23.81,0,0,32.48
2024-06-14,SKU_1,WH_5,SUP_5,South,27.0,445.0,4.0,366,0,19.41,23.81,0,0,26.41
2024-06-15,SKU_1,WH_5,SUP_5,East,21.0,,4.0,366,0,19.41,23.81,0,0,23.82
2024-06-16,SKU_1,WH_5,SUP_5,West,17.0,407.0,4.0,366,0,19.41,23.81,0,0,15.38
2024-06-17,SKU_1,WH_5,SUP_5,South,16.0,391.0,,366,0,19.41,23.81,0,0,16.22
2024-06-18,SKU_1,WH_5,SUP_5,North,25.0,366.0,4.0,366,0,19.41,23.81,0,0,19.82
2024-06-19,SKU_1,WH_5,SUP_5,West,28.0,686.0,4.0,366,348,19.41,23.81,0,0,26.56
2024-06-20,SKU_1,WH_5,SUP_5,North,20.0,666.0,4.0,366,0,19.41,23.81,0,0,21.98
2024-06-21,SKU_1,WH_5,SUP_5,North,27.0,639.0,4.0,366,0,19.41,23.81,0,0,25.36
2024-06-22,SKU_1,WH_5,SUP_5,,,617.0,4.0,366,0,19.41,23.81,0,0,25.67
2024-06-23,SKU_1,WH_5,SUP_5,West,23.0,594.0,4.0,366,0,19.41,23.81,0,0,18.17
2024-06-24,SKU_1,WH_5,SUP_5,East,22.0,572.0,4.0,366,0,19.41,23.81,0,0,23.57
2024-06-25,SKU_1,WH_5,SUP_5,East,13.0,559.0,4.0,366,0,19.41,23.81,0,0,9.21
2024-06-26,SKU_1,WH_5,SUP_5,West,23.0,536.0,4.0,366,0,19.41,23.81,0,0,
2024-06-27,SKU_1,WH_5,SUP_5,West,21.0,515.0,4.0,366,0,19.41,23.81,0,0,25.07
2024-06-28,SKU_1,WH_5,SUP_5,South,26.0,489.0,4.0,366,0,19.41,23.81,0,0,21.2
2024-06-29,SKU_1,WH_5,SUP_5,West,28.0,461.0,4.0,366,0,19.41,23.81,0,0,29.37
2024-06-30,SKU_1,WH_5,SUP_5,North,25.0,436.0,4.0,366,0,19.41,23.81,0,0,24.13
2024-07-01,SKU_1,WH_5,SUP_5,West,37.0,399.0,4.0,366,0,19.41,23.81,1,0,38.69
2024-07-02,SKU_1,WH_5,SUP_5,South,5.0,394.0,4.0,366,0,19.41,23.81,0,0,4.74
2024-07-03,SKU_1,WH_5,SUP_5,East,18.0,376.0,4.0,366,0,19.41,23.81,0,0,21.25
2024-07-04,SKU_1,WH_5,SUP_5,West,18.0,358.0,4.0,366,0,19.41,23.81,0,0,13.16
2024-07-05,SKU_1,WH_5,SUP_5,South,28.0,747.0,4.0,366,417,19.41,23.81,0,0,23.69
2024-07-06,SKU_1,WH_5,SUP_5,South,18.0,729.0,4.0,366,0,19.41,23.81,0,0,22.11
2024-07-07,SKU_1,WH_5,SUP_5,North,13.0,716.0,4.0,366,0,19.41,23.81,0,0,12.17
2024-07-08,SKU_1,WH_5,SUP_5,North,24.0,692.0,4.0,366,0,19.41,23.81,0,0,24.63
2024-07-09,SKU_1,WH_5,SUP_5,East,17.0,675.0,4.0,366,0,19.41,23.81,0,0,19.98
2024-07-10,SKU_1,WH_5,SUP_5,South,13.0,662.0,4.0,366,0,19.41,23.81,1,0,10.91
2024-07-11,SKU_1,WH_5,SUP_5,West,12.0,650.0,4.0,366,0,19.41,23.81,0,0,12.97
2024-07-12,SKU_1,WH_5,SUP_5,East,19.0,631.0,4.0,366,0,19.41,23.81,0,0,22.58
2024-07-13,SKU_1,WH_5,SUP_5,West,18.0,613.0,4.0,366,0,19.41,23.81,0,0,16.05
2024-07-14,SKU_1,WH_5,SUP_5,North,22.0,591.0,4.0,366,0,19.41,23.81,0,0,19.99
2024-07-15,SKU_1,WH_5,SUP_5,West,29.0,562.0,4.0,366,0,19.41,23.81,0,0,30.31
2024-07-16,SKU_1,WH_5,SUP_5,West,12.0,550.0,4.0,366,0,19.41,23.81,0,0,13.28
2024-07-17,SKU_1,WH_5,SUP_5,East,21.0,529.0,4.0,366,0,19.41,23.81,0,0,15.9
2024-07-18,SKU_1,WH_5,SUP_5,West,20.0,509.0,4.0,366,0,19.41,23.81,0,0,9.25
2024-07-19,SKU_1,WH_5,SUP_5,South,23.0,486.0,4.0,366,0,19.41,23.81,0,0,21.53
2024-07-20,SKU_1,WH_5,SUP_5,North,17.0,469.0,4.0,366,0,19.41,23.81,0,0,20.49
2024-07-21,SKU_1,WH_5,SUP_5,West,11.0,458.0,4.0,366,0,19.41,23.81,0,0,13.6
2024-07-22,SKU_1,WH_5,SUP_5,North,-16.0,-442.0,4.0,366,0,-19.41,-23.81,1,0,-15.12
2024-07-23,SKU_1,WH_5,SUP_5,West,25.0,417.0,4.0,366,0,19.41,23.81,0,0,N/A
2024-07-24,SKU_1,WH_5,SUP_5,East,22.0,395.0,4.0,366,0,19.41,23.81,0,0,21.09
2024-07-25,SKU_1,WH_5,SUP_5,South,22.0,373.0,4.0,366,0,19.41,23.81,1,0,25.78
2024-07-26,SKU_1,WH_5,SUP_5,North,15.0,358.0,4.0,366,0,19.41,23.81,0,0,19.33
2024-07-27,SKU_1,WH_5,SUP_5,South,19.0,803.0,4.0,366,464,19.41,23.81,0,0,19.18
2024-07-28,SKU_1,WH_5,SUP_5,,17.0,786.0,4.0,366,0,19.41,23.81,0,0,17.06
2024-07-29,SKU_1,WH_5,SUP_5,North,9.0,777.0,4.0,366,0,19.41,23.81,0,0,9.15
2024-07-30,SKU_1,WH_5,SUP_5,South,19.0,758.0,4.0,366,0,19.41,23.81,0,0,19.07
2024-07-31,SKU_1,WH_5,SUP_5,East,10.0,748.0,4.0,366,0,19.41,23.81,0,0,9.28
2024-08-01,SKU_1,WH_5,SUP_5,West,13.0,735.0,4.0,366,0,19.41,23.81,0,0,9.1
2024-08-02,SKU_1,WH_5,SUP_5,East,20.0,715.0,,366,0,19.41,23.81,0,0,19.11
2024-08-03,SKU_1,WH_5,SUP_5,North,19.0,696.0,4.0,366,0,19.41,23.81,1,0,19.45
2024-08-04,SKU_1,WH_5,SUP_5,North,,673.0,4.0,366,0,19.41,23.81,0,0,23.18
2024-08-05,SKU_1,WH_5,SUP_5,South,14.0,,,366,0,19.41,23.81,1,0,14.59
2024-08-06,SKU_1,WH_5,SUP_5,West,11.0,648.0,4.0,366,0,19.41,23.81,0,0,
2024-08-07,SKU_1,WH_5,SUP_5,??UNKNOWN??,8.0,640.0,4.0,366,0,19.41,23.81,0,0,6.81
2024-08-08,SKU_1,WH_5,SUP_5,East,11.0,629.0,4.0,366,0,19.41,23.81,0,0,6.18
2024-08-09,SKU_1,WH_5,SUP_5,North,18.0,611.0,4.0,366,0,19.41,23.81,0,0,16.78
2024-08-10,SKU_1,WH_5,SUP_5,South,13.0,598.0,4.0,366,0,19.41,23.81,0,0,8.99
2024-08-11,SKU_1,WH_5,SUP_5,East,9.0,589.0,4.0,366,0,19.41,23.81,0,0,10.93
2024-08-12,SKU_1,WH_5,SUP_5,East,13.0,576.0,4.0,366,0,19.41,23.81,0,0,16.69
2024-08-13,SKU_1,WH_5,SUP_5,South,12.0,564.0,4.0,366,0,19.41,23.81,0,0,4.78
2024-08-14,SKU_1,WH_5,SUP_5,South,13.0,551.0,4.0,366,0,19.41,23.81,0,0,12.29
2024-08-15,SKU_1,WH_5,SUP_5,West,9.0,542.0,4.0,366,0,19.41,23.81,0,0,7.15
2024-08-16,SKU_1,WH_5,SUP_5,South,16.0,526.0,4.0,366,0,19.41,23.81,0,0,18.28
2024-08-17,SKU_1,WH_5,SUP_5,South,14.0,512.0,4.0,366,0,19.41,23.81,0,0,15.08
2024-08-18,SKU_1,WH_5,SUP_5,South,16.0,496.0,4.0,366,0,19.41,23.81,1,0,17.8
2024-08-19,SKU_1,WH_5,SUP_5,West,16.0,480.0,4.0,366,0,19.41,23.81,0,0,15.33
2024-08-20,SKU_1,WH_5,SUP_5,East,13.0,467.0,4.0,366,0,19.41,23.81,0,0,13.76
2024-08-21,SKU_1,WH_5,SUP_5,North,22.0,445.0,4.0,366,0,19.41,23.81,0,0,
2024-08-22,SKU_1,WH_5,SUP_5,West,4.0,441.0,4.0,366,0,19.41,23.81,0,0,1.61
2024-08-23,SKU_1,WH_5,SUP_5,West,8.0,433.0,4.0,366,0,19.41,23.81,0,0,7.17
2024-08-24,SKU_1,WH_5,SUP_5,North,11.0,422.0,4.0,366,0,19.41,23.81,0,0,9.06
2024-08-25,SKU_1,WH_5,SUP_5,South,11.0,,4.0,366,0,19.41,23.81,0,0,15.76
2024-08-26,SKU_1,WH_5,SUP_5,West,,395.0,4.0,366,0,19.41,23.81,0,0,23.05
2024-08-27,SKU_1,WH_5,SUP_5,South,missing,376.0,4.0,366,0,19.41,23.81,0,0,20.15
2024-08-28,SKU_1,WH_5,SUP_5,East,8.0,368.0,4.0,366,0,19.41,23.81,0,0,10.26
2024-08-29,SKU_1,WH_5,SUP_5,North,14.0,354.0,4.0,366,0,19.41,23.81,0,0,7.61
2024-08-30,SKU_1,WH_5,SUP_5,North,12.0,787.0,4.0,366,445,19.41,23.81,0,0,4.96
2024-08-31,SKU_1,WH_5,SUP_5,South,24.0,763.0,4.0,366,0,19.41,23.81,1,0,
2024-09-01,SKU_1,WH_5,SUP_5,West,9.0,754.0,4.0,366,0,19.41,23.81,0,0,15.25
2024-09-02,SKU_1,WH_5,SUP_5,North,20.0,734.0,4.0,366,0,19.41,23.81,0,0,23.03
2024-09-03,SKU_1,WH_5,SUP_5,,18.0,716.0,4.0,366,0,19.41,23.81,0,0,16.78
2024-09-04,SKU_1,WH_5,SUP_5,South,12.0,704.0,4.0,366,0,19.41,23.81,0,0,9.52
2024-09-05,SKU_1,WH_5,SUP_5,East,8.0,696.0,4.0,366,0,19.41,23.81,0,0,10.53
2024-09-06,SKU_1,WH_5,SUP_5,North,8.0,,4.0,366,0,19.41,23.81,0,0,11.53
2024-09-07,SKU_1,WH_5,SUP_5,South,7.0,,4.0,366,0,19.41,23.81,1,0,4.65
2024-09-08,SKU_1,WH_5,SUP_5,South,9.0,672.0,4.0,366,0,19.41,23.81,0,0,11.64
2024-09-09,SKU_1,WH_5,SUP_5,,20.0,652.0,4.0,366,0,19.41,23.81,1,0,15.44
2024-09-10,SKU_1,WH_5,SUP_5,East,2.0,650.0,4.0,366,0,19.41,23.81,0,0,0.0
2024-09-11,SKU_1,WH_5,SUP_5,North,13.0,637.0,4.0,366,0,19.41,23.81,0,0,6.24
2024-09-12,SKU_1,WH_5,SUP_5,,,633.0,4.0,366,0,19.41,23.81,0,0,6.41
2024-09-13,SKU_1,WH_5,SUP_5,East,6.0,627.0,4.0,366,0,19.41,23.81,0,0,4.17
2024-09-14,SKU_1,WH_5,SUP_5,,14.0,613.0,4.0,366,0,19.41,23.81,0,0,11.45
2024-09-15,SKU_1,WH_5,SUP_5,North,15.0,598.0,4.0,366,0,19.41,23.81,1,0,18.9
2024-09-16,SKU_1,WH_5,SUP_5,West,13.0,585.0,4.0,366,0,19.41,23.81,0,0,17.33
2024-09-17,SKU_1,WH_5,SUP_5,West,4.0,581.0,4.0,366,0,19.41,23.81,0,0,
2024-09-18,SKU_1,WH_5,SUP_5,,15.0,566.0,4.0,366,0,19.41,23.81,0,0,14.58
2024-09-19,SKU_1,WH_5,SUP_5,,18.0,,4.0,366,0,19.41,23.81,0,0,11.06
2024-09-20,SKU_1,WH_5,SUP_5,North,10.0,538.0,4.0,366,0,19.41,23.81,0,0,17.82
2024-09-21,SKU_1,WH_5,SUP_5,West,9.0,529.0,4.0,366,0,19.41,23.81,0,0,10.92
2024-09-22,SKU_1,WH_5,SUP_5,,8.0,521.0,4.0,366,0,19.41,23.81,0,0,8.95
2024-09-23,SKU_1,WH_5,SUP_5,East,13.0,508.0,4.0,366,0,19.41,23.81,0,0,13.15
2024-09-24,SKU_1,WH_5,SUP_5,South,15.0,,4.0,366,0,19.41,23.81,0,0,14.72
2024-09-25,SKU_1,WH_5,SUP_5,West,10.0,483.0,4.0,366,0,19.41,23.81,0,0,12.07
2024-09-26,SKU_1,WH_5,SUP_5,East,6.0,,,366,0,19.41,23.81,0,0,12.29
2024-09-27,SKU_1,WH_5,SUP_5,East,3.0,474.0,,366,0,19.41,23.81,0,0,2.97
2024-09-28,SKU_1,WH_5,SUP_5,West,9.0,465.0,4.0,366,0,19.41,23.81,0,0,9.08
2024-09-29,SKU_1,WH_5,SUP_5,West,6.0,459.0,4.0,366,0,19.41,23.81,0,0,0.0
2024-09-30,SKU_1,WH_5,SUP_5,South,13.0,446.0,4.0,366,0,19.41,23.81,0,0,20.51
2024-10-01,SKU_1,WH_5,SUP_5,North,11.0,,4.0,366,0,19.41,23.81,0,0,12.51
2024-10-02,SKU_1,WH_5,SUP_5,North,4.0,431.0,4.0,366,0,19.41,23.81,0,0,0.49
2024-10-03,SKU_1,WH_5,SUP_5,West,12.0,419.0,4.0,366,0,19.41,23.81,0,0,11.17
2024-10-04,SKU_1,WH_5,SUP_5,East,7.0,412.0,4.0,366,0,19.41,23.81,0,0,4.07
2024-10-05,SKU_1,WH_5,SUP_5,East,12.0,400.0,4.0,366,0,19.41,23.81,0,0,11.02
2024-10-06,SKU_1,WH_5,SUP_5,East,8.0,392.0,4.0,366,0,19.41,23.81,0,0,7.47
2024-10-07,SKU_1,WH_5,SUP_5,West,14.0,378.0,4.0,366,0,19.41,23.81,0,0,14.11
2024-10-08,SKU_1,WH_5,SUP_5,West,11.0,367.0,4.0,366,0,19.41,23.81,0,0,9.85
2024-10-09,SKU_1,WH_5,SUP_5,South,8.0,359.0,4.0,366,0,19.41,23.81,0,0,10.91
2024-10-10,SKU_1,WH_5,SUP_5,South,9.0,791.0,4.0,366,441,19.41,23.81,0,0,6.69
2024-10-11,SKU_1,WH_5,SUP_5,South,18.0,773.0,4.0,366,0,19.41,23.81,0,0,18.49
2024-10-12,SKU_1,WH_5,SUP_5,East,11.0,762.0,,366,0,19.41,23.81,0,0,13.86
2024-10-13,SKU_1,WH_5,SUP_5,North,13.0,749.0,,366,0,19.41,23.81,0,0,16.54
2024-10-14,SKU_1,WH_5,SUP_5,East,11.0,738.0,4.0,366,0,19.41,23.81,0,0,10.67
2024-10-15,SKU_1,WH_5,SUP_5,North,10.0,728.0,,366,0,19.41,23.81,0,0,12.97
2024-10-16,SKU_1,WH_5,SUP_5,East,8.0,720.0,4.0,366,0,19.41,23.81,0,0,8.69
2024-10-17,SKU_1,WH_5,SUP_5,East,-12.0,-708.0,4.0,366,0,-19.41,-23.81,0,0,-15.72
2024-10-18,SKU_1,WH_5,SUP_5,North,0.0,708.0,4.0,366,0,19.41,23.81,0,0,0.0
2024-10-19,SKU_1,WH_5,SUP_5,West,0.0,708.0,,366,0,19.41,23.81,0,0,0.0
2024-10-20,SKU_1,WH_5,SUP_5,West,9.0,699.0,4.0,366,0,19.41,23.81,0,0,12.38
not_a_date,SKU_1,WH_5,SUP_5,South,16.0,683.0,4.0,366,0,19.41,23.81,0,0,14.36
2024-10-22,SKU_1,WH_5,SUP_5,West,11.0,672.0,4.0,366,0,19.41,23.81,0,0,10.96
2024-10-23,SKU_1,WH_5,SUP_5,West,2.0,670.0,4.0,366,0,19.41,23.81,0,0,0.0
2024-10-24,SKU_1,WH_5,SUP_5,South,14.0,656.0,4.0,366,0,19.41,23.81,0,0,16.15
2024-10-25,SKU_1,WH_5,SUP_5,North,4.0,652.0,4.0,366,0,19.41,23.81,0,0,N/A
2024-10-26,SKU_1,WH_5,SUP_5,North,16.0,636.0,4.0,366,0,19.41,23.81,0,0,22.21
2024-10-27,SKU_1,WH_5,SUP_5,East,14.0,622.0,4.0,366,0,19.41,23.81,0,0,15.78
2024-10-28,SKU_1,WH_5,SUP_5,West,12.0,610.0,4.0,366,0,19.41,23.81,0,0,10.5
2024-10-29,SKU_1,WH_5,SUP_5,East,15.0,595.0,4.0,366,0,19.41,23.81,0,0,19.06
2024-10-30,SKU_1,WH_5,SUP_5,East,8.0,587.0,4.0,366,0,19.41,23.81,0,0,5.79
2024-10-31,SKU_1,WH_5,SUP_5,South,14.0,573.0,4.0,366,0,19.41,23.81,0,0,13.66
2024-11-01,SKU_1,WH_5,SUP_5,South,11.0,562.0,4.0,366,0,19.41,23.81,0,0,5.76
2024-11-02,SKU_1,WH_5,SUP_5,North,13.0,549.0,,366,0,19.41,23.81,0,0,13.14
2024-11-03,SKU_1,WH_5,SUP_5,,14.0,535.0,4.0,366,0,19.41,23.81,0,0,13.06
2024-11-04,SKU_1,WH_5,SUP_5,West,22.0,513.0,4.0,366,0,19.41,23.81,0,0,26.46
2024-11-05,SKU_1,WH_5,SUP_5,West,11.0,502.0,4.0,366,0,19.41,23.81,0,0,10.35
2024-11-06,SKU_1,WH_5,SUP_5,North,10.0,492.0,4.0,366,0,19.41,23.81,0,0,12.54
2024-11-07,SKU_1,WH_5,SUP_5,East,13.0,479.0,4.0,366,0,19.41,23.81,0,0,15.55
2024-11-08,SKU_1,WH_5,SUP_5,North,26.0,453.0,4.0,366,0,19.41,23.81,1,0,28.48
2024-11-09,SKU_1,WH_5,SUP_5,South,16.0,437.0,4.0,366,0,19.41,23.81,0,0,17.19
2024-11-10,SKU_1,WH_5,SUP_5,East,9.0,428.0,4.0,366,0,19.41,23.81,0,0,3.37
2024-11-11,SKU_1,WH_5,SUP_5,South,11.0,417.0,4.0,366,0,19.41,23.81,0,0,
2024-11-12,SKU_1,WH_5,SUP_5,South,17.0,400.0,4.0,366,0,19.41,23.81,0,0,15.36
2024-11-13,SKU_1,WH_5,SUP_5,South,10.0,390.0,4.0,366,0,19.41,23.81,0,0,6.36
2024-11-14,SKU_1,WH_5,SUP_5,North,8.0,382.0,4.0,366,0,19.41,23.81,0,0,13.67
2024-11-15,SKU_1,WH_5,SUP_5,South,19.0,363.0,4.0,366,0,19.41,23.81,0,0,24.85
2024-11-16,SKU_1,WH_5,SUP_5,South,13.0,846.0,4.0,366,496,19.41,23.81,0,0,16.1
2024-11-17,SKU_1,WH_5,SUP_5,West,3.0,843.0,4.0,366,0,19.41,23.81,0,0,5.04
2024-11-18,SKU_1,WH_5,SUP_5,West,13.0,,4.0,366,0,19.41,23.81,0,0,10.07
2024-11-19,SKU_1,WH_5,SUP_5,East,14.0,816.0,4.0,366,0,19.41,23.81,0,0,N/A
2024-11-20,SKU_1,WH_5,SUP_5,West,9.0,807.0,4.0,366,0,19.41,23.81,0,0,10.02
2024-11-21,SKU_1,WH_5,SUP_5,West,21.0,786.0,4.0,366,0,19.41,23.81,0,0,17.68
2024-11-22,SKU_1,WH_5,SUP_5,West,14.0,772.0,4.0,366,0,19.41,23.81,1,0,16.56
2024-11-23,SKU_1,WH_5,SUP_5,North,13.0,759.0,4.0,366,0,19.41,23.81,0,0,9.51
2024-11-24,SKU_1,WH_5,SUP_5,North,11.0,748.0,4.0,366,0,19.41,23.81,0,0,10.44
2024-11-25,SKU_1,WH_5,SUP_5,West,11.0,737.0,4.0,366,0,19.41,23.81,1,0,11.79
2024-11-26,SKU_1,WH_5,SUP_5,North,,718.0,4.0,366,0,19.41,23.81,1,0,14.13
2024-11-27,SKU_1,WH_5,SUP_5,South,17.0,701.0,4.0,366,0,19.41,23.81,0,0,15.39
2024-11-28,SKU_1,WH_5,SUP_5,South,10.0,691.0,4.0,366,0,19.41,23.81,0,0,11.8
2024-11-29,SKU_1,WH_5,SUP_5,East,8.0,683.0,4.0,366,0,19.41,23.81,0,0,8.69
2024-11-30,SKU_1,WH_5,SUP_5,East,8.0,675.0,4.0,366,0,19.41,23.81,0,0,5.95
2024-12-01,SKU_1,WH_5,SUP_5,South,19.0,656.0,4.0,366,0,19.41,23.81,1,0,15.53
2024-12-02,SKU_1,WH_5,SUP_5,South,29.0,627.0,4.0,366,0,19.41,23.81,0,0,21.83
2024-12-03,SKU_1,WH_5,SUP_5,West,23.0,604.0,4.0,366,0,19.41,23.81,0,0,26.13
2024-12-04,SKU_1,WH_5,SUP_5,West,18.0,586.0,4.0,366,0,19.41,23.81,1,0,17.68
2024-12-05,SKU_1,WH_5,SUP_5,South,11.0,575.0,,366,0,19.41,23.81,0,0,12.59
2024-12-06,SKU_1,WH_5,SUP_5,North,17.0,558.0,4.0,366,0,19.41,23.81,0,0,19.09
2024-12-07,SKU_1,WH_5,SUP_5,West,9.0,,4.0,366,0,19.41,23.81,0,0,7.66
2024-12-08,SKU_1,WH_5,SUP_5,??UNKNOWN??,29.0,520.0,4.0,366,0,19.41,23.81,0,0,28.31
2024-12-09,SKU_1,WH_5,SUP_5,West,17.0,503.0,4.0,366,0,19.41,23.81,0,0,22.79
2024-12-10,SKU_1,WH_5,SUP_5,East,11.0,492.0,4.0,366,0,19.41,23.81,0,0,11.78
2024-12-11,SKU_1,WH_5,SUP_5,East,10.0,482.0,4.0,366,0,19.41,23.81,0,0,7.82
2024-12-12,SKU_1,WH_5,SUP_5,South,10.0,472.0,4.0,366,0,19.41,23.81,0,0,9.2
2024-12-13,SKU_1,WH_5,SUP_5,East,26.0,446.0,4.0,366,0,19.41,23.81,0,0,29.74
2024-12-14,SKU_1,WH_5,SUP_5,North,26.0,,4.0,366,0,19.41,23.81,0,0,23.16
2024-12-15,SKU_1,WH_5,SUP_5,North,24.0,396.0,4.0,366,0,19.41,23.81,0,0,30.17
2024-12-16,SKU_1,WH_5,SUP_5,South,12.0,384.0,4.0,366,0,19.41,23.81,0,0,14.46
2024-12-17,SKU_1,WH_5,SUP_5,South,17.0,367.0,4.0,366,0,19.41,23.81,0,0,13.44
2024-12-18,SKU_1,WH_5,SUP_5,South,21.0,346.0,4.0,366,0,19.41,23.81,0,0,17.68
2024-12-19,SKU_1,WH_5,SUP_5,North,,794.0,4.0,366,456,19.41,23.81,0,0,5.32
2024-12-20,SKU_1,WH_5,SUP_5,,22.0,772.0,4.0,366,0,19.41,23.81,0,0,23.23
2024-12-21,SKU_1,WH_5,SUP_5,West,19.0,753.0,4.0,366,0,19.41,23.81,0,0,17.59
2024-12-22,SKU_1,WH_5,SUP_5,West,21.0,732.0,4.0,366,0,19.41,23.81,0,0,17.75
2024-12-23,SKU_1,WH_5,SUP_5,East,14.0,718.0,,366,0,19.41,23.81,0,0,13.22
2024-12-24,SKU_1,WH_5,SUP_5,North,20.0,698.0,4.0,366,0,19.41,23.81,0,0,21.94
2024-12-25,SKU_1,WH_5,SUP_5,West,16.0,682.0,4.0,366,0,19.41,23.81,0,0,14.2
2024-12-26,SKU_1,WH_5,SUP_5,North,25.0,657.0,4.0,366,0,19.41,23.81,0,0,25.19
2024-12-27,SKU_1,WH_5,SUP_5,West,21.0,636.0,4.0,366,0,19.41,23.81,0,0,18.31
2024-12-28,SKU_1,WH_5,SUP_5,North,22.0,614.0,4.0,366,0,19.41,23.81,0,0,23.37
2024-12-29,SKU_1,WH_5,SUP_5,North,15.0,599.0,4.0,366,0,19.41,23.81,0,0,15.96
2024-12-30,SKU_1,WH_5,SUP_5,East,29.0,570.0,4.0,366,0,19.41,23.81,0,0,27.63
2024-01-01,SKU_2,WH_1,SUP_7,West,17.0,971.0,13.0,228,0,19.76,35.1,0,0,17.33
2024-01-02,SKU_2,WH_1,SUP_7,East,,,13.0,228,0,19.76,35.1,0,0,23.86
2024-01-03,SKU_2,WH_1,SUP_7,North,15.0,931.0,13.0,228,0,19.76,35.1,0,0,18.07
2024-01-04,SKU_2,WH_1,SUP_7,South,,911.0,13.0,228,0,19.76,35.1,0,0,23.28
2024-01-05,SKU_2,WH_1,SUP_7,East,19.0,892.0,13.0,228,0,19.76,35.1,0,0,19.06
2024-01-06,SKU_2,WH_1,SUP_7,East,20.0,872.0,13.0,228,0,19.76,35.1,0,0,16.71
2024-01-07,SKU_2,WH_1,SUP_7,West,23.0,849.0,13.0,228,0,19.76,35.1,0,0,21.96
2024-01-08,SKU_2,WH_1,SUP_7,West,35.0,814.0,13.0,228,0,19.76,35.1,1,0,36.22
2024-01-09,SKU_2,WH_1,SUP_7,West,17.0,797.0,,228,0,19.76,35.1,0,0,18.57
2024-01-10,SKU_2,WH_1,SUP_7,West,19.0,778.0,13.0,228,0,19.76,35.1,0,0,20.46
2024-01-11,SKU_2,WH_1,SUP_7,North,24.0,754.0,13.0,228,0,19.76,35.1,0,0,24.02
2024-01-12,SKU_2,WH_1,SUP_7,West,25.0,729.0,13.0,228,0,19.76,35.1,0,0,25.25
2024-01-13,SKU_2,WH_1,SUP_7,West,,706.0,13.0,228,0,19.76,35.1,0,0,25.97
2024-01-14,SKU_2,WH_1,SUP_7,South,23.0,683.0,13.0,228,0,19.76,35.1,0,0,20.31
2024-01-15,SKU_2,WH_1,SUP_7,North,30.0,653.0,13.0,228,0,19.76,35.1,0,0,30.96
2024-01-16,SKU_2,WH_1,SUP_7,East,23.0,630.0,13.0,228,0,19.76,35.1,0,0,16.06
2024-01-17,SKU_2,WH_1,SUP_7,North,23.0,,13.0,228,0,19.76,35.1,1,0,
2024-01-18,SKU_2,WH_1,SUP_7,East,21.0,586.0,13.0,228,0,19.76,35.1,0,0,20.39
2024-01-19,SKU_2,WH_1,SUP_7,West,110.0,3384.0,13.0,228,0,19.76,35.1,0,0,166.39399579821298
not_a_date,SKU_2,WH_1,SUP_7,South,20.0,544.0,,228,0,19.76,35.1,0,0,23.5
2024-01-21,SKU_2,WH_1,SUP_7,East,26.0,518.0,13.0,228,0,19.76,35.1,0,0,24.86
2024-01-22,SKU_2,WH_1,SUP_7,East,27.0,491.0,13.0,228,0,19.76,35.1,0,0,25.42
2024-01-23,SKU_2,WH_1,SUP_7,West,23.0,468.0,13.0,228,0,19.76,35.1,0,0,
2024-01-24,SKU_2,WH_1,SUP_7,North,19.0,449.0,13.0,228,0,19.76,35.1,0,0,25.32
2024-01-25,SKU_2,WH_1,SUP_7,West,26.0,,13.0,228,0,19.76,35.1,0,0,21.55
2024-01-26,SKU_2,WH_1,SUP_7,North,20.0,,,228,0,19.76,35.1,0,0,20.98
2024-01-27,SKU_2,WH_1,SUP_7,West,16.0,387.0,13.0,228,0,19.76,35.1,0,0,12.69
2024-01-28,SKU_2,WH_1,SUP_7,South,28.0,359.0,13.0,228,0,19.76,35.1,0,0,21.54
2024-01-29,SKU_2,WH_1,SUP_7,West,21.0,338.0,13.0,228,0,19.76,35.1,0,0,16.02
2024-01-30,SKU_2,WH_1,SUP_7,West,27.0,311.0,13.0,228,0,19.76,35.1,0,0,27.7
2024-01-31,SKU_2,WH_1,SUP_7,North,32.0,279.0,13.0,228,0,19.76,35.1,0,0,29.51
2024-02-01,SKU_2,WH_1,SUP_7,West,35.0,244.0,13.0,228,0,19.76,35.1,0,0,36.18
2024-02-02,SKU_2,WH_1,SUP_7,West,27.0,217.0,13.0,228,0,19.76,35.1,0,0,30.5
2024-02-03,SKU_2,WH_1,SUP_7,North,28.0,,13.0,228,473,19.76,35.1,0,0,30.26
2024-02-04,SKU_2,WH_1,SUP_7,South,30.0,632.0,,228,0,19.76,35.1,0,0,26.33
2024-02-05,SKU_2,WH_1,SUP_7,North,28.0,,13.0,228,0,19.76,35.1,0,0,27.24
2024-02-06,SKU_2,WH_1,SUP_7,South,28.0,576.0,13.0,228,0,19.76,35.1,0,0,24.49
2024-02-07,SKU_2,WH_1,SUP_7,West,,558.0,13.0,228,0,19.76,35.1,0,0,20.38
2024-02-08,SKU_2,WH_1,SUP_7,West,24.0,534.0,13.0,228,0,19.76,35.1,1,0,22.26
2024-02-09,SKU_2,WH_1,SUP_7,East,missing,511.0,13.0,228,0,19.76,35.1,0,0,23.82
2024-02-10,SKU_2,WH_1,SUP_7,West,37.0,474.0,13.0,228,0,19.76,35.1,0,0,37.58
2024-02-11,SKU_2,WH_1,SUP_7,East,21.0,453.0,13.0,228,0,19.76,35.1,0,0,20.33
2024-02-12,SKU_2,WH_1,SUP_7,??UNKNOWN??,18.0,435.0,13.0,228,0,19.76,35.1,0,0,20.9
2024-02-13,SKU_2,WH_1,SUP_7,North,31.0,404.0,13.0,228,0,19.76,35.1,0,0,31.41
2024-02-14,SKU_2,WH_1,SUP_7,North,18.0,386.0,13.0,228,0,19.76,35.1,0,0,16.73
2024-02-15,SKU_2,WH_1,SUP_7,North,22.0,364.0,13.0,228,0,19.76,35.1,0,0,22.95
2024-02-16,SKU_2,WH_1,SUP_7,North,23.0,341.0,13.0,228,0,19.76,35.1,0,0,23.46
2024-02-17,SKU_2,WH_1,SUP_7,North,33.0,308.0,13.0,228,0,19.76,35.1,0,0,
2024-02-18,SKU_2,WH_1,SUP_7,North,32.0,276.0,13.0,228,0,19.76,35.1,0,0,35.66
2024-02-19,SKU_2,WH_1,SUP_7,East,29.0,247.0,13.0,228,0,19.76,35.1,0,0,31.15
2024-02-20,SKU_2,WH_1,SUP_7,North,16.0,231.0,,228,0,19.76,35.1,0,0,16.02
2024-02-21,SKU_2,WH_1,SUP_7,North,31.0,200.0,13.0,228,0,19.76,35.1,0,0,32.54
2024-02-22,SKU_2,WH_1,SUP_7,West,29.0,480.0,13.0,228,309,19.76,35.1,0,0,33.5
2024-02-23,SKU_2,WH_1,SUP_7,East,41.0,439.0,13.0,228,0,19.76,35.1,0,0,42.79
2024-02-24,SKU_2,WH_1,SUP_7,West,23.0,416.0,13.0,228,0,19.76,35.1,0,0,20.26
not_a_date,SKU_2,WH_1,SUP_7,West,50.0,366.0,13.0,228,0,19.76,35.1,1,0,51.81
2024-02-26,SKU_2,WH_1,SUP_7,East,19.0,347.0,13.0,228,0,19.76,35.1,0,0,
2024-02-27,SKU_2,WH_1,SUP_7,South,32.0,315.0,13.0,228,0,19.76,35.1,0,0,30.51
2024-02-28,SKU_2,WH_1,SUP_7,East,23.0,292.0,13.0,228,0,19.76,35.1,0,0,23.67
2024-02-29,SKU_2,WH_1,SUP_7,West,23.0,269.0,13.0,228,0,19.76,35.1,0,0,26.91
2024-03-01,SKU_2,WH_1,SUP_7,East,37.0,232.0,13.0,228,0,19.76,35.1,0,0,38.68
2024-03-02,SKU_2,WH_1,SUP_7,East,36.0,196.0,13.0,228,0,19.76,35.1,0,0,
2024-03-03,SKU_2,WH_1,SUP_7,East,27.0,,13.0,228,311,19.76,35.1,0,0,25.08
2024-03-04,SKU_2,WH_1,SUP_7,South,39.0,441.0,13.0,228,0,19.76,35.1,1,0,38.88
2024-03-05,SKU_2,WH_1,SUP_7,South,32.0,409.0,13.0,228,0,19.76,35.1,0,0,N/A
2024-03-06,SKU_2,WH_1,SUP_7,East,32.0,377.0,13.0,228,0,19.76,35.1,0,0,31.63
2024-03-07,SKU_2,WH_1,SUP_7,East,21.0,356.0,13.0,228,0,19.76,35.1,0,0,17.59
2024-03-08,SKU_2,WH_1,SUP_7,West,26.0,330.0,13.0,228,0,19.76,35.1,0,0,26.69
2024-03-09,SKU_2,WH_1,SUP_7,,30.0,,13.0,228,0,19.76,35.1,0,0,29.01
2024-03-10,SKU_2,WH_1,SUP_7,West,,277.0,13.0,228,0,19.76,35.1,0,0,24.06
2024-03-11,SKU_2,WH_1,SUP_7,East,35.0,242.0,13.0,228,0,19.76,35.1,0,0,34.32
2024-03-12,SKU_2,WH_1,SUP_7,South,33.0,209.0,13.0,228,0,19.76,35.1,0,0,30.49
2024-03-13,SKU_2,WH_1,SUP_7,East,45.0,443.0,13.0,228,279,19.76,35.1,1,0,51.23
2024-03-14,SKU_2,WH_1,SUP_7,North,32.0,411.0,13.0,228,0,19.76,35.1,0,0,32.36
2024-03-15,SKU_2,WH_1,SUP_7,East,22.0,389.0,13.0,228,0,19.76,35.1,0,0,24.48
2024-03-16,SKU_2,WH_1,SUP_7,South,22.0,367.0,13.0,228,0,19.76,35.1,0,0,25.69
2024-03-17,SKU_2,WH_1,SUP_7,South,25.0,342.0,13.0,228,0,19.76,35.1,0,0,21.56
2024-03-18,SKU_2,WH_1,SUP_7,South,33.0,309.0,13.0,228,0,19.76,35.1,0,0,37.03
2024-03-19,SKU_2,WH_1,SUP_7,West,15.0,294.0,13.0,228,0,19.76,35.1,0,0,18.48
2024-03-20,SKU_2,WH_1,SUP_7,East,22.0,272.0,13.0,228,0,19.76,35.1,0,0,24.69
2024-03-21,SKU_2,WH_1,SUP_7,North,160.0,70.0,13.0,228,0,19.76,35.1,0,0,149.72396350891654
2024-03-22,SKU_2,WH_1,SUP_7,North,22.0,218.0,13.0,228,0,19.76,35.1,0,0,19.98
2024-03-23,SKU_2,WH_1,SUP_7,West,36.0,608.0,13.0,228,426,19.76,35.1,0,0,38.6
2024-03-24,SKU_2,WH_1,SUP_7,South,35.0,,13.0,228,0,19.76,35.1,1,0,33.15
2024-03-25,SKU_2,WH_1,SUP_7,,28.0,545.0,13.0,228,0,19.76,35.1,0,0,32.18
2024-03-26,SKU_2,WH_1,SUP_7,West,33.0,512.0,13.0,228,0,19.76,35.1,0,0,34.35
2024-03-27,SKU_2,WH_1,SUP_7,East,27.0,485.0,13.0,228,0,19.76,35.1,0,0,22.58
2024-03-28,SKU_2,WH_1,SUP_7,North,22.0,463.0,13.0,228,0,19.76,35.1,0,0,20.87
2024-03-29,SKU_2,WH_1,SUP_7,East,37.0,426.0,13.0,228,0,19.76,35.1,0,0,40.64
2024-03-30,SKU_2,WH_1,SUP_7,East,23.0,403.0,13.0,228,0,19.76,35.1,0,0,18.4
2024-03-31,SKU_2,WH_1,SUP_7,West,35.0,368.0,13.0,228,0,19.76,35.1,0,0,35.54
2024-04-01,SKU_2,WH_1,SUP_7,North,,326.0,13.0,228,0,19.76,35.1,1,0,36.23
2024-04-02,SKU_2,WH_1,SUP_7,South,30.0,,13.0,228,0,19.76,35.1,0,0,29.3
2024-04-03,SKU_2,WH_1,SUP_7,North,,267.0,,228,0,19.76,35.1,0,0,25.37
2024-04-04,SKU_2,WH_1,SUP_7,North,37.0,230.0,13.0,228,0,19.76,35.1,1,0,40.72
2024-04-05,SKU_2,WH_1,SUP_7,South,26.0,204.0,13.0,228,0,19.76,35.1,0,0,25.7
2024-04-06,SKU_2,WH_1,SUP_7,,27.0,,13.0,228,343,19.76,35.1,0,0,28.72
2024-04-07,SKU_2,WH_1,SUP_7,West,34.0,486.0,13.0,228,0,19.76,35.1,0,0,36.01
2024-04-08,SKU_2,WH_1,SUP_7,East,30.0,456.0,13.0,228,0,19.76,35.1,0,0,26.79
2024-04-09,SKU_2,WH_1,SUP_7,South,28.0,428.0,,228,0,19.76,35.1,0,0,26.93
2024-04-10,SKU_2,WH_1,SUP_7,North,30.0,398.0,13.0,228,0,19.76,35.1,0,0,29.21
2024-04-11,SKU_2,WH_1,SUP_7,East,23.0,375.0,13.0,228,0,19.76,35.1,0,0,18.89
2024-04-12,SKU_2,WH_1,SUP_7,West,33.0,342.0,13.0,228,0,19.76,35.1,0,0,35.42
2024-04-13,SKU_2,WH_1,SUP_7,South,41.0,301.0,13.0,228,0,19.76,35.1,0,0,46.6
2024-04-14,SKU_2,WH_1,SUP_7,South,27.0,274.0,13.0,228,0,19.76,35.1,0,0,22.99
2024-04-15,SKU_2,WH_1,SUP_7,West,40.0,234.0,13.0,228,0,19.76,35.1,0,0,N/A
2024-04-16,SKU_2,WH_1,SUP_7,East,38.0,196.0,13.0,228,0,19.76,35.1,0,0,37.87
2024-04-17,SKU_2,WH_1,SUP_7,North,25.0,611.0,13.0,228,440,19.76,35.1,0,0,20.08
2024-04-18,SKU_2,WH_1,SUP_7,East,30.0,581.0,13.0,228,0,19.76,35.1,0,0,28.73
2024-04-19,SKU_2,WH_1,SUP_7,East,29.0,552.0,13.0,228,0,19.76,35.1,0,0,34.64
2024-04-20,SKU_2,WH_1,SUP_7,East,20.0,532.0,13.0,228,0,19.76,35.1,0,0,17.32
2024-04-21,SKU_2,WH_1,SUP_7,East,27.0,505.0,13.0,228,0,19.76,35.1,0,0,30.85
2024-04-22,SKU_2,WH_1,SUP_7,East,35.0,470.0,13.0,228,0,19.76,35.1,0,0,37.63
2024-04-23,SKU_2,WH_1,SUP_7,East,25.0,445.0,13.0,228,0,19.76,35.1,0,0,
2024-04-24,SKU_2,WH_1,SUP_7,East,28.0,417.0,13.0,228,0,19.76,35.1,0,0,25.16
2024-04-25,SKU_2,WH_1,SUP_7,East,32.0,385.0,13.0,228,0,19.76,35.1,0,0,30.66
2024-04-26,SKU_2,WH_1,SUP_7,West,24.0,361.0,13.0,228,0,19.76,35.1,0,0,27.53
2024-04-27,SKU_2,WH_1,SUP_7,East,26.0,335.0,13.0,228,0,19.76,35.1,0,0,24.93
2024-04-28,SKU_2,WH_1,SUP_7,South,29.0,306.0,13.0,228,0,19.76,35.1,0,0,27.2
2024-04-29,SKU_2,WH_1,SUP_7,West,33.0,,13.0,228,0,19.76,35.1,1,0,29.71
2024-04-30,SKU_2,WH_1,SUP_7,East,28.0,245.0,13.0,228,0,19.76,35.1,1,0,31.9
2024-05-01,SKU_2,WH_1,SUP_7,East,6.0,1760.0,13.0,228,0,19.76,35.1,0,0,251.02703501203976
2024-05-02,SKU_2,WH_1,SUP_7,West,30.0,413.0,13.0,228,223,19.76,35.1,0,0,34.38
2024-05-03,SKU_2,WH_1,SUP_7,North,40.0,373.0,13.0,228,0,19.76,35.1,1,0,40.46
2024-05-04,SKU_2,WH_1,SUP_7,East,29.0,344.0,13.0,228,0,19.76,35.1,1,0,30.26
2024-05-05,SKU_2,WH_1,SUP_7,North,27.0,317.0,13.0,228,0,19.76,35.1,0,0,29.01
2024-05-06,SKU_2,WH_1,SUP_7,,32.0,285.0,13.0,228,0,19.76,35.1,0,0,35.06
2024-05-07,SKU_2,WH_1,SUP_7,West,26.0,259.0,13.0,228,0,19.76,35.1,0,0,30.76
2024-05-08,SKU_2,WH_1,SUP_7,East,31.0,228.0,13.0,228,0,19.76,35.1,0,0,N/A
2024-05-09,SKU_2,WH_1,SUP_7,West,,553.0,13.0,228,348,19.76,35.1,0,0,24.16
2024-05-10,SKU_2,WH_1,SUP_7,East,30.0,523.0,13.0,228,0,19.76,35.1,0,0,30.21
2024-05-11,SKU_2,WH_1,SUP_7,West,32.0,491.0,13.0,228,0,19.76,35.1,0,0,31.71
2024-05-12,SKU_2,WH_1,SUP_7,North,22.0,469.0,13.0,228,0,19.76,35.1,0,0,18.08
2024-05-13,SKU_2,WH_1,SUP_7,West,22.0,447.0,13.0,228,0,19.76,35.1,1,0,24.94
2024-05-14,SKU_2,WH_1,SUP_7,South,28.0,419.0,13.0,228,0,19.76,35.1,0,0,26.08
2024-05-15,SKU_2,WH_1,SUP_7,East,37.0,382.0,13.0,228,0,19.76,35.1,0,0,34.64
2024-05-16,SKU_2,WH_1,SUP_7,South,18.0,364.0,13.0,228,0,19.76,35.1,0,0,15.61
2024-05-17,SKU_2,WH_1,SUP_7,South,31.0,333.0,13.0,228,0,19.76,35.1,0,0,30.68
2024-05-18,SKU_2,WH_1,SUP_7,North,31.0,302.0,13.0,228,0,19.76,35.1,0,0,25.77
2024-05-19,SKU_2,WH_1,SUP_7,North,32.0,270.0,13.0,228,0,19.76,35.1,0,0,30.97
2024-05-20,SKU_2,WH_1,SUP_7,North,18.0,252.0,13.0,228,0,19.76,35.1,0,0,22.26
2024-05-21,SKU_2,WH_1,SUP_7,South,,227.0,13.0,228,0,19.76,35.1,0,0,25.25
2024-05-22,SKU_2,WH_1,SUP_7,North,27.0,662.0,13.0,228,462,19.76,35.1,0,0,31.07
2024-05-23,SKU_2,WH_1,SUP_7,North,27.0,635.0,13.0,228,0,19.76,35.1,0,0,25.66
2024-05-24,SKU_2,WH_1,SUP_7,,30.0,605.0,13.0,228,0,19.76,35.1,0,0,31.87
2024-05-25,SKU_2,WH_1,SUP_7,South,28.0,577.0,13.0,228,0,19.76,35.1,0,0,24.7
2024-05-26,SKU_2,WH_1,SUP_7,South,18.0,559.0,13.0,228,0,19.76,35.1,0,0,20.2
2024-05-27,SKU_2,WH_1,SUP_7,East,23.0,536.0,13.0,228,0,19.76,35.1,0,0,24.69
2024-05-28,SKU_2,WH_1,SUP_7,North,33.0,503.0,13.0,228,0,19.76,35.1,0,0,31.27
2024-05-29,SKU_2,WH_1,SUP_7,West,27.0,476.0,,228,0,19.76,35.1,0,0,21.79
2024-05-30,SKU_2,WH_1,SUP_7,East,23.0,453.0,13.0,228,0,19.76,35.1,0,0,16.1
2024-05-31,SKU_2,WH_1,SUP_7,North,28.0,425.0,13.0,228,0,19.76,35.1,0,0,30.54
2024-06-01,SKU_2,WH_1,SUP_7,,26.0,399.0,13.0,228,0,19.76,35.1,0,0,N/A
2024-06-02,SKU_2,WH_1,SUP_7,North,20.0,379.0,13.0,228,0,19.76,35.1,0,0,17.68
2024-06-03,SKU_2,WH_1,SUP_7,East,26.0,353.0,13.0,228,0,19.76,35.1,0,0,26.19
2024-06-04,SKU_2,WH_1,SUP_7,West,23.0,330.0,13.0,228,0,19.76,35.1,0,0,25.39
2024-06-05,SKU_2,WH_1,SUP_7,South,30.0,300.0,13.0,228,0,19.76,35.1,0,0,31.01
2024-06-06,SKU_2,WH_1,SUP_7,West,26.0,274.0,13.0,228,0,19.76,35.1,0,0,
2024-06-07,SKU_2,WH_1,SUP_7,South,23.0,251.0,13.0,228,0,19.76,35.1,0,0,18.73
2024-06-08,SKU_2,WH_1,SUP_7,South,19.0,232.0,13.0,228,0,19.76,35.1,0,0,20.13
2024-06-09,SKU_2,WH_1,SUP_7,East,23.0,209.0,13.0,228,0,19.76,35.1,1,0,28.18
2024-06-10,SKU_2,WH_1,SUP_7,South,28.0,492.0,13.0,228,311,19.76,35.1,0,0,26.41
2024-06-11,SKU_2,WH_1,SUP_7,South,29.0,463.0,13.0,228,0,19.76,35.1,1,0,28.66
2024-06-12,SKU_2,WH_1,SUP_7,,26.0,437.0,13.0,228,0,19.76,35.1,0,0,23.88
2024-06-13,SKU_2,WH_1,SUP_7,South,30.0,407.0,13.0,228,0,19.76,35.1,0,0,29.63
2024-06-14,SKU_2,WH_1,SUP_7,South,24.0,383.0,13.0,228,0,19.76,35.1,0,0,23.71
2024-06-15,SKU_2,WH_1,SUP_7,North,21.0,362.0,13.0,228,0,19.76,35.1,0,0,24.0
2024-06-16,SKU_2,WH_1,SUP_7,,24.0,338.0,13.0,228,0,19.76,35.1,0,0,23.59
2024-06-17,SKU_2,WH_1,SUP_7,East,27.0,311.0,13.0,228,0,19.76,35.1,0,0,24.9
2024-06-18,SKU_2,WH_1,SUP_7,West,28.0,283.0,13.0,228,0,19.76,35.1,0,0,28.41
2024-06-19,SKU_2,WH_1,SUP_7,East,23.0,260.0,13.0,228,0,19.76,35.1,0,0,21.19
2024-06-20,SKU_2,WH_1,SUP_7,West,14.0,246.0,13.0,228,0,19.76,35.1,0,0,8.99
2024-06-21,SKU_2,WH_1,SUP_7,North,14.0,232.0,13.0,228,0,19.76,35.1,0,0,4.24
2024-06-22,SKU_2,WH_1,SUP_7,East,14.0,218.0,13.0,228,0,19.76,35.1,0,0,9.98
2024-06-23,SKU_2,WH_1,SUP_7,West,28.0,671.0,13.0,228,481,19.76,35.1,0,0,31.64
2024-06-24,SKU_2,WH_1,SUP_7,North,24.0,647.0,,228,0,19.76,35.1,0,0,24.78
2024-06-25,SKU_2,WH_1,SUP_7,North,18.0,629.0,13.0,228,0,19.76,35.1,0,0,
2024-06-26,SKU_2,WH_1,SUP_7,South,22.0,607.0,13.0,228,0,19.76,35.1,0,0,19.7
2024-06-27,SKU_2,WH_1,SUP_7,West,missing,594.0,13.0,228,0,19.76,35.1,0,0,9.99
2024-06-28,SKU_2,WH_1,SUP_7,West,23.0,571.0,13.0,228,0,19.76,35.1,0,0,28.41
2024-06-29,SKU_2,WH_1,SUP_7,North,23.0,548.0,13.0,228,0,19.76,35.1,0,0,22.58
2024-06-30,SKU_2,WH_1,SUP_7,North,18.0,530.0,13.0,228,0,19.76,35.1,0,0,22.46
2024-07-01,SKU_2,WH_1,SUP_7,West,-15.0,-515.0,13.0,228,0,-19.76,-35.1,0,0,-13.55
2024-07-02,SKU_2,WH_1,SUP_7,South,19.0,496.0,13.0,228,0,19.76,35.1,1,0,23.12
2024-07-03,SKU_2,WH_1,SUP_7,South,13.0,483.0,13.0,228,0,19.76,35.1,0,0,9.9
2024-07-04,SKU_2,WH_1,SUP_7,North,22.0,461.0,13.0,228,0,19.76,35.1,1,0,23.25
2024-07-05,SKU_2,WH_1,SUP_7,South,22.0,439.0,13.0,228,0,19.76,35.1,0,0,15.92
2024-07-06,SKU_2,WH_1,SUP_7,West,,419.0,13.0,228,0,19.76,35.1,1,0,24.49
2024-07-07,SKU_2,WH_1,SUP_7,North,25.0,394.0,13.0,228,0,19.76,35.1,0,0,24.32
2024-07-08,SKU_2,WH_1,SUP_7,South,10.0,384.0,13.0,228,0,19.76,35.1,0,0,8.88
2024-07-09,SKU_2,WH_1,SUP_7,North,13.0,,13.0,228,0,19.76,35.1,0,0,14.14
2024-07-10,SKU_2,WH_1,SUP_7,,24.0,347.0,,228,0,19.76,35.1,0,0,26.6
2024-07-11,SKU_2,WH_1,SUP_7,North,12.0,335.0,13.0,228,0,19.76,35.1,0,0,13.98
2024-07-12,SKU_2,WH_1,SUP_7,West,24.0,311.0,13.0,228,0,19.76,35.1,0,0,22.54
2024-07-13,SKU_2,WH_1,SUP_7,West,29.0,282.0,13.0,228,0,19.76,35.1,1,0,28.23
2024-07-14,SKU_2,WH_1,SUP_7,North,15.0,267.0,13.0,228,0,19.76,35.1,0,0,12.55
2024-07-15,SKU_2,WH_1,SUP_7,West,20.0,247.0,13.0,228,0,19.76,35.1,0,0,
2024-07-16,SKU_2,WH_1,SUP_7,West,21.0,226.0,13.0,228,0,19.76,35.1,0,0,16.0
2024-07-17,SKU_2,WH_1,SUP_7,South,24.0,583.0,13.0,228,381,19.76,35.1,0,0,26.65
2024-07-18,SKU_2,WH_1,SUP_7,,17.0,566.0,13.0,228,0,19.76,35.1,0,0,14.89
2024-07-19,SKU_2,WH_1,SUP_7,South,18.0,548.0,13.0,228,0,19.76,35.1,0,0,
2024-07-20,SKU_2,WH_1,SUP_7,East,21.0,527.0,13.0,228,0,19.76,35.1,0,0,15.78
2024-07-21,SKU_2,WH_1,SUP_7,West,17.0,510.0,13.0,228,0,19.76,35.1,0,0,19.0
2024-07-22,SKU_2,WH_1,SUP_7,??UNKNOWN??,19.0,491.0,13.0,228,0,19.76,35.1,0,0,20.38
2024-07-23,SKU_2,WH_1,SUP_7,North,14.0,477.0,13.0,228,0,19.76,35.1,1,0,15.99
2024-07-24,SKU_2,WH_1,SUP_7,East,20.0,457.0,13.0,228,0,19.76,35.1,0,0,16.96
2024-07-25,SKU_2,WH_1,SUP_7,East,23.0,434.0,13.0,228,0,19.76,35.1,0,0,24.43
2024-07-26,SKU_2,WH_1,SUP_7,South,17.0,417.0,13.0,228,0,19.76,35.1,0,0,8.98
2024-07-27,SKU_2,WH_1,SUP_7,East,26.0,391.0,13.0,228,0,19.76,35.1,1,0,27.1
2024-07-28,SKU_2,WH_1,SUP_7,East,-19.0,-372.0,13.0,228,0,-19.76,-35.1,0,0,-17.78
2024-07-29,SKU_2,WH_1,SUP_7,North,12.0,360.0,13.0,228,0,19.76,35.1,0,0,8.84
2024-07-30,SKU_2,WH_1,SUP_7,South,,346.0,13.0,228,0,19.76,35.1,0,0,17.34
2024-07-31,SKU_2,WH_1,SUP_7,South,9.0,337.0,13.0,228,0,19.76,35.1,0,0,8.41
2024-08-01,SKU_2,WH_1,SUP_7,East,18.0,319.0,13.0,228,0,19.76,35.1,0,0,17.82
2024-08-02,SKU_2,WH_1,SUP_7,West,21.0,298.0,13.0,228,0,19.76,35.1,0,0,26.67
2024-08-03,SKU_2,WH_1,SUP_7,North,13.0,285.0,13.0,228,0,19.76,35.1,0,0,9.04
2024-08-04,SKU_2,WH_1,SUP_7,West,17.0,268.0,13.0,228,0,19.76,35.1,0,0,16.78
2024-08-05,SKU_2,WH_1,SUP_7,South,7.0,261.0,13.0,228,0,19.76,35.1,0,0,N/A
2024-08-06,SKU_2,WH_1,SUP_7,East,13.0,248.0,13.0,228,0,19.76,35.1,0,0,15.93
2024-08-07,SKU_2,WH_1,SUP_7,West,12.0,236.0,13.0,228,0,19.76,35.1,0,0,12.74
2024-08-08,SKU_2,WH_1,SUP_7,West,21.0,215.0,,228,0,19.76,35.1,0,0,23.71
2024-08-09,SKU_2,WH_1,SUP_7,East,16.0,612.0,13.0,228,413,19.76,35.1,0,0,19.8
2024-08-10,SKU_2,WH_1,SUP_7,East,3.0,609.0,13.0,228,0,19.76,35.1,0,0,0.0
2024-08-11,SKU_2,WH_1,SUP_7,East,4.0,605.0,13.0,228,0,19.76,35.1,0,0,3.16
2024-08-12,SKU_2,WH_1,SUP_7,South,4.0,601.0,13.0,228,0,19.76,35.1,0,0,9.22
2024-08-13,SKU_2,WH_1,SUP_7,North,9.0,592.0,13.0,228,0,19.76,35.1,0,0,9.42
2024-08-14,SKU_2,WH_1,SUP_7,West,15.0,577.0,13.0,228,0,19.76,35.1,0,0,14.98
2024-08-15,SKU_2,WH_1,SUP_7,North,missing,562.0,,228,0,19.76,35.1,0,0,14.88
2024-08-16,SKU_2,WH_1,SUP_7,South,16.0,546.0,13.0,228,0,19.76,35.1,0,0,18.89
2024-08-17,SKU_2,WH_1,SUP_7,,16.0,530.0,13.0,228,0,19.76,35.1,0,0,14.15
2024-08-18,SKU_2,WH_1,SUP_7,South,13.0,517.0,13.0,228,0,19.76,35.1,0,0,15.12
2024-08-19,SKU_2,WH_1,SUP_7,North,13.0,504.0,13.0,228,0,19.76,35.1,0,0,13.76
2024-08-20,SKU_2,WH_1,SUP_7,North,0.0,504.0,13.0,228,0,19.76,35.1,0,0,0.58
2024-08-21,SKU_2,WH_1,SUP_7,East,10.0,494.0,,228,0,19.76,35.1,0,0,12.14
2024-08-22,SKU_2,WH_1,SUP_7,South,13.0,481.0,13.0,228,0,19.76,35.1,0,0,9.59
2024-08-23,SKU_2,WH_1,SUP_7,South,11.0,470.0,13.0,228,0,19.76,35.1,0,0,13.53
2024-08-24,SKU_2,WH_1,SUP_7,East,8.0,462.0,13.0,228,0,19.76,35.1,0,0,6.82
2024-08-25,SKU_2,WH_1,SUP_7,North,0.0,462.0,13.0,228,0,19.76,35.1,0,0,0.0
2024-08-26,SKU_2,WH_1,SUP_7,East,11.0,451.0,13.0,228,0,19.76,35.1,0,0,10.65
2024-08-27,SKU_2,WH_1,SUP_7,??UNKNOWN??,3.0,448.0,13.0,228,0,19.76,35.1,0,0,3.9
not_a_date,SKU_2,WH_1,SUP_7,South,17.0,431.0,13.0,228,0,19.76,35.1,0,0,
2024-08-29,SKU_2,WH_1,SUP_7,North,14.0,417.0,13.0,228,0,19.76,35.1,0,0,13.09
2024-08-30,SKU_2,WH_1,SUP_7,West,14.0,403.0,13.0,228,0,19.76,35.1,0,0,13.74
2024-08-31,SKU_2,WH_1,SUP_7,West,13.0,390.0,13.0,228,0,19.76,35.1,0,0,11.82
2024-09-01,SKU_2,WH_1,SUP_7,East,15.0,375.0,13.0,228,0,19.76,35.1,0,0,13.11
2024-09-02,SKU_2,WH_1,SUP_7,East,11.0,364.0,13.0,228,0,19.76,35.1,1,0,9.11
2024-09-03,SKU_2,WH_1,SUP_7,North,8.0,356.0,13.0,228,0,19.76,35.1,0,0,2.81
2024-09-04,SKU_2,WH_1,SUP_7,South,missing,337.0,13.0,228,0,19.76,35.1,1,0,22.53
2024-09-05,SKU_2,WH_1,SUP_7,South,12.0,325.0,13.0,228,0,19.76,35.1,0,0,12.37
2024-09-06,SKU_2,WH_1,SUP_7,West,9.0,316.0,13.0,228,0,19.76,35.1,0,0,6.19
2024-09-07,SKU_2,WH_1,SUP_7,North,9.0,307.0,13.0,228,0,19.76,35.1,0,0,9.52
2024-09-08,SKU_2,WH_1,SUP_7,North,11.0,296.0,13.0,228,0,19.76,35.1,0,0,11.2
2024-09-09,SKU_2,WH_1,SUP_7,East,13.0,283.0,13.0,228,0,19.76,35.1,1,0,13.43
2024-09-10,SKU_2,WH_1,SUP_7,East,11.0,272.0,13.0,228,0,19.76,35.1,0,0,14.21
2024-09-11,SKU_2,WH_1,SUP_7,North,14.0,258.0,13.0,228,0,19.76,35.1,0,0,14.54
2024-09-12,SKU_2,WH_1,SUP_7,East,11.0,247.0,13.0,228,0,19.76,35.1,1,0,14.01
2024-09-13,SKU_2,WH_1,SUP_7,North,4.0,243.0,13.0,228,0,19.76,35.1,0,0,1.53
2024-09-14,SKU_2,WH_1,SUP_7,North,6.0,237.0,13.0,228,0,19.76,35.1,0,0,2.05
2024-09-15,SKU_2,WH_1,SUP_7,South,4.0,233.0,13.0,228,0,19.76,35.1,0,0,3.23
2024-09-16,SKU_2,WH_1,SUP_7,East,19.0,214.0,13.0,228,0,19.76,35.1,0,0,18.64
2024-09-17,SKU_2,WH_1,SUP_7,North,15.0,541.0,13.0,228,342,19.76,35.1,0,0,19.29
2024-09-18,SKU_2,WH_1,SUP_7,South,17.0,524.0,13.0,228,0,19.76,35.1,0,0,11.49
2024-09-19,SKU_2,WH_1,SUP_7,West,15.0,509.0,13.0,228,0,19.76,35.1,0,0,14.76
2024-09-20,SKU_2,WH_1,SUP_7,West,1.0,508.0,13.0,228,0,19.76,35.1,0,0,3.95
2024-09-21,SKU_2,WH_1,SUP_7,West,3.0,505.0,13.0,228,0,19.76,35.1,0,0,0.0
2024-09-22,SKU_2,WH_1,SUP_7,North,11.0,494.0,13.0,228,0,19.76,35.1,1,0,12.12
2024-09-23,SKU_2,WH_1,SUP_7,,18.0,476.0,13.0,228,0,19.76,35.1,0,0,15.35
2024-09-24,SKU_2,WH_1,SUP_7,North,5.0,471.0,13.0,228,0,19.76,35.1,0,0,2.39
2024-09-25,SKU_2,WH_1,SUP_7,West,11.0,460.0,13.0,228,0,19.76,35.1,0,0,13.22
2024-09-26,SKU_2,WH_1,SUP_7,West,91.0,3171.0,13.0,228,0,19.76,35.1,0,0,61.76773145560645
2024-09-27,SKU_2,WH_1,SUP_7,West,1.0,452.0,13.0,228,0,19.76,35.1,0,0,0.0
2024-09-28,SKU_2,WH_1,SUP_7,South,7.0,445.0,13.0,228,0,19.76,35.1,0,0,5.47
2024-09-29,SKU_2,WH_1,SUP_7,South,11.0,434.0,13.0,228,0,19.76,35.1,0,0,9.51
2024-09-30,SKU_2,WH_1,SUP_7,South,5.0,429.0,13.0,228,0,19.76,35.1,0,0,2.91
2024-10-01,SKU_2,WH_1,SUP_7,North,8.0,421.0,,228,0,19.76,35.1,0,0,9.1
2024-10-02,SKU_2,WH_1,SUP_7,North,11.0,410.0,13.0,228,0,19.76,35.1,0,0,9.54
2024-10-03,SKU_2,WH_1,SUP_7,East,14.0,396.0,13.0,228,0,19.76,35.1,0,0,15.34
2024-10-04,SKU_2,WH_1,SUP_7,North,18.0,378.0,13.0,228,0,19.76,35.1,0,0,21.26
2024-10-05,SKU_2,WH_1,SUP_7,South,0.0,378.0,13.0,228,0,19.76,35.1,0,0,1.24
2024-10-06,SKU_2,WH_1,SUP_7,South,10.0,368.0,13.0,228,0,19.76,35.1,0,0,9.69
2024-10-07,SKU_2,WH_1,SUP_7,West,9.0,359.0,13.0,228,0,19.76,35.1,0,0,5.43
2024-10-08,SKU_2,WH_1,SUP_7,South,,350.0,13.0,228,0,19.76,35.1,0,0,6.51
2024-10-09,SKU_2,WH_1,SUP_7,North,14.0,,13.0,228,0,19.76,35.1,0,0,N/A
2024-10-10,SKU_2,WH_1,SUP_7,South,9.0,327.0,13.0,228,0,19.76,35.1,0,0,11.48
2024-10-11,SKU_2,WH_1,SUP_7,East,13.0,314.0,13.0,228,0,19.76,35.1,1,0,8.99
2024-10-12,SKU_2,WH_1,SUP_7,North,12.0,302.0,13.0,228,0,19.76,35.1,0,0,13.47
2024-10-13,SKU_2,WH_1,SUP_7,East,15.0,287.0,13.0,228,0,19.76,35.1,0,0,11.6
2024-10-14,SKU_2,WH_1,SUP_7,North,10.0,277.0,,228,0,19.76,35.1,0,0,12.87
2024-10-15,SKU_2,WH_1,SUP_7,South,13.0,264.0,,228,0,19.76,35.1,0,0,14.66
2024-10-16,SKU_2,WH_1,SUP_7,,8.0,256.0,13.0,228,0,19.76,35.1,0,0,10.47
2024-10-17,SKU_2,WH_1,SUP_7,North,5.0,251.0,13.0,228,0,19.76,35.1,0,0,2.28
2024-10-18,SKU_2,WH_1,SUP_7,North,12.0,239.0,13.0,228,0,19.76,35.1,0,0,11.37
2024-10-19,SKU_2,WH_1,SUP_7,East,,232.0,13.0,228,0,19.76,35.1,0,0,5.24
2024-10-20,SKU_2,WH_1,SUP_7,North,6.0,226.0,13.0,228,0,19.76,35.1,1,0,N/A
2024-10-21,SKU_2,WH_1,SUP_7,South,3.0,566.0,13.0,228,343,19.76,35.1,0,0,3.54
2024-10-22,SKU_2,WH_1,SUP_7,East,0.0,566.0,13.0,228,0,19.76,35.1,0,0,0.0
2024-10-23,SKU_2,WH_1,SUP_7,East,10.0,556.0,13.0,228,0,19.76,35.1,0,0,10.09
2024-10-24,SKU_2,WH_1,SUP_7,South,13.0,543.0,13.0,228,0,19.76,35.1,1,0,9.62
2024-10-25,SKU_2,WH_1,SUP_7,East,10.0,533.0,13.0,228,0,19.76,35.1,0,0,6.13
2024-10-26,SKU_2,WH_1,SUP_7,West,5.0,528.0,13.0,228,0,19.76,35.1,0,0,5.33
2024-10-27,SKU_2,WH_1,SUP_7,East,24.0,504.0,13.0,228,0,19.76,35.1,1,0,21.28
2024-10-28,SKU_2,WH_1,SUP_7,South,10.0,494.0,13.0,228,0,19.76,35.1,0,0,9.64
2024-10-29,SKU_2,WH_1,SUP_7,North,5.0,489.0,13.0,228,0,19.76,35.1,0,0,0.0
2024-10-30,SKU_2,WH_1,SUP_7,South,5.0,484.0,13.0,228,0,19.76,35.1,0,0,2.74
2024-10-31,SKU_2,WH_1,SUP_7,North,5.0,479.0,13.0,228,0,19.76,35.1,0,0,6.98
2024-11-01,SKU_2,WH_1,SUP_7,North,16.0,463.0,13.0,228,0,19.76,35.1,0,0,12.25
2024-11-02,SKU_2,WH_1,SUP_7,West,17.0,446.0,13.0,228,0,19.76,35.1,0,0,20.16
2024-11-03,SKU_2,WH_1,SUP_7,North,13.0,433.0,13.0,228,0,19.76,35.1,0,0,15.0
2024-11-04,SKU_2,WH_1,SUP_7,East,14.0,419.0,13.0,228,0,19.76,35.1,0,0,10.57
2024-11-05,SKU_2,WH_1,SUP_7,West,7.0,412.0,13.0,228,0,19.76,35.1,0,0,9.54
2024-11-06,SKU_2,WH_1,SUP_7,South,14.0,398.0,13.0,228,0,19.76,35.1,1,0,8.57
2024-11-07,SKU_2,WH_1,SUP_7,West,missing,,13.0,228,0,19.76,35.1,0,0,9.56
2024-11-08,SKU_2,WH_1,SUP_7,North,7.0,379.0,13.0,228,0,19.76,35.1,0,0,4.68
2024-11-09,SKU_2,WH_1,SUP_7,East,6.0,373.0,13.0,228,0,19.76,35.1,0,0,6.05
2024-11-10,SKU_2,WH_1,SUP_7,,13.0,360.0,13.0,228,0,19.76,35.1,0,0,14.12
2024-11-11,SKU_2,WH_1,SUP_7,East,8.0,352.0,13.0,228,0,19.76,35.1,0,0,6.38
2024-11-12,SKU_2,WH_1,SUP_7,East,10.0,342.0,13.0,228,0,19.76,35.1,0,0,6.13
2024-11-13,SKU_2,WH_1,SUP_7,North,10.0,332.0,13.0,228,0,19.76,35.1,0,0,9.98
2024-11-14,SKU_2,WH_1,SUP_7,East,8.0,324.0,13.0,228,0,19.76,35.1,0,0,5.51
2024-11-15,SKU_2,WH_1,SUP_7,South,11.0,313.0,13.0,228,0,19.76,35.1,0,0,11.86
2024-11-16,SKU_2,WH_1,SUP_7,West,10.0,303.0,,228,0,19.76,35.1,0,0,9.97
2024-11-17,SKU_2,WH_1,SUP_7,West,20.0,283.0,13.0,228,0,19.76,35.1,1,0,17.83
2024-11-18,SKU_2,WH_1,SUP_7,North,10.0,273.0,13.0,228,0,19.76,35.1,0,0,12.97
2024-11-19,SKU_2,WH_1,SUP_7,North,8.0,265.0,13.0,228,0,19.76,35.1,0,0,15.68
2024-11-20,SKU_2,WH_1,SUP_7,South,13.0,252.0,13.0,228,0,19.76,35.1,0,0,
2024-11-21,SKU_2,WH_1,SUP_7,West,11.0,241.0,13.0,228,0,19.76,35.1,0,0,16.14
2024-11-22,SKU_2,WH_1,SUP_7,South,0.0,241.0,13.0,228,0,19.76,35.1,0,0,0.23
2024-11-23,SKU_2,WH_1,SUP_7,West,10.0,,13.0,228,0,19.76,35.1,0,0,12.56
2024-11-24,SKU_2,WH_1,SUP_7,West,22.0,209.0,13.0,228,0,19.76,35.1,0,0,22.99
2024-11-25,SKU_2,WH_1,SUP_7,East,13.0,475.0,13.0,228,279,19.76,35.1,0,0,12.05
2024-11-26,SKU_2,WH_1,SUP_7,West,20.0,455.0,13.0,228,0,19.76,35.1,0,0,16.15
2024-11-27,SKU_2,WH_1,SUP_7,West,10.0,445.0,13.0,228,0,19.76,35.1,0,0,13.27
2024-11-28,SKU_2,WH_1,SUP_7,East,12.0,433.0,13.0,228,0,19.76,35.1,0,0,14.11
2024-11-29,SKU_2,WH_1,SUP_7,North,,412.0,,228,0,19.76,35.1,0,0,21.37
2024-11-30,SKU_2,WH_1,SUP_7,South,23.0,389.0,13.0,228,0,19.76,35.1,0,0,21.06
2024-12-01,SKU_2,WH_1,SUP_7,North,,380.0,13.0,228,0,19.76,35.1,0,0,12.25
2024-12-02,SKU_2,WH_1,SUP_7,South,20.0,360.0,13.0,228,0,19.76,35.1,0,0,20.7
2024-12-03,SKU_2,WH_1,SUP_7,South,15.0,345.0,13.0,228,0,19.76,35.1,0,0,10.92
2024-12-04,SKU_2,WH_1,SUP_7,North,13.0,332.0,13.0,228,0,19.76,35.1,0,0,12.91
2024-12-05,SKU_2,WH_1,SUP_7,North,20.0,312.0,13.0,228,0,19.76,35.1,1,0,19.96
2024-12-06,SKU_2,WH_1,SUP_7,East,25.0,287.0,13.0,228,0,19.76,35.1,0,0,28.49
2024-12-07,SKU_2,WH_1,SUP_7,West,18.0,269.0,13.0,228,0,19.76,35.1,0,0,19.64
2024-12-08,SKU_2,WH_1,SUP_7,East,12.0,257.0,13.0,228,0,19.76,35.1,0,0,17.13
2024-12-09,SKU_2,WH_1,SUP_7,East,21.0,236.0,13.0,228,0,19.76,35.1,0,0,25.23
2024-12-10,SKU_2,WH_1,SUP_7,East,15.0,221.0,13.0,228,0,19.76,35.1,0,0,12.98
2024-12-11,SKU_2,WH_1,SUP_7,South,6.0,644.0,13.0,228,429,19.76,35.1,0,0,8.02
2024-12-12,SKU_2,WH_1,SUP_7,West,13.0,631.0,13.0,228,0,19.76,35.1,0,0,12.11
2024-12-13,SKU_2,WH_1,SUP_7,West,18.0,613.0,13.0,228,0,19.76,35.1,0,0,17.11
2024-12-14,SKU_2,WH_1,SUP_7,South,15.0,,13.0,228,0,19.76,35.1,0,0,12.48
2024-12-15,SKU_2,WH_1,SUP_7,South,9.0,589.0,13.0,228,0,19.76,35.1,1,0,9.94
2024-12-16,SKU_2,WH_1,SUP_7,East,27.0,562.0,13.0,228,0,19.76,35.1,1,0,29.33
2024-12-17,SKU_2,WH_1,SUP_7,West,19.0,543.0,13.0,228,0,19.76,35.1,0,0,21.29
2024-12-18,SKU_2,WH_1,SUP_7,South,20.0,523.0,13.0,228,0,19.76,35.1,0,0,20.98
2024-12-19,SKU_2,WH_1,SUP_7,North,16.0,507.0,13.0,228,0,19.76,35.1,0,0,16.69
2024-12-20,SKU_2,WH_1,SUP_7,,28.0,479.0,13.0,228,0,19.76,35.1,0,0,23.12
2024-12-21,SKU_2,WH_1,SUP_7,North,20.0,459.0,13.0,228,0,19.76,35.1,0,0,22.97
2024-12-22,SKU_2,WH_1,SUP_7,South,26.0,433.0,13.0,228,0,19.76,35.1,0,0,30.9
2024-12-23,SKU_2,WH_1,SUP_7,North,14.0,419.0,13.0,228,0,19.76,35.1,0,0,13.12
2024-12-24,SKU_2,WH_1,SUP_7,West,21.0,398.0,13.0,228,0,19.76,35.1,0,0,18.05
2024-12-25,SKU_2,WH_1,SUP_7,West,14.0,384.0,13.0,228,0,19.76,35.1,0,0,18.31
2024-12-26,SKU_2,WH_1,SUP_7,,24.0,,13.0,228,0,19.76,35.1,0,0,23.09
2024-12-27,SKU_2,WH_1,SUP_7,North,15.0,345.0,13.0,228,0,19.76,35.1,0,0,12.9
2024-12-28,SKU_2,WH_1,SUP_7,West,27.0,318.0,13.0,228,0,19.76,35.1,1,0,22.43
2024-12-29,SKU_2,WH_1,SUP_7,South,22.0,296.0,13.0,228,0,19.76,35.1,0,0,
2024-12-30,SKU_2,WH_1,SUP_7,North,25.0,271.0,13.0,228,0,19.76,35.1,0,0,20.89
2024-01-01,SKU_2,WH_2,SUP_10,North,22.0,925.0,8.0,377,0,16.77,22.06,0,0,22.39
2024-01-02,SKU_2,WH_2,SUP_10,South,28.0,897.0,8.0,377,0,16.77,22.06,0,0,29.79
2024-01-03,SKU_2,WH_2,SUP_10,East,30.0,867.0,8.0,377,0,16.77,22.06,0,0,31.6
2024-01-04,SKU_2,WH_2,SUP_10,North,20.0,847.0,8.0,377,0,16.77,22.06,0,0,17.64
2024-01-05,SKU_2,WH_2,SUP_10,West,27.0,820.0,8.0,377,0,16.77,22.06,0,0,30.18
2024-01-06,SKU_2,WH_2,SUP_10,West,24.0,796.0,8.0,377,0,16.77,22.06,0,0,27.76
2024-01-07,SKU_2,WH_2,SUP_10,East,13.0,783.0,8.0,377,0,16.77,22.06,0,0,17.14
2024-01-08,SKU_2,WH_2,SUP_10,East,13.0,770.0,,377,0,16.77,22.06,0,0,14.6
2024-01-09,SKU_2,WH_2,SUP_10,East,31.0,739.0,8.0,377,0,16.77,22.06,0,0,33.9
2024-01-10,SKU_2,WH_2,SUP_10,North,21.0,718.0,8.0,377,0,16.77,22.06,0,0,23.6
2024-01-11,SKU_2,WH_2,SUP_10,West,22.0,,8.0,377,0,16.77,22.06,0,0,25.43
2024-01-12,SKU_2,WH_2,SUP_10,East,21.0,675.0,8.0,377,0,16.77,22.06,0,0,29.17
2024-01-13,SKU_2,WH_2,SUP_10,East,21.0,654.0,8.0,377,0,16.77,22.06,0,0,23.33
2024-01-14,SKU_2,WH_2,SUP_10,East,21.0,633.0,8.0,377,0,16.77,22.06,0,0,20.62
2024-01-15,SKU_2,WH_2,SUP_10,South,14.0,619.0,8.0,377,0,16.77,22.06,0,0,16.27
2024-01-16,SKU_2,WH_2,SUP_10,West,22.0,597.0,8.0,377,0,16.77,22.06,0,0,25.26
2024-01-17,SKU_2,WH_2,SUP_10,West,22.0,575.0,8.0,377,0,16.77,22.06,0,0,25.25
2024-01-18,SKU_2,WH_2,SUP_10,South,29.0,546.0,8.0,377,0,16.77,22.06,0,0,26.15
2024-01-19,SKU_2,WH_2,SUP_10,South,23.0,523.0,8.0,377,0,16.77,22.06,0,0,21.75
2024-01-20,SKU_2,WH_2,SUP_10,South,25.0,498.0,8.0,377,0,16.77,22.06,0,0,27.09
2024-01-21,SKU_2,WH_2,SUP_10,South,28.0,470.0,8.0,377,0,16.77,22.06,1,0,24.75
2024-01-22,SKU_2,WH_2,SUP_10,South,21.0,449.0,8.0,377,0,16.77,22.06,0,0,20.87
2024-01-23,SKU_2,WH_2,SUP_10,West,24.0,425.0,8.0,377,0,16.77,22.06,0,0,23.93
2024-01-24,SKU_2,WH_2,SUP_10,South,21.0,,8.0,377,0,16.77,22.06,0,0,21.17
2024-01-25,SKU_2,WH_2,SUP_10,West,24.0,380.0,8.0,377,0,16.77,22.06,1,0,
2024-01-26,SKU_2,WH_2,SUP_10,East,21.0,359.0,8.0,377,0,16.77,22.06,0,0,19.17
2024-01-27,SKU_2,WH_2,SUP_10,West,35.0,603.0,8.0,377,279,16.77,22.06,1,0,37.31
2024-01-28,SKU_2,WH_2,SUP_10,West,21.0,582.0,8.0,377,0,16.77,22.06,0,0,23.41
2024-01-29,SKU_2,WH_2,SUP_10,South,22.0,560.0,8.0,377,0,16.77,22.06,0,0,26.59
2024-01-30,SKU_2,WH_2,SUP_10,West,27.0,533.0,8.0,377,0,16.77,22.06,0,0,29.37
2024-01-31,SKU_2,WH_2,SUP_10,East,20.0,513.0,8.0,377,0,16.77,22.06,0,0,21.98
2024-02-01,SKU_2,WH_2,SUP_10,East,28.0,485.0,8.0,377,0,16.77,22.06,0,0,30.35
2024-02-02,SKU_2,WH_2,SUP_10,,23.0,462.0,8.0,377,0,16.77,22.06,0,0,19.91
2024-02-03,SKU_2,WH_2,SUP_10,West,24.0,438.0,8.0,377,0,16.77,22.06,0,0,22.67
2024-02-04,SKU_2,WH_2,SUP_10,,35.0,403.0,8.0,377,0,16.77,22.06,0,0,34.66
2024-02-05,SKU_2,WH_2,SUP_10,West,30.0,373.0,8.0,377,0,16.77,22.06,0,0,29.69
2024-02-06,SKU_2,WH_2,SUP_10,East,40.0,631.0,8.0,377,298,16.77,22.06,1,0,34.33
2024-02-07,SKU_2,WH_2,SUP_10,North,24.0,607.0,8.0,377,0,16.77,22.06,0,0,
2024-02-08,SKU_2,WH_2,SUP_10,West,24.0,583.0,8.0,377,0,16.77,22.06,0,0,15.56
2024-02-09,SKU_2,WH_2,SUP_10,East,49.0,534.0,8.0,377,0,16.77,22.06,1,0,54.22
2024-02-10,SKU_2,WH_2,SUP_10,West,31.0,503.0,8.0,377,0,16.77,22.06,0,0,37.06
2024-02-11,SKU_2,WH_2,SUP_10,North,33.0,470.0,8.0,377,0,16.77,22.06,1,0,35.97
2024-02-12,SKU_2,WH_2,SUP_10,,29.0,441.0,8.0,377,0,16.77,22.06,0,0,
2024-02-13,SKU_2,WH_2,SUP_10,West,27.0,414.0,8.0,377,0,16.77,22.06,0,0,32.02
2024-02-14,SKU_2,WH_2,SUP_10,East,33.0,381.0,8.0,377,0,16.77,22.06,0,0,34.17
2024-02-15,SKU_2,WH_2,SUP_10,West,38.0,343.0,8.0,377,0,16.77,22.06,0,0,36.87
2024-02-16,SKU_2,WH_2,SUP_10,West,25.0,538.0,8.0,377,220,16.77,22.06,0,0,25.25
2024-02-17,SKU_2,WH_2,SUP_10,,28.0,510.0,8.0,377,0,16.77,22.06,0,0,N/A
2024-02-18,SKU_2,WH_2,SUP_10,West,37.0,473.0,8.0,377,0,16.77,22.06,0,0,43.18
2024-02-19,SKU_2,WH_2,SUP_10,West,30.0,443.0,8.0,377,0,16.77,22.06,0,0,33.3
2024-02-20,SKU_2,WH_2,SUP_10,North,28.0,415.0,8.0,377,0,16.77,22.06,0,0,29.99
2024-02-21,SKU_2,WH_2,SUP_10,South,23.0,392.0,8.0,377,0,16.77,22.06,0,0,
2024-02-22,SKU_2,WH_2,SUP_10,North,29.0,363.0,8.0,377,0,16.77,22.06,0,0,28.65
2024-02-23,SKU_2,WH_2,SUP_10,South,17.0,680.0,8.0,377,334,16.77,22.06,0,0,18.46
2024-02-24,SKU_2,WH_2,SUP_10,South,23.0,,8.0,377,0,16.77,22.06,0,0,21.07
2024-02-25,SKU_2,WH_2,SUP_10,West,26.0,631.0,8.0,377,0,16.77,22.06,0,0,24.76
2024-02-26,SKU_2,WH_2,SUP_10,North,33.0,598.0,8.0,377,0,16.77,22.06,0,0,35.81
2024-02-27,SKU_2,WH_2,SUP_10,South,41.0,557.0,,377,0,16.77,22.06,0,0,36.81
2024-02-28,SKU_2,WH_2,SUP_10,East,32.0,525.0,8.0,377,0,16.77,22.06,0,0,37.46
2024-02-29,SKU_2,WH_2,SUP_10,South,15.0,510.0,8.0,377,0,16.77,22.06,0,0,15.97
2024-03-01,SKU_2,WH_2,SUP_10,West,33.0,477.0,8.0,377,0,16.77,22.06,0,0,34.96
2024-03-02,SKU_2,WH_2,SUP_10,West,35.0,442.0,8.0,377,0,16.77,22.06,0,0,35.78
2024-03-03,SKU_2,WH_2,SUP_10,West,33.0,409.0,8.0,377,0,16.77,22.06,0,0,33.24
2024-03-04,SKU_2,WH_2,SUP_10,West,31.0,378.0,8.0,377,0,16.77,22.06,0,0,37.61
2024-03-05,SKU_2,WH_2,SUP_10,East,31.0,347.0,8.0,377,0,16.77,22.06,0,0,30.16
2024-03-06,SKU_2,WH_2,SUP_10,North,15.0,750.0,8.0,377,418,16.77,22.06,0,0,18.33
2024-03-07,SKU_2,WH_2,SUP_10,East,30.0,720.0,8.0,377,0,16.77,22.06,0,0,28.9
2024-03-08,SKU_2,WH_2,SUP_10,South,25.0,695.0,8.0,377,0,16.77,22.06,0,0,29.1
2024-03-09,SKU_2,WH_2,SUP_10,West,25.0,670.0,8.0,377,0,16.77,22.06,0,0,23.92
2024-03-10,SKU_2,WH_2,SUP_10,South,34.0,636.0,8.0,377,0,16.77,22.06,0,0,37.22
2024-03-11,SKU_2,WH_2,SUP_10,North,27.0,609.0,8.0,377,0,16.77,22.06,0,0,22.35
2024-03-12,SKU_2,WH_2,SUP_10,West,26.0,583.0,8.0,377,0,16.77,22.06,0,0,23.07
2024-03-13,SKU_2,WH_2,SUP_10,North,32.0,551.0,8.0,377,0,16.77,22.06,0,0,33.12
2024-03-14,SKU_2,WH_2,SUP_10,East,23.0,528.0,,377,0,16.77,22.06,0,0,20.69
2024-03-15,SKU_2,WH_2,SUP_10,North,32.0,496.0,8.0,377,0,16.77,22.06,1,0,29.42
2024-03-16,SKU_2,WH_2,SUP_10,West,,462.0,8.0,377,0,16.77,22.06,0,0,38.31
2024-03-17,SKU_2,WH_2,SUP_10,North,31.0,431.0,8.0,377,0,16.77,22.06,0,0,35.26
2024-03-18,SKU_2,WH_2,SUP_10,North,24.0,407.0,8.0,377,0,16.77,22.06,0,0,20.65
2024-03-19,SKU_2,WH_2,SUP_10,West,23.0,384.0,8.0,377,0,16.77,22.06,0,0,25.61
2024-03-20,SKU_2,WH_2,SUP_10,West,32.0,352.0,,377,0,16.77,22.06,0,0,31.65
2024-03-21,SKU_2,WH_2,SUP_10,South,,572.0,8.0,377,255,16.77,22.06,0,0,39.82
2024-03-22,SKU_2,WH_2,SUP_10,West,42.0,530.0,8.0,377,0,16.77,22.06,0,0,38.71
2024-03-23,SKU_2,WH_2,SUP_10,East,36.0,494.0,8.0,377,0,16.77,22.06,1,0,34.61
2024-03-24,SKU_2,WH_2,SUP_10,South,27.0,467.0,8.0,377,0,16.77,22.06,0,0,26.44
2024-03-25,SKU_2,WH_2,SUP_10,North,408.0,3031.0,8.0,377,0,16.77,22.06,0,0,93.92390532050469
2024-03-26,SKU_2,WH_2,SUP_10,West,25.0,,8.0,377,0,16.77,22.06,0,0,21.15
2024-03-27,SKU_2,WH_2,SUP_10,North,34.0,374.0,8.0,377,0,16.77,22.06,0,0,27.81
2024-03-28,SKU_2,WH_2,SUP_10,South,23.0,641.0,8.0,377,290,16.77,22.06,0,0,20.78
2024-03-29,SKU_2,WH_2,SUP_10,South,29.0,612.0,8.0,377,0,16.77,22.06,0,0,29.82
2024-03-30,SKU_2,WH_2,SUP_10,South,33.0,579.0,8.0,377,0,16.77,22.06,1,0,34.99
2024-03-31,SKU_2,WH_2,SUP_10,North,31.0,548.0,8.0,377,0,16.77,22.06,1,0,26.47
2024-04-01,SKU_2,WH_2,SUP_10,North,26.0,522.0,8.0,377,0,16.77,22.06,0,0,30.5
2024-04-02,SKU_2,WH_2,SUP_10,South,,491.0,8.0,377,0,16.77,22.06,0,0,27.38
2024-04-03,SKU_2,WH_2,SUP_10,North,32.0,459.0,8.0,377,0,16.77,22.06,0,0,37.92
2024-04-04,SKU_2,WH_2,SUP_10,East,22.0,437.0,8.0,377,0,16.77,22.06,0,0,20.02
2024-04-05,SKU_2,WH_2,SUP_10,West,31.0,406.0,8.0,377,0,16.77,22.06,0,0,33.7
2024-04-06,SKU_2,WH_2,SUP_10,East,22.0,384.0,8.0,377,0,16.77,22.06,0,0,23.0
2024-04-07,SKU_2,WH_2,SUP_10,West,308.0,1068.0,8.0,377,0,16.77,22.06,0,0,224.71731037596467
2024-04-08,SKU_2,WH_2,SUP_10,South,29.0,551.0,8.0,377,224,16.77,22.06,0,0,28.68
2024-04-09,SKU_2,WH_2,SUP_10,North,32.0,519.0,8.0,377,0,16.77,22.06,0,0,33.6
2024-04-10,SKU_2,WH_2,SUP_10,West,36.0,483.0,8.0,377,0,16.77,22.06,0,0,37.22
2024-04-11,SKU_2,WH_2,SUP_10,East,44.0,439.0,8.0,377,0,16.77,22.06,0,0,43.07
2024-04-12,SKU_2,WH_2,SUP_10,North,27.0,412.0,8.0,377,0,16.77,22.06,0,0,29.1
2024-04-13,SKU_2,WH_2,SUP_10,East,27.0,385.0,,377,0,16.77,22.06,0,0,27.38
2024-04-14,SKU_2,WH_2,SUP_10,East,36.0,349.0,8.0,377,0,16.77,22.06,1,0,30.88
2024-04-15,SKU_2,WH_2,SUP_10,,37.0,696.0,8.0,377,384,16.77,22.06,0,0,
2024-04-16,SKU_2,WH_2,SUP_10,South,34.0,662.0,8.0,377,0,16.77,22.06,0,0,31.66
2024-04-17,SKU_2,WH_2,SUP_10,South,27.0,635.0,8.0,377,0,16.77,22.06,0,0,26.97
2024-04-18,SKU_2,WH_2,SUP_10,West,28.0,607.0,8.0,377,0,16.77,22.06,0,0,26.3
2024-04-19,SKU_2,WH_2,SUP_10,North,322.0,4672.0,8.0,377,0,16.77,22.06,0,0,82.33832313515676
2024-04-20,SKU_2,WH_2,SUP_10,West,28.0,556.0,8.0,377,0,16.77,22.06,0,0,26.94
2024-04-21,SKU_2,WH_2,SUP_10,South,21.0,535.0,8.0,377,0,16.77,22.06,0,0,22.89
2024-04-22,SKU_2,WH_2,SUP_10,North,21.0,514.0,8.0,377,0,16.77,22.06,0,0,25.24
2024-04-23,SKU_2,WH_2,SUP_10,West,32.0,482.0,8.0,377,0,16.77,22.06,1,0,34.83
2024-04-24,SKU_2,WH_2,SUP_10,West,28.0,,8.0,377,0,16.77,22.06,0,0,27.49
2024-04-25,SKU_2,WH_2,SUP_10,North,23.0,431.0,8.0,377,0,16.77,22.06,0,0,26.06
2024-04-26,SKU_2,WH_2,SUP_10,West,37.0,394.0,8.0,377,0,16.77,22.06,0,0,39.01
2024-04-27,SKU_2,WH_2,SUP_10,South,24.0,370.0,8.0,377,0,16.77,22.06,0,0,25.61
2024-04-28,SKU_2,WH_2,SUP_10,South,29.0,700.0,8.0,377,359,16.77,22.06,0,0,N/A
2024-04-29,SKU_2,WH_2,SUP_10,,30.0,670.0,8.0,377,0,16.77,22.06,0,0,28.6
2024-04-30,SKU_2,WH_2,SUP_10,West,27.0,643.0,8.0,377,0,16.77,22.06,0,0,25.9
2024-05-01,SKU_2,WH_2,SUP_10,East,33.0,610.0,8.0,377,0,16.77,22.06,0,0,34.56
2024-05-02,SKU_2,WH_2,SUP_10,North,34.0,576.0,8.0,377,0,16.77,22.06,0,0,30.67
2024-05-03,SKU_2,WH_2,SUP_10,North,19.0,557.0,8.0,377,0,16.77,22.06,0,0,N/A
2024-05-04,SKU_2,WH_2,SUP_10,South,,535.0,8.0,377,0,16.77,22.06,1,0,22.59
2024-05-05,SKU_2,WH_2,SUP_10,North,32.0,503.0,8.0,377,0,16.77,22.06,0,0,26.98
2024-05-06,SKU_2,WH_2,SUP_10,North,33.0,470.0,8.0,377,0,16.77,22.06,1,0,34.87
2024-05-07,SKU_2,WH_2,SUP_10,North,23.0,447.0,8.0,377,0,16.77,22.06,0,0,24.41
2024-05-08,SKU_2,WH_2,SUP_10,North,29.0,418.0,8.0,377,0,16.77,22.06,0,0,31.43
2024-05-09,SKU_2,WH_2,SUP_10,West,28.0,390.0,8.0,377,0,16.77,22.06,0,0,19.52
2024-05-10,SKU_2,WH_2,SUP_10,South,27.0,363.0,8.0,377,0,16.77,22.06,0,0,25.88
2024-05-11,SKU_2,WH_2,SUP_10,East,36.0,633.0,8.0,377,306,16.77,22.06,0,0,40.8
2024-05-12,SKU_2,WH_2,SUP_10,South,23.0,610.0,8.0,377,0,16.77,22.06,0,0,23.68
2024-05-13,SKU_2,WH_2,SUP_10,South,26.0,584.0,8.0,377,0,16.77,22.06,0,0,27.95
2024-05-14,SKU_2,WH_2,SUP_10,East,24.0,560.0,8.0,377,0,16.77,22.06,0,0,24.39
2024-05-15,SKU_2,WH_2,SUP_10,North,28.0,532.0,8.0,377,0,16.77,22.06,0,0,26.61
2024-05-16,SKU_2,WH_2,SUP_10,South,30.0,502.0,8.0,377,0,16.77,22.06,0,0,26.17
2024-05-17,SKU_2,WH_2,SUP_10,West,18.0,484.0,8.0,377,0,16.77,22.06,0,0,15.14
2024-05-18,SKU_2,WH_2,SUP_10,South,31.0,453.0,8.0,377,0,16.77,22.06,1,0,33.43
2024-05-19,SKU_2,WH_2,SUP_10,West,31.0,422.0,8.0,377,0,16.77,22.06,0,0,29.79
2024-05-20,SKU_2,WH_2,SUP_10,North,34.0,388.0,8.0,377,0,16.77,22.06,0,0,36.99
2024-05-21,SKU_2,WH_2,SUP_10,West,20.0,368.0,8.0,377,0,16.77,22.06,0,0,21.12
2024-05-22,SKU_2,WH_2,SUP_10,East,23.0,732.0,,377,387,16.77,22.06,0,0,24.32
2024-05-23,SKU_2,WH_2,SUP_10,West,,713.0,8.0,377,0,16.77,22.06,0,0,
2024-05-24,SKU_2,WH_2,SUP_10,South,,676.0,8.0,377,0,16.77,22.06,1,0,41.05
2024-05-25,SKU_2,WH_2,SUP_10,South,19.0,657.0,8.0,377,0,16.77,22.06,0,0,21.55
2024-05-26,SKU_2,WH_2,SUP_10,West,31.0,626.0,8.0,377,0,16.77,22.06,0,0,31.93
2024-05-27,SKU_2,WH_2,SUP_10,,29.0,597.0,8.0,377,0,16.77,22.06,0,0,25.37
2024-05-28,SKU_2,WH_2,SUP_10,West,29.0,568.0,8.0,377,0,16.77,22.06,0,0,29.79
2024-05-29,SKU_2,WH_2,SUP_10,East,29.0,539.0,,377,0,16.77,22.06,0,0,27.84
2024-05-30,SKU_2,WH_2,SUP_10,,24.0,515.0,8.0,377,0,16.77,22.06,0,0,22.42
2024-05-31,SKU_2,WH_2,SUP_10,East,22.0,,8.0,377,0,16.77,22.06,0,0,20.01
2024-06-01,SKU_2,WH_2,SUP_10,North,,467.0,8.0,377,0,16.77,22.06,0,0,
2024-06-02,SKU_2,WH_2,SUP_10,,23.0,444.0,8.0,377,0,16.77,22.06,0,0,19.58
2024-06-03,SKU_2,WH_2,SUP_10,West,15.0,429.0,8.0,377,0,16.77,22.06,0,0,11.63
2024-06-04,SKU_2,WH_2,SUP_10,South,16.0,413.0,8.0,377,0,16.77,22.06,0,0,15.12
2024-06-05,SKU_2,WH_2,SUP_10,South,20.0,,8.0,377,0,16.77,22.06,0,0,15.8
2024-06-06,SKU_2,WH_2,SUP_10,West,24.0,369.0,8.0,377,0,16.77,22.06,0,0,26.67
2024-06-07,SKU_2,WH_2,SUP_10,West,24.0,595.0,8.0,377,250,16.77,22.06,0,0,22.89
2024-06-08,SKU_2,WH_2,SUP_10,West,280.0,2268.0,8.0,377,0,16.77,22.06,0,0,129.43626059725847
2024-06-09,SKU_2,WH_2,SUP_10,South,25.0,542.0,8.0,377,0,16.77,22.06,0,0,24.85
2024-06-10,SKU_2,WH_2,SUP_10,North,25.0,517.0,8.0,377,0,16.77,22.06,0,0,25.51
2024-06-11,SKU_2,WH_2,SUP_10,,,498.0,8.0,377,0,16.77,22.06,1,0,17.28
2024-06-12,SKU_2,WH_2,SUP_10,East,19.0,479.0,8.0,377,0,16.77,22.06,0,0,23.3
2024-06-13,SKU_2,WH_2,SUP_10,West,120.0,2320.0,8.0,377,0,16.77,22.06,0,0,103.8161890274198
2024-06-14,SKU_2,WH_2,SUP_10,East,25.0,439.0,8.0,377,0,16.77,22.06,0,0,22.45
2024-06-15,SKU_2,WH_2,SUP_10,North,21.0,418.0,8.0,377,0,16.77,22.06,0,0,22.3
2024-06-16,SKU_2,WH_2,SUP_10,South,28.0,390.0,8.0,377,0,16.77,22.06,1,0,26.98
2024-06-17,SKU_2,WH_2,SUP_10,South,25.0,365.0,8.0,377,0,16.77,22.06,0,0,
2024-06-18,SKU_2,WH_2,SUP_10,North,29.0,570.0,8.0,377,234,16.77,22.06,0,0,25.76
2024-06-19,SKU_2,WH_2,SUP_10,North,29.0,541.0,8.0,377,0,16.77,22.06,1,0,23.1
2024-06-20,SKU_2,WH_2,SUP_10,North,17.0,524.0,8.0,377,0,16.77,22.06,0,0,14.8
2024-06-21,SKU_2,WH_2,SUP_10,East,32.0,492.0,8.0,377,0,16.77,22.06,1,0,31.26
2024-06-22,SKU_2,WH_2,SUP_10,South,22.0,470.0,8.0,377,0,16.77,22.06,0,0,25.9
2024-06-23,SKU_2,WH_2,SUP_10,North,27.0,443.0,8.0,377,0,16.77,22.06,0,0,21.96
2024-06-24,SKU_2,WH_2,SUP_10,East,25.0,418.0,8.0,377,0,16.77,22.06,0,0,27.11
2024-06-25,SKU_2,WH_2,SUP_10,South,26.0,392.0,8.0,377,0,16.77,22.06,0,0,30.02
2024-06-26,SKU_2,WH_2,SUP_10,South,,369.0,8.0,377,0,16.77,22.06,0,0,23.32
2024-06-27,SKU_2,WH_2,SUP_10,North,10.0,690.0,8.0,377,331,16.77,22.06,0,0,9.18
2024-06-28,SKU_2,WH_2,SUP_10,East,10.0,680.0,8.0,377,0,16.77,22.06,1,0,N/A
2024-06-29,SKU_2,WH_2,SUP_10,South,9.0,671.0,8.0,377,0,16.77,22.06,0,0,5.46
2024-06-30,SKU_2,WH_2,SUP_10,West,20.0,651.0,8.0,377,0,16.77,22.06,0,0,19.69
2024-07-01,SKU_2,WH_2,SUP_10,North,26.0,625.0,8.0,377,0,16.77,22.06,0,0,26.43
2024-07-02,SKU_2,WH_2,SUP_10,East,30.0,595.0,8.0,377,0,16.77,22.06,0,0,30.23
2024-07-03,SKU_2,WH_2,SUP_10,North,9.0,586.0,8.0,377,0,16.77,22.06,0,0,6.95
2024-07-04,SKU_2,WH_2,SUP_10,West,22.0,564.0,8.0,377,0,16.77,22.06,0,0,18.43
2024-07-05,SKU_2,WH_2,SUP_10,North,18.0,546.0,8.0,377,0,16.77,22.06,0,0,7.2
2024-07-06,SKU_2,WH_2,SUP_10,West,20.0,526.0,8.0,377,0,16.77,22.06,0,0,18.05
2024-07-07,SKU_2,WH_2,SUP_10,North,27.0,499.0,8.0,377,0,16.77,22.06,0,0,26.05
2024-07-08,SKU_2,WH_2,SUP_10,West,16.0,483.0,8.0,377,0,16.77,22.06,0,0,13.1
2024-07-09,SKU_2,WH_2,SUP_10,West,17.0,466.0,8.0,377,0,16.77,22.06,0,0,16.41
2024-07-10,SKU_2,WH_2,SUP_10,North,15.0,451.0,8.0,377,0,16.77,22.06,0,0,17.63
2024-07-11,SKU_2,WH_2,SUP_10,North,26.0,425.0,8.0,377,0,16.77,22.06,0,0,28.71
2024-07-12,SKU_2,WH_2,SUP_10,South,24.0,401.0,8.0,377,0,16.77,22.06,0,0,22.38
2024-07-13,SKU_2,WH_2,SUP_10,,20.0,381.0,,377,0,16.77,22.06,0,0,22.55
2024-07-14,SKU_2,WH_2,SUP_10,East,24.0,357.0,8.0,377,0,16.77,22.06,0,0,20.47
2024-07-15,SKU_2,WH_2,SUP_10,East,192.0,4020.0,8.0,377,329,16.77,22.06,0,0,102.86866353704804
2024-07-16,SKU_2,WH_2,SUP_10,East,18.0,652.0,8.0,377,0,16.77,22.06,0,0,18.12
2024-07-17,SKU_2,WH_2,SUP_10,East,20.0,632.0,8.0,377,0,16.77,22.06,0,0,20.4
2024-07-18,SKU_2,WH_2,SUP_10,East,23.0,609.0,8.0,377,0,16.77,22.06,0,0,25.56
2024-07-19,SKU_2,WH_2,SUP_10,West,23.0,586.0,,377,0,16.77,22.06,0,0,25.0
2024-07-20,SKU_2,WH_2,SUP_10,South,23.0,563.0,8.0,377,0,16.77,22.06,0,0,22.72
2024-07-21,SKU_2,WH_2,SUP_10,East,23.0,540.0,8.0,377,0,16.77,22.06,0,0,21.91
2024-07-22,SKU_2,WH_2,SUP_10,North,11.0,529.0,8.0,377,0,16.77,22.06,0,0,
2024-07-23,SKU_2,WH_2,SUP_10,West,18.0,511.0,8.0,377,0,16.77,22.06,0,0,18.5
2024-07-24,SKU_2,WH_2,SUP_10,West,22.0,,8.0,377,0,16.77,22.06,0,0,26.03
2024-07-25,SKU_2,WH_2,SUP_10,North,14.0,475.0,8.0,377,0,16.77,22.06,0,0,14.04
2024-07-26,SKU_2,WH_2,SUP_10,West,19.0,456.0,,377,0,16.77,22.06,0,0,20.2
2024-07-27,SKU_2,WH_2,SUP_10,South,19.0,437.0,8.0,377,0,16.77,22.06,0,0,18.58
2024-07-28,SKU_2,WH_2,SUP_10,North,15.0,422.0,8.0,377,0,16.77,22.06,0,0,16.42
2024-07-29,SKU_2,WH_2,SUP_10,South,18.0,404.0,8.0,377,0,16.77,22.06,0,0,20.48
2024-07-30,SKU_2,WH_2,SUP_10,West,14.0,390.0,8.0,377,0,16.77,22.06,0,0,14.2
2024-07-31,SKU_2,WH_2,SUP_10,,15.0,375.0,8.0,377,0,16.77,22.06,0,0,15.38
2024-08-01,SKU_2,WH_2,SUP_10,West,5.0,648.0,8.0,377,278,16.77,22.06,0,0,5.04
2024-08-02,SKU_2,WH_2,SUP_10,East,14.0,,8.0,377,0,16.77,22.06,0,0,17.38
2024-08-03,SKU_2,WH_2,SUP_10,West,13.0,621.0,8.0,377,0,16.77,22.06,0,0,17.38
2024-08-04,SKU_2,WH_2,SUP_10,North,18.0,603.0,8.0,377,0,16.77,22.06,0,0,15.12
2024-08-05,SKU_2,WH_2,SUP_10,South,15.0,588.0,8.0,377,0,16.77,22.06,1,0,16.33
2024-08-06,SKU_2,WH_2,SUP_10,East,20.0,568.0,8.0,377,0,16.77,22.06,0,0,18.97
2024-08-07,SKU_2,WH_2,SUP_10,??UNKNOWN??,19.0,549.0,8.0,377,0,16.77,22.06,0,0,18.11
2024-08-08,SKU_2,WH_2,SUP_10,West,,535.0,8.0,377,0,16.77,22.06,0,0,16.75
2024-08-09,SKU_2,WH_2,SUP_10,South,13.0,522.0,,377,0,16.77,22.06,0,0,16.38
2024-08-10,SKU_2,WH_2,SUP_10,North,8.0,514.0,8.0,377,0,16.77,22.06,0,0,6.67
2024-08-11,SKU_2,WH_2,SUP_10,West,17.0,497.0,8.0,377,0,16.77,22.06,0,0,17.11
2024-08-12,SKU_2,WH_2,SUP_10,North,22.0,475.0,,377,0,16.77,22.06,1,0,25.99
2024-08-13,SKU_2,WH_2,SUP_10,,13.0,462.0,8.0,377,0,16.77,22.06,0,0,7.5
2024-08-14,SKU_2,WH_2,SUP_10,East,10.0,452.0,8.0,377,0,16.77,22.06,0,0,7.78
2024-08-15,SKU_2,WH_2,SUP_10,South,20.0,432.0,8.0,377,0,16.77,22.06,0,0,17.53
2024-08-16,SKU_2,WH_2,SUP_10,South,14.0,418.0,8.0,377,0,16.77,22.06,0,0,17.82
2024-08-17,SKU_2,WH_2,SUP_10,South,16.0,402.0,8.0,377,0,16.77,22.06,1,0,14.81
2024-08-18,SKU_2,WH_2,SUP_10,West,13.0,389.0,8.0,377,0,16.77,22.06,0,0,9.1
2024-08-19,SKU_2,WH_2,SUP_10,West,17.0,372.0,8.0,377,0,16.77,22.06,0,0,19.79
2024-08-20,SKU_2,WH_2,SUP_10,North,6.0,642.0,8.0,377,276,16.77,22.06,1,0,7.12
2024-08-21,SKU_2,WH_2,SUP_10,North,7.0,635.0,8.0,377,0,16.77,22.06,0,0,5.9
2024-08-22,SKU_2,WH_2,SUP_10,North,16.0,619.0,8.0,377,0,16.77,22.06,1,0,
2024-08-23,SKU_2,WH_2,SUP_10,South,15.0,604.0,8.0,377,0,16.77,22.06,0,0,14.19
2024-08-24,SKU_2,WH_2,SUP_10,South,6.0,598.0,8.0,377,0,16.77,22.06,0,0,5.71
2024-08-25,SKU_2,WH_2,SUP_10,North,3.0,595.0,8.0,377,0,16.77,22.06,0,0,1.5
2024-08-26,SKU_2,WH_2,SUP_10,East,22.0,573.0,8.0,377,0,16.77,22.06,0,0,23.07
2024-08-27,SKU_2,WH_2,SUP_10,South,8.0,565.0,8.0,377,0,16.77,22.06,0,0,7.02
2024-08-28,SKU_2,WH_2,SUP_10,West,6.0,559.0,8.0,377,0,16.77,22.06,0,0,7.82
2024-08-29,SKU_2,WH_2,SUP_10,East,5.0,554.0,8.0,377,0,16.77,22.06,0,0,7.9
2024-08-30,SKU_2,WH_2,SUP_10,South,24.0,530.0,8.0,377,0,16.77,22.06,0,0,20.74
2024-08-31,SKU_2,WH_2,SUP_10,,4.0,526.0,8.0,377,0,16.77,22.06,0,0,2.07
2024-09-01,SKU_2,WH_2,SUP_10,East,16.0,510.0,8.0,377,0,16.77,22.06,0,0,13.19
2024-09-02,SKU_2,WH_2,SUP_10,North,13.0,497.0,8.0,377,0,16.77,22.06,0,0,8.67
2024-09-03,SKU_2,WH_2,SUP_10,South,17.0,480.0,8.0,377,0,16.77,22.06,0,0,14.67
2024-09-04,SKU_2,WH_2,SUP_10,East,8.0,472.0,8.0,377,0,16.77,22.06,0,0,9.2
2024-09-05,SKU_2,WH_2,SUP_10,South,14.0,458.0,8.0,377,0,16.77,22.06,0,0,15.43
2024-09-06,SKU_2,WH_2,SUP_10,,3.0,455.0,8.0,377,0,16.77,22.06,0,0,6.9
2024-09-07,SKU_2,WH_2,SUP_10,South,13.0,442.0,8.0,377,0,16.77,22.06,0,0,12.76
2024-09-08,SKU_2,WH_2,SUP_10,,4.0,438.0,8.0,377,0,16.77,22.06,0,0,0.96
2024-09-09,SKU_2,WH_2,SUP_10,North,11.0,427.0,8.0,377,0,16.77,22.06,0,0,
2024-09-10,SKU_2,WH_2,SUP_10,North,9.0,418.0,8.0,377,0,16.77,22.06,0,0,9.48
2024-09-11,SKU_2,WH_2,SUP_10,North,7.0,411.0,8.0,377,0,16.77,22.06,0,0,12.22
2024-09-12,SKU_2,WH_2,SUP_10,North,3.0,408.0,8.0,377,0,16.77,22.06,0,0,
2024-09-13,SKU_2,WH_2,SUP_10,East,15.0,393.0,8.0,377,0,16.77,22.06,1,0,14.49
2024-09-14,SKU_2,WH_2,SUP_10,West,12.0,381.0,8.0,377,0,16.77,22.06,0,0,12.9
2024-09-15,SKU_2,WH_2,SUP_10,East,7.0,374.0,8.0,377,0,16.77,22.06,0,0,6.97
2024-09-16,SKU_2,WH_2,SUP_10,East,8.0,701.0,8.0,377,335,16.77,22.06,0,0,6.63
2024-09-17,SKU_2,WH_2,SUP_10,South,14.0,687.0,8.0,377,0,16.77,22.06,1,0,16.3
2024-09-18,SKU_2,WH_2,SUP_10,South,12.0,675.0,8.0,377,0,16.77,22.06,0,0,12.01
2024-09-19,SKU_2,WH_2,SUP_10,East,3.0,672.0,8.0,377,0,16.77,22.06,0,0,6.87
2024-09-20,SKU_2,WH_2,SUP_10,South,12.0,660.0,,377,0,16.77,22.06,0,0,13.09
2024-09-21,SKU_2,WH_2,SUP_10,,10.0,650.0,8.0,377,0,16.77,22.06,1,0,8.49
2024-09-22,SKU_2,WH_2,SUP_10,North,4.0,646.0,8.0,377,0,16.77,22.06,0,0,3.75
2024-09-23,SKU_2,WH_2,SUP_10,North,9.0,637.0,8.0,377,0,16.77,22.06,0,0,13.08
2024-09-24,SKU_2,WH_2,SUP_10,South,4.0,633.0,8.0,377,0,16.77,22.06,0,0,4.11
2024-09-25,SKU_2,WH_2,SUP_10,North,10.0,623.0,8.0,377,0,16.77,22.06,0,0,14.6
2024-09-26,SKU_2,WH_2,SUP_10,South,7.0,616.0,8.0,377,0,16.77,22.06,0,0,8.09
2024-09-27,SKU_2,WH_2,SUP_10,South,12.0,604.0,8.0,377,0,16.77,22.06,0,0,9.18
2024-09-28,SKU_2,WH_2,SUP_10,East,12.0,592.0,8.0,377,0,16.77,22.06,0,0,12.8
2024-09-29,SKU_2,WH_2,SUP_10,South,15.0,577.0,8.0,377,0,16.77,22.06,1,0,18.46
2024-09-30,SKU_2,WH_2,SUP_10,South,10.0,567.0,8.0,377,0,16.77,22.06,0,0,6.74
2024-10-01,SKU_2,WH_2,SUP_10,East,16.0,,8.0,377,0,16.77,22.06,0,0,22.3
2024-10-02,SKU_2,WH_2,SUP_10,South,7.0,544.0,8.0,377,0,16.77,22.06,0,0,11.36
2024-10-03,SKU_2,WH_2,SUP_10,North,17.0,527.0,8.0,377,0,16.77,22.06,0,0,15.55
2024-10-04,SKU_2,WH_2,SUP_10,West,4.0,523.0,8.0,377,0,16.77,22.06,0,0,0.02
2024-10-05,SKU_2,WH_2,SUP_10,??UNKNOWN??,8.0,,8.0,377,0,16.77,22.06,0,0,11.4
2024-10-06,SKU_2,WH_2,SUP_10,South,4.0,511.0,8.0,377,0,16.77,22.06,0,0,1.25
2024-10-07,SKU_2,WH_2,SUP_10,,13.0,498.0,8.0,377,0,16.77,22.06,1,0,13.13
2024-10-08,SKU_2,WH_2,SUP_10,East,0.0,498.0,8.0,377,0,16.77,22.06,0,0,0.0
2024-10-09,SKU_2,WH_2,SUP_10,North,5.0,493.0,8.0,377,0,16.77,22.06,0,0,3.49
2024-10-10,SKU_2,WH_2,SUP_10,North,3.0,490.0,8.0,377,0,16.77,22.06,0,0,5.08
2024-10-11,SKU_2,WH_2,SUP_10,West,6.0,484.0,8.0,377,0,16.77,22.06,0,0,6.66
2024-10-12,SKU_2,WH_2,SUP_10,South,5.0,479.0,8.0,377,0,16.77,22.06,0,0,10.85
2024-10-13,SKU_2,WH_2,SUP_10,West,6.0,473.0,8.0,377,0,16.77,22.06,0,0,12.63
2024-10-14,SKU_2,WH_2,SUP_10,South,15.0,458.0,8.0,377,0,16.77,22.06,0,0,16.28
2024-10-15,SKU_2,WH_2,SUP_10,South,7.0,451.0,8.0,377,0,16.77,22.06,0,0,
2024-10-16,SKU_2,WH_2,SUP_10,West,10.0,441.0,8.0,377,0,16.77,22.06,1,0,12.82
2024-10-17,SKU_2,WH_2,SUP_10,North,10.0,431.0,8.0,377,0,16.77,22.06,0,0,14.49
2024-10-18,SKU_2,WH_2,SUP_10,North,3.0,428.0,8.0,377,0,16.77,22.06,0,0,2.76
2024-10-19,SKU_2,WH_2,SUP_10,West,3.0,,8.0,377,0,16.77,22.06,0,0,1.68
2024-10-20,SKU_2,WH_2,SUP_10,North,9.0,416.0,8.0,377,0,16.77,22.06,0,0,5.75
2024-10-21,SKU_2,WH_2,SUP_10,East,0.0,416.0,8.0,377,0,16.77,22.06,0,0,0.0
2024-10-22,SKU_2,WH_2,SUP_10,South,6.0,410.0,8.0,377,0,16.77,22.06,0,0,11.06
2024-10-23,SKU_2,WH_2,SUP_10,East,17.0,393.0,8.0,377,0,16.77,22.06,0,0,8.55
2024-10-24,SKU_2,WH_2,SUP_10,East,0.0,393.0,8.0,377,0,16.77,22.06,0,0,0.0
2024-10-25,SKU_2,WH_2,SUP_10,West,8.0,385.0,8.0,377,0,16.77,22.06,0,0,12.51
2024-10-26,SKU_2,WH_2,SUP_10,South,0.0,385.0,8.0,377,0,16.77,22.06,0,0,0.0
2024-10-27,SKU_2,WH_2,SUP_10,West,18.0,367.0,8.0,377,0,16.77,22.06,0,0,14.06
2024-10-28,SKU_2,WH_2,SUP_10,West,4.0,627.0,8.0,377,264,16.77,22.06,0,0,3.04
2024-10-29,SKU_2,WH_2,SUP_10,West,10.0,617.0,8.0,377,0,16.77,22.06,0,0,7.44
2024-10-30,SKU_2,WH_2,SUP_10,East,7.0,,8.0,377,0,16.77,22.06,0,0,8.9
2024-10-31,SKU_2,WH_2,SUP_10,East,4.0,606.0,8.0,377,0,16.77,22.06,0,0,5.36
2024-11-01,SKU_2,WH_2,SUP_10,East,9.0,597.0,8.0,377,0,16.77,22.06,0,0,7.53
2024-11-02,SKU_2,WH_2,SUP_10,West,10.0,587.0,8.0,377,0,16.77,22.06,0,0,15.27
2024-11-03,SKU_2,WH_2,SUP_10,South,9.0,578.0,8.0,377,0,16.77,22.06,1,0,7.97
2024-11-04,SKU_2,WH_2,SUP_10,North,5.0,573.0,8.0,377,0,16.77,22.06,0,0,5.03
2024-11-05,SKU_2,WH_2,SUP_10,West,,556.0,8.0,377,0,16.77,22.06,0,0,19.78
2024-11-06,SKU_2,WH_2,SUP_10,South,13.0,543.0,8.0,377,0,16.77,22.06,0,0,15.81
2024-11-07,SKU_2,WH_2,SUP_10,West,9.0,534.0,8.0,377,0,16.77,22.06,0,0,10.7
2024-11-08,SKU_2,WH_2,SUP_10,East,18.0,516.0,8.0,377,0,16.77,22.06,0,0,12.72
2024-11-09,SKU_2,WH_2,SUP_10,East,14.0,502.0,8.0,377,0,16.77,22.06,0,0,18.0
2024-11-10,SKU_2,WH_2,SUP_10,East,11.0,491.0,8.0,377,0,16.77,22.06,0,0,10.86
2024-11-11,SKU_2,WH_2,SUP_10,West,11.0,480.0,8.0,377,0,16.77,22.06,0,0,
2024-11-12,SKU_2,WH_2,SUP_10,South,7.0,473.0,8.0,377,0,16.77,22.06,0,0,
2024-11-13,SKU_2,WH_2,SUP_10,North,7.0,466.0,8.0,377,0,16.77,22.06,0,0,9.54
2024-11-14,SKU_2,WH_2,SUP_10,East,14.0,452.0,8.0,377,0,16.77,22.06,0,0,15.73
2024-11-15,SKU_2,WH_2,SUP_10,East,18.0,434.0,8.0,377,0,16.77,22.06,0,0,18.01
2024-11-16,SKU_2,WH_2,SUP_10,North,13.0,421.0,8.0,377,0,16.77,22.06,0,0,7.21
2024-11-17,SKU_2,WH_2,SUP_10,South,1.0,420.0,8.0,377,0,16.77,22.06,1,0,0.0
2024-11-18,SKU_2,WH_2,SUP_10,East,15.0,405.0,8.0,377,0,16.77,22.06,0,0,18.61
2024-11-19,SKU_2,WH_2,SUP_10,South,32.0,373.0,8.0,377,0,16.77,22.06,1,0,30.89
2024-11-20,SKU_2,WH_2,SUP_10,East,15.0,615.0,,377,257,16.77,22.06,0,0,18.96
2024-11-21,SKU_2,WH_2,SUP_10,North,17.0,598.0,,377,0,16.77,22.06,0,0,20.56
2024-11-22,SKU_2,WH_2,SUP_10,South,9.0,589.0,8.0,377,0,16.77,22.06,0,0,8.52
2024-11-23,SKU_2,WH_2,SUP_10,East,missing,-575.0,8.0,377,0,-16.77,-22.06,0,0,-12.55
2024-11-24,SKU_2,WH_2,SUP_10,East,-13.0,-562.0,8.0,377,0,-16.77,-22.06,0,0,-1.0
2024-11-25,SKU_2,WH_2,SUP_10,South,8.0,,8.0,377,0,16.77,22.06,0,0,8.46
2024-11-26,SKU_2,WH_2,SUP_10,South,18.0,536.0,8.0,377,0,16.77,22.06,0,0,15.16
2024-11-27,SKU_2,WH_2,SUP_10,North,6.0,530.0,8.0,377,0,16.77,22.06,0,0,3.94
2024-11-28,SKU_2,WH_2,SUP_10,,19.0,511.0,8.0,377,0,16.77,22.06,1,0,18.36
2024-11-29,SKU_2,WH_2,SUP_10,North,10.0,501.0,8.0,377,0,16.77,22.06,0,0,10.32
2024-11-30,SKU_2,WH_2,SUP_10,South,6.0,495.0,8.0,377,0,16.77,22.06,0,0,7.04
2024-12-01,SKU_2,WH_2,SUP_10,South,17.0,478.0,8.0,377,0,16.77,22.06,0,0,11.52
2024-12-02,SKU_2,WH_2,SUP_10,South,11.0,467.0,8.0,377,0,16.77,22.06,0,0,11.48
2024-12-03,SKU_2,WH_2,SUP_10,South,11.0,456.0,8.0,377,0,16.77,22.06,0,0,6.25
2024-12-04,SKU_2,WH_2,SUP_10,West,17.0,439.0,8.0,377,0,16.77,22.06,0,0,14.71
2024-12-05,SKU_2,WH_2,SUP_10,West,18.0,421.0,,377,0,16.77,22.06,1,0,19.35
2024-12-06,SKU_2,WH_2,SUP_10,East,29.0,392.0,8.0,377,0,16.77,22.06,0,0,27.73
2024-12-07,SKU_2,WH_2,SUP_10,North,15.0,377.0,8.0,377,0,16.77,22.06,0,0,19.73
2024-12-08,SKU_2,WH_2,SUP_10,South,13.0,857.0,8.0,377,493,16.77,22.06,0,0,16.79
2024-12-09,SKU_2,WH_2,SUP_10,South,14.0,843.0,8.0,377,0,16.77,22.06,0,0,17.36
2024-12-10,SKU_2,WH_2,SUP_10,West,10.0,833.0,8.0,377,0,16.77,22.06,0,0,10.68
2024-12-11,SKU_2,WH_2,SUP_10,North,13.0,820.0,8.0,377,0,16.77,22.06,1,0,12.92
2024-12-12,SKU_2,WH_2,SUP_10,South,18.0,802.0,8.0,377,0,16.77,22.06,0,0,20.75
2024-12-13,SKU_2,WH_2,SUP_10,South,16.0,,8.0,377,0,16.77,22.06,0,0,
2024-12-14,SKU_2,WH_2,SUP_10,East,20.0,766.0,,377,0,16.77,22.06,0,0,14.64
2024-12-15,SKU_2,WH_2,SUP_10,West,27.0,739.0,8.0,377,0,16.77,22.06,0,0,28.79
2024-12-16,SKU_2,WH_2,SUP_10,North,19.0,720.0,8.0,377,0,16.77,22.06,1,0,21.76
2024-12-17,SKU_2,WH_2,SUP_10,North,0.0,720.0,8.0,377,0,16.77,22.06,0,0,3.71
2024-12-18,SKU_2,WH_2,SUP_10,North,13.0,707.0,8.0,377,0,16.77,22.06,1,0,17.86
2024-12-19,SKU_2,WH_2,SUP_10,South,missing,688.0,8.0,377,0,16.77,22.06,1,0,16.87
2024-12-20,SKU_2,WH_2,SUP_10,East,19.0,669.0,8.0,377,0,16.77,22.06,0,0,18.37
2024-12-21,SKU_2,WH_2,SUP_10,West,14.0,655.0,8.0,377,0,16.77,22.06,0,0,11.07
2024-12-22,SKU_2,WH_2,SUP_10,East,8.0,647.0,8.0,377,0,16.77,22.06,0,0,10.92
2024-12-23,SKU_2,WH_2,SUP_10,South,12.0,635.0,8.0,377,0,16.77,22.06,0,0,12.75
2024-12-24,SKU_2,WH_2,SUP_10,South,15.0,620.0,8.0,377,0,16.77,22.06,0,0,
2024-12-25,SKU_2,WH_2,SUP_10,,23.0,597.0,8.0,377,0,16.77,22.06,0,0,21.56
2024-12-26,SKU_2,WH_2,SUP_10,West,22.0,575.0,8.0,377,0,16.77,22.06,0,0,21.0
2024-12-27,SKU_2,WH_2,SUP_10,South,23.0,552.0,8.0,377,0,16.77,22.06,0,0,22.82
2024-12-28,SKU_2,WH_2,SUP_10,West,13.0,539.0,,377,0,16.77,22.06,0,0,7.03
2024-12-29,SKU_2,WH_2,SUP_10,West,25.0,514.0,8.0,377,0,16.77,22.06,0,0,27.36
2024-12-30,SKU_2,WH_2,SUP_10,East,17.0,497.0,8.0,377,0,16.77,22.06,0,0,14.9
2024-01-01,SKU_2,WH_3,SUP_9,South,18.0,892.0,10.0,319,0,5.02,7.82,0,0,20.31
2024-01-02,SKU_2,WH_3,SUP_9,North,16.0,876.0,10.0,319,0,5.02,7.82,0,0,11.95
2024-01-03,SKU_2,WH_3,SUP_9,North,14.0,862.0,10.0,319,0,5.02,7.82,0,0,6.9
2024-01-04,SKU_2,WH_3,SUP_9,North,19.0,843.0,,319,0,5.02,7.82,1,0,13.33
2024-01-05,SKU_2,WH_3,SUP_9,South,20.0,823.0,,319,0,5.02,7.82,0,0,18.12
2024-01-06,SKU_2,WH_3,SUP_9,East,19.0,804.0,10.0,319,0,5.02,7.82,0,0,
2024-01-07,SKU_2,WH_3,SUP_9,??UNKNOWN??,19.0,785.0,10.0,319,0,5.02,7.82,0,0,20.88
2024-01-08,SKU_2,WH_3,SUP_9,East,14.0,771.0,10.0,319,0,5.02,7.82,0,0,11.76
2024-01-09,SKU_2,WH_3,SUP_9,North,17.0,754.0,,319,0,5.02,7.82,0,0,16.52
2024-01-10,SKU_2,WH_3,SUP_9,South,14.0,,10.0,319,0,5.02,7.82,0,0,17.17
2024-01-11,SKU_2,WH_3,SUP_9,??UNKNOWN??,24.0,716.0,10.0,319,0,5.02,7.82,0,0,27.89
2024-01-12,SKU_2,WH_3,SUP_9,North,22.0,694.0,10.0,319,0,5.02,7.82,0,0,18.21
2024-01-13,SKU_2,WH_3,SUP_9,West,28.0,666.0,10.0,319,0,5.02,7.82,0,0,
2024-01-14,SKU_2,WH_3,SUP_9,West,162.0,3240.0,10.0,319,0,5.02,7.82,0,0,210.59528343063968
2024-01-15,SKU_2,WH_3,SUP_9,North,25.0,623.0,,319,0,5.02,7.82,0,0,26.07
2024-01-16,SKU_2,WH_3,SUP_9,South,,604.0,10.0,319,0,5.02,7.82,0,0,17.91
2024-01-17,SKU_2,WH_3,SUP_9,North,27.0,577.0,10.0,319,0,5.02,7.82,0,0,
2024-01-18,SKU_2,WH_3,SUP_9,West,27.0,550.0,10.0,319,0,5.02,7.82,0,0,33.57
2024-01-19,SKU_2,WH_3,SUP_9,East,23.0,527.0,10.0,319,0,5.02,7.82,0,0,24.85
2024-01-20,SKU_2,WH_3,SUP_9,South,13.0,514.0,10.0,319,0,5.02,7.82,0,0,8.48
2024-01-21,SKU_2,WH_3,SUP_9,South,32.0,482.0,10.0,319,0,5.02,7.82,0,0,30.66
2024-01-22,SKU_2,WH_3,SUP_9,East,27.0,455.0,10.0,319,0,5.02,7.82,0,0,29.39
2024-01-23,SKU_2,WH_3,SUP_9,North,28.0,427.0,10.0,319,0,5.02,7.82,0,0,26.05
2024-01-24,SKU_2,WH_3,SUP_9,North,24.0,403.0,10.0,319,0,5.02,7.82,0,0,21.43
2024-01-25,SKU_2,WH_3,SUP_9,,21.0,382.0,10.0,319,0,5.02,7.82,0,0,18.27
2024-01-26,SKU_2,WH_3,SUP_9,East,20.0,362.0,10.0,319,0,5.02,7.82,0,0,18.52
2024-01-27,SKU_2,WH_3,SUP_9,East,19.0,343.0,,319,0,5.02,7.82,0,0,18.72
2024-01-28,SKU_2,WH_3,SUP_9,South,19.0,324.0,,319,0,5.02,7.82,0,0,19.07
2024-01-29,SKU_2,WH_3,SUP_9,West,15.0,,10.0,319,0,5.02,7.82,0,0,17.36
2024-01-30,SKU_2,WH_3,SUP_9,North,31.0,518.0,10.0,319,240,5.02,7.82,1,0,30.27
2024-01-31,SKU_2,WH_3,SUP_9,South,13.0,505.0,,319,0,5.02,7.82,0,0,15.72
2024-02-01,SKU_2,WH_3,SUP_9,South,30.0,475.0,10.0,319,0,5.02,7.82,0,0,31.16
2024-02-02,SKU_2,WH_3,SUP_9,East,21.0,454.0,10.0,319,0,5.02,7.82,0,0,18.33
2024-02-03,SKU_2,WH_3,SUP_9,East,29.0,,10.0,319,0,5.02,7.82,1,0,32.64
2024-02-04,SKU_2,WH_3,SUP_9,North,19.0,406.0,10.0,319,0,5.02,7.82,0,0,18.75
2024-02-05,SKU_2,WH_3,SUP_9,South,23.0,383.0,10.0,319,0,5.02,7.82,0,0,23.95
2024-02-06,SKU_2,WH_3,SUP_9,North,34.0,349.0,10.0,319,0,5.02,7.82,0,0,
2024-02-07,SKU_2,WH_3,SUP_9,West,28.0,321.0,10.0,319,0,5.02,7.82,0,0,33.5
2024-02-08,SKU_2,WH_3,SUP_9,South,26.0,295.0,10.0,319,0,5.02,7.82,0,0,24.03
2024-02-09,SKU_2,WH_3,SUP_9,South,29.0,497.0,10.0,319,231,5.02,7.82,0,0,29.77
2024-02-10,SKU_2,WH_3,SUP_9,East,31.0,466.0,10.0,319,0,5.02,7.82,0,0,27.27
2024-02-11,SKU_2,WH_3,SUP_9,,24.0,442.0,10.0,319,0,5.02,7.82,0,0,21.25
2024-02-12,SKU_2,WH_3,SUP_9,West,20.0,422.0,10.0,319,0,5.02,7.82,0,0,18.58
2024-02-13,SKU_2,WH_3,SUP_9,East,24.0,398.0,10.0,319,0,5.02,7.82,0,0,20.8
2024-02-14,SKU_2,WH_3,SUP_9,East,25.0,373.0,10.0,319,0,5.02,7.82,0,0,25.18
2024-02-15,SKU_2,WH_3,SUP_9,,243.0,1038.0,10.0,319,0,5.02,7.82,0,0,207.07797500185134
2024-02-16,SKU_2,WH_3,SUP_9,East,36.0,310.0,10.0,319,0,5.02,7.82,0,0,39.77
2024-02-17,SKU_2,WH_3,SUP_9,North,20.0,738.0,10.0,319,448,5.02,7.82,0,0,15.89
2024-02-18,SKU_2,WH_3,SUP_9,East,41.0,697.0,10.0,319,0,5.02,7.82,1,0,43.34
2024-02-19,SKU_2,WH_3,SUP_9,West,27.0,670.0,10.0,319,0,5.02,7.82,0,0,29.91
2024-02-20,SKU_2,WH_3,SUP_9,West,32.0,638.0,10.0,319,0,5.02,7.82,0,0,28.61
2024-02-21,SKU_2,WH_3,SUP_9,North,28.0,610.0,10.0,319,0,5.02,7.82,0,0,31.49
2024-02-22,SKU_2,WH_3,SUP_9,,28.0,582.0,10.0,319,0,5.02,7.82,0,0,24.05
2024-02-23,SKU_2,WH_3,SUP_9,South,22.0,560.0,10.0,319,0,5.02,7.82,0,0,29.62
2024-02-24,SKU_2,WH_3,SUP_9,East,37.0,523.0,10.0,319,0,5.02,7.82,0,0,37.33
2024-02-25,SKU_2,WH_3,SUP_9,West,25.0,498.0,10.0,319,0,5.02,7.82,0,0,25.89
2024-02-26,SKU_2,WH_3,SUP_9,East,26.0,472.0,10.0,319,0,5.02,7.82,0,0,26.52
2024-02-27,SKU_2,WH_3,SUP_9,West,30.0,442.0,10.0,319,0,5.02,7.82,0,0,30.97
2024-02-28,SKU_2,WH_3,SUP_9,North,29.0,413.0,10.0,319,0,5.02,7.82,0,0,N/A
2024-02-29,SKU_2,WH_3,SUP_9,??UNKNOWN??,41.0,372.0,10.0,319,0,5.02,7.82,1,0,38.28
2024-03-01,SKU_2,WH_3,SUP_9,North,,351.0,10.0,319,0,5.02,7.82,0,0,19.35
2024-03-02,SKU_2,WH_3,SUP_9,South,32.0,319.0,10.0,319,0,5.02,7.82,0,0,29.22
2024-03-03,SKU_2,WH_3,SUP_9,North,32.0,731.0,10.0,319,444,5.02,7.82,0,0,30.29
2024-03-04,SKU_2,WH_3,SUP_9,South,28.0,703.0,10.0,319,0,5.02,7.82,0,0,
2024-03-05,SKU_2,WH_3,SUP_9,North,32.0,671.0,10.0,319,0,5.02,7.82,0,0,38.63
2024-03-06,SKU_2,WH_3,SUP_9,North,22.0,649.0,10.0,319,0,5.02,7.82,0,0,
2024-03-07,SKU_2,WH_3,SUP_9,North,504.0,3035.0,10.0,319,0,5.02,7.82,1,0,177.69221139420782
2024-03-08,SKU_2,WH_3,SUP_9,East,28.0,579.0,10.0,319,0,5.02,7.82,0,0,
2024-03-09,SKU_2,WH_3,SUP_9,North,31.0,548.0,10.0,319,0,5.02,7.82,0,0,
2024-03-10,SKU_2,WH_3,SUP_9,South,24.0,524.0,,319,0,5.02,7.82,0,0,24.93
2024-03-11,SKU_2,WH_3,SUP_9,East,32.0,492.0,10.0,319,0,5.02,7.82,0,0,29.95
2024-03-12,SKU_2,WH_3,SUP_9,East,17.0,475.0,10.0,319,0,5.02,7.82,0,0,16.44
2024-03-13,SKU_2,WH_3,SUP_9,North,30.0,445.0,10.0,319,0,5.02,7.82,0,0,25.35
2024-03-14,SKU_2,WH_3,SUP_9,West,29.0,416.0,10.0,319,0,5.02,7.82,0,0,25.08
2024-03-15,SKU_2,WH_3,SUP_9,North,35.0,381.0,10.0,319,0,5.02,7.82,0,0,41.28
2024-03-16,SKU_2,WH_3,SUP_9,North,29.0,352.0,10.0,319,0,5.02,7.82,0,0,23.51
2024-03-17,SKU_2,WH_3,SUP_9,West,29.0,323.0,10.0,319,0,5.02,7.82,0,0,27.33
not_a_date,SKU_2,WH_3,SUP_9,North,25.0,298.0,10.0,319,0,5.02,7.82,0,0,22.37
2024-03-19,SKU_2,WH_3,SUP_9,West,28.0,528.0,10.0,319,258,5.02,7.82,0,0,21.42
2024-03-20,SKU_2,WH_3,SUP_9,West,,502.0,10.0,319,0,5.02,7.82,0,0,31.31
2024-03-21,SKU_2,WH_3,SUP_9,North,,468.0,10.0,319,0,5.02,7.82,0,0,30.36
2024-03-22,SKU_2,WH_3,SUP_9,East,26.0,442.0,10.0,319,0,5.02,7.82,0,0,27.78
2024-03-23,SKU_2,WH_3,SUP_9,East,19.0,423.0,10.0,319,0,5.02,7.82,0,0,18.4
2024-03-24,SKU_2,WH_3,SUP_9,North,35.0,388.0,10.0,319,0,5.02,7.82,0,0,
2024-03-25,SKU_2,WH_3,SUP_9,South,,354.0,10.0,319,0,5.02,7.82,0,0,37.64
2024-03-26,SKU_2,WH_3,SUP_9,South,21.0,333.0,10.0,319,0,5.02,7.82,0,0,17.83
2024-03-27,SKU_2,WH_3,SUP_9,West,24.0,309.0,10.0,319,0,5.02,7.82,0,0,29.31
2024-03-28,SKU_2,WH_3,SUP_9,West,28.0,588.0,10.0,319,307,5.02,7.82,0,0,26.48
2024-03-29,SKU_2,WH_3,SUP_9,,38.0,550.0,,319,0,5.02,7.82,0,0,41.42
2024-03-30,SKU_2,WH_3,SUP_9,East,25.0,525.0,10.0,319,0,5.02,7.82,0,0,22.43
2024-03-31,SKU_2,WH_3,SUP_9,West,31.0,,10.0,319,0,5.02,7.82,0,0,32.94
2024-04-01,SKU_2,WH_3,SUP_9,East,25.0,469.0,10.0,319,0,5.02,7.82,0,0,26.17
2024-04-02,SKU_2,WH_3,SUP_9,,40.0,429.0,10.0,319,0,5.02,7.82,1,0,37.8
2024-04-03,SKU_2,WH_3,SUP_9,South,144.0,3645.0,10.0,319,0,5.02,7.82,0,0,176.460861897761
2024-04-04,SKU_2,WH_3,SUP_9,East,,378.0,10.0,319,0,5.02,7.82,0,0,26.06
2024-04-05,SKU_2,WH_3,SUP_9,North,48.0,330.0,10.0,319,0,5.02,7.82,1,0,48.7
2024-04-06,SKU_2,WH_3,SUP_9,West,31.0,299.0,10.0,319,0,5.02,7.82,0,0,33.37
2024-04-07,SKU_2,WH_3,SUP_9,East,36.0,703.0,10.0,319,440,5.02,7.82,0,0,34.73
2024-04-08,SKU_2,WH_3,SUP_9,East,35.0,668.0,10.0,319,0,5.02,7.82,0,0,38.56
2024-04-09,SKU_2,WH_3,SUP_9,North,18.0,,10.0,319,0,5.02,7.82,0,0,
2024-04-10,SKU_2,WH_3,SUP_9,North,21.0,629.0,10.0,319,0,5.02,7.82,0,0,19.74
2024-04-11,SKU_2,WH_3,SUP_9,West,31.0,598.0,10.0,319,0,5.02,7.82,0,0,30.13
2024-04-12,SKU_2,WH_3,SUP_9,West,24.0,574.0,10.0,319,0,5.02,7.82,0,0,
2024-04-13,SKU_2,WH_3,SUP_9,South,18.0,556.0,10.0,319,0,5.02,7.82,0,0,19.29
2024-04-14,SKU_2,WH_3,SUP_9,East,34.0,522.0,10.0,319,0,5.02,7.82,0,0,36.64
2024-04-15,SKU_2,WH_3,SUP_9,,25.0,497.0,10.0,319,0,5.02,7.82,0,0,25.3
2024-04-16,SKU_2,WH_3,SUP_9,South,38.0,459.0,10.0,319,0,5.02,7.82,0,0,31.98
2024-04-17,SKU_2,WH_3,SUP_9,East,39.0,420.0,10.0,319,0,5.02,7.82,0,0,39.41
2024-04-18,SKU_2,WH_3,SUP_9,South,33.0,387.0,10.0,319,0,5.02,7.82,0,0,
2024-04-19,SKU_2,WH_3,SUP_9,North,35.0,352.0,10.0,319,0,5.02,7.82,0,0,30.26
2024-04-20,SKU_2,WH_3,SUP_9,East,,329.0,10.0,319,0,5.02,7.82,0,0,
2024-04-21,SKU_2,WH_3,SUP_9,East,42.0,287.0,10.0,319,0,5.02,7.82,0,0,
2024-04-22,SKU_2,WH_3,SUP_9,West,19.0,764.0,10.0,319,496,5.02,7.82,0,0,18.85
2024-04-23,SKU_2,WH_3,SUP_9,West,27.0,737.0,10.0,319,0,5.02,7.82,0,0,23.17
2024-04-24,SKU_2,WH_3,SUP_9,,41.0,696.0,10.0,319,0,5.02,7.82,0,0,40.67
2024-04-25,SKU_2,WH_3,SUP_9,West,29.0,667.0,10.0,319,0,5.02,7.82,0,0,
2024-04-26,SKU_2,WH_3,SUP_9,South,27.0,640.0,10.0,319,0,5.02,7.82,0,0,30.57
2024-04-27,SKU_2,WH_3,SUP_9,West,32.0,608.0,10.0,319,0,5.02,7.82,0,0,26.98
2024-04-28,SKU_2,WH_3,SUP_9,,29.0,579.0,10.0,319,0,5.02,7.82,0,0,28.42
2024-04-29,SKU_2,WH_3,SUP_9,East,32.0,547.0,,319,0,5.02,7.82,0,0,31.21
2024-04-30,SKU_2,WH_3,SUP_9,North,40.0,507.0,10.0,319,0,5.02,7.82,1,0,
2024-05-01,SKU_2,WH_3,SUP_9,South,34.0,473.0,10.0,319,0,5.02,7.82,0,0,33.01
2024-05-02,SKU_2,WH_3,SUP_9,East,19.0,454.0,10.0,319,0,5.02,7.82,0,0,27.67
2024-05-03,SKU_2,WH_3,SUP_9,South,28.0,426.0,10.0,319,0,5.02,7.82,1,0,26.74
2024-05-04,SKU_2,WH_3,SUP_9,East,22.0,404.0,10.0,319,0,5.02,7.82,0,0,23.68
2024-05-05,SKU_2,WH_3,SUP_9,West,22.0,382.0,10.0,319,0,5.02,7.82,0,0,21.11
2024-05-06,SKU_2,WH_3,SUP_9,West,31.0,351.0,10.0,319,0,5.02,7.82,0,0,30.75
2024-05-07,SKU_2,WH_3,SUP_9,South,22.0,329.0,10.0,319,0,5.02,7.82,0,0,24.55
2024-05-08,SKU_2,WH_3,SUP_9,South,26.0,303.0,,319,0,5.02,7.82,0,0,28.58
2024-05-09,SKU_2,WH_3,SUP_9,,20.0,743.0,10.0,319,460,5.02,7.82,0,0,21.36
2024-05-10,SKU_2,WH_3,SUP_9,North,27.0,,,319,0,5.02,7.82,0,0,30.58
2024-05-11,SKU_2,WH_3,SUP_9,North,,685.0,10.0,319,0,5.02,7.82,0,0,33.45
2024-05-12,SKU_2,WH_3,SUP_9,West,33.0,652.0,10.0,319,0,5.02,7.82,0,0,40.42
2024-05-13,SKU_2,WH_3,SUP_9,East,19.0,633.0,10.0,319,0,5.02,7.82,0,0,19.1
2024-05-14,SKU_2,WH_3,SUP_9,East,40.0,593.0,10.0,319,0,5.02,7.82,1,0,40.98
2024-05-15,SKU_2,WH_3,SUP_9,South,33.0,560.0,10.0,319,0,5.02,7.82,1,0,32.07
2024-05-16,SKU_2,WH_3,SUP_9,East,37.0,523.0,10.0,319,0,5.02,7.82,1,0,35.92
2024-05-17,SKU_2,WH_3,SUP_9,North,27.0,496.0,,319,0,5.02,7.82,0,0,26.75
2024-05-18,SKU_2,WH_3,SUP_9,North,33.0,463.0,10.0,319,0,5.02,7.82,1,0,35.72
2024-05-19,SKU_2,WH_3,SUP_9,North,26.0,437.0,10.0,319,0,5.02,7.82,0,0,29.65
2024-05-20,SKU_2,WH_3,SUP_9,West,30.0,407.0,10.0,319,0,5.02,7.82,0,0,31.94
2024-05-21,SKU_2,WH_3,SUP_9,West,28.0,379.0,,319,0,5.02,7.82,0,0,34.71
2024-05-22,SKU_2,WH_3,SUP_9,??UNKNOWN??,35.0,344.0,10.0,319,0,5.02,7.82,0,0,36.99
2024-05-23,SKU_2,WH_3,SUP_9,North,25.0,319.0,10.0,319,0,5.02,7.82,0,0,27.06
2024-05-24,SKU_2,WH_3,SUP_9,North,,764.0,10.0,319,463,5.02,7.82,0,0,12.88
2024-05-25,SKU_2,WH_3,SUP_9,South,27.0,737.0,10.0,319,0,5.02,7.82,0,0,24.36
2024-05-26,SKU_2,WH_3,SUP_9,North,19.0,718.0,,319,0,5.02,7.82,0,0,25.56
2024-05-27,SKU_2,WH_3,SUP_9,East,36.0,682.0,10.0,319,0,5.02,7.82,1,0,33.6
2024-05-28,SKU_2,WH_3,SUP_9,East,30.0,652.0,10.0,319,0,5.02,7.82,0,0,
2024-05-29,SKU_2,WH_3,SUP_9,East,,627.0,10.0,319,0,5.02,7.82,0,0,18.7
2024-05-30,SKU_2,WH_3,SUP_9,South,26.0,601.0,10.0,319,0,5.02,7.82,0,0,25.72
2024-05-31,SKU_2,WH_3,SUP_9,West,26.0,575.0,10.0,319,0,5.02,7.82,0,0,20.36
2024-06-01,SKU_2,WH_3,SUP_9,East,20.0,555.0,10.0,319,0,5.02,7.82,0,0,22.11
2024-06-02,SKU_2,WH_3,SUP_9,North,24.0,531.0,10.0,319,0,5.02,7.82,1,0,19.38
2024-06-03,SKU_2,WH_3,SUP_9,East,18.0,513.0,10.0,319,0,5.02,7.82,0,0,10.38
2024-06-04,SKU_2,WH_3,SUP_9,North,34.0,479.0,10.0,319,0,5.02,7.82,0,0,31.92
2024-06-05,SKU_2,WH_3,SUP_9,East,23.0,456.0,,319,0,5.02,7.82,0,0,28.15
2024-06-06,SKU_2,WH_3,SUP_9,West,29.0,427.0,10.0,319,0,5.02,7.82,0,0,25.83
2024-06-07,SKU_2,WH_3,SUP_9,East,25.0,402.0,10.0,319,0,5.02,7.82,0,0,24.77
2024-06-08,SKU_2,WH_3,SUP_9,South,24.0,378.0,10.0,319,0,5.02,7.82,0,0,28.39
2024-06-09,SKU_2,WH_3,SUP_9,North,9.0,369.0,10.0,319,0,5.02,7.82,0,0,13.86
2024-06-10,SKU_2,WH_3,SUP_9,North,32.0,337.0,10.0,319,0,5.02,7.82,0,0,26.68
2024-06-11,SKU_2,WH_3,SUP_9,North,26.0,311.0,10.0,319,0,5.02,7.82,0,0,25.56
2024-06-12,SKU_2,WH_3,SUP_9,West,19.0,512.0,10.0,319,220,5.02,7.82,0,0,20.97
2024-06-13,SKU_2,WH_3,SUP_9,North,24.0,488.0,10.0,319,0,5.02,7.82,0,0,26.45
2024-06-14,SKU_2,WH_3,SUP_9,South,28.0,460.0,10.0,319,0,5.02,7.82,0,0,27.49
2024-06-15,SKU_2,WH_3,SUP_9,North,147.0,1317.0,10.0,319,0,5.02,7.82,0,0,110.83222586533768
2024-06-16,SKU_2,WH_3,SUP_9,South,23.0,416.0,10.0,319,0,5.02,7.82,0,0,24.91
2024-06-17,SKU_2,WH_3,SUP_9,North,17.0,399.0,10.0,319,0,5.02,7.82,0,0,18.05
2024-06-18,SKU_2,WH_3,SUP_9,West,22.0,377.0,10.0,319,0,5.02,7.82,0,0,21.17
2024-06-19,SKU_2,WH_3,SUP_9,North,25.0,352.0,10.0,319,0,5.02,7.82,0,0,20.95
2024-06-20,SKU_2,WH_3,SUP_9,North,31.0,321.0,10.0,319,0,5.02,7.82,1,0,27.93
2024-06-21,SKU_2,WH_3,SUP_9,East,25.0,296.0,10.0,319,0,5.02,7.82,0,0,25.52
2024-06-22,SKU_2,WH_3,SUP_9,East,23.0,685.0,10.0,319,412,5.02,7.82,0,0,16.96
2024-06-23,SKU_2,WH_3,SUP_9,South,22.0,663.0,10.0,319,0,5.02,7.82,0,0,22.28
2024-06-24,SKU_2,WH_3,SUP_9,East,12.0,651.0,10.0,319,0,5.02,7.82,0,0,15.79
2024-06-25,SKU_2,WH_3,SUP_9,East,24.0,627.0,10.0,319,0,5.02,7.82,1,0,24.24
2024-06-26,SKU_2,WH_3,SUP_9,South,25.0,602.0,10.0,319,0,5.02,7.82,0,0,30.84
2024-06-27,SKU_2,WH_3,SUP_9,North,14.0,588.0,10.0,319,0,5.02,7.82,0,0,16.85
2024-06-28,SKU_2,WH_3,SUP_9,West,18.0,570.0,10.0,319,0,5.02,7.82,0,0,21.07
2024-06-29,SKU_2,WH_3,SUP_9,West,18.0,552.0,10.0,319,0,5.02,7.82,0,0,16.18
2024-06-30,SKU_2,WH_3,SUP_9,South,16.0,536.0,10.0,319,0,5.02,7.82,0,0,18.98
2024-07-01,SKU_2,WH_3,SUP_9,South,27.0,509.0,10.0,319,0,5.02,7.82,0,0,22.31
2024-07-02,SKU_2,WH_3,SUP_9,West,24.0,485.0,10.0,319,0,5.02,7.82,1,0,23.46
2024-07-03,SKU_2,WH_3,SUP_9,North,19.0,466.0,10.0,319,0,5.02,7.82,0,0,18.14
2024-07-04,SKU_2,WH_3,SUP_9,North,16.0,450.0,10.0,319,0,5.02,7.82,0,0,18.5
2024-07-05,SKU_2,WH_3,SUP_9,East,15.0,435.0,10.0,319,0,5.02,7.82,0,0,20.56
2024-07-06,SKU_2,WH_3,SUP_9,East,14.0,421.0,10.0,319,0,5.02,7.82,0,0,13.5
2024-07-07,SKU_2,WH_3,SUP_9,North,,408.0,10.0,319,0,5.02,7.82,1,0,7.56
2024-07-08,SKU_2,WH_3,SUP_9,North,10.0,398.0,10.0,319,0,5.02,7.82,0,0,7.52
2024-07-09,SKU_2,WH_3,SUP_9,,12.0,,10.0,319,0,5.02,7.82,0,0,13.42
2024-07-10,SKU_2,WH_3,SUP_9,West,-29.0,-357.0,10.0,319,0,-5.02,-7.82,0,0,-23.28
2024-07-11,SKU_2,WH_3,SUP_9,West,20.0,337.0,10.0,319,0,5.02,7.82,0,0,19.0
2024-07-12,SKU_2,WH_3,SUP_9,South,12.0,325.0,10.0,319,0,5.02,7.82,0,0,14.11
2024-07-13,SKU_2,WH_3,SUP_9,South,11.0,314.0,10.0,319,0,5.02,7.82,0,0,
2024-07-14,SKU_2,WH_3,SUP_9,,18.0,712.0,10.0,319,416,5.02,7.82,0,0,20.68
2024-07-15,SKU_2,WH_3,SUP_9,West,15.0,,10.0,319,0,5.02,7.82,0,0,14.72
2024-07-16,SKU_2,WH_3,SUP_9,East,11.0,686.0,10.0,319,0,5.02,7.82,0,0,17.14
2024-07-17,SKU_2,WH_3,SUP_9,North,14.0,672.0,10.0,319,0,5.02,7.82,0,0,10.82
2024-07-18,SKU_2,WH_3,SUP_9,South,16.0,656.0,10.0,319,0,5.02,7.82,1,0,14.62
2024-07-19,SKU_2,WH_3,SUP_9,East,10.0,646.0,10.0,319,0,5.02,7.82,0,0,12.31
2024-07-20,SKU_2,WH_3,SUP_9,East,20.0,626.0,10.0,319,0,5.02,7.82,0,0,15.39
2024-07-21,SKU_2,WH_3,SUP_9,North,19.0,607.0,10.0,319,0,5.02,7.82,0,0,
2024-07-22,SKU_2,WH_3,SUP_9,South,missing,595.0,10.0,319,0,5.02,7.82,0,0,6.15
2024-07-23,SKU_2,WH_3,SUP_9,North,15.0,580.0,10.0,319,0,5.02,7.82,0,0,17.74
2024-07-24,SKU_2,WH_3,SUP_9,North,10.0,570.0,10.0,319,0,5.02,7.82,0,0,9.63
2024-07-25,SKU_2,WH_3,SUP_9,West,11.0,559.0,10.0,319,0,5.02,7.82,0,0,10.03
2024-07-26,SKU_2,WH_3,SUP_9,North,17.0,542.0,10.0,319,0,5.02,7.82,0,0,
2024-07-27,SKU_2,WH_3,SUP_9,West,11.0,531.0,10.0,319,0,5.02,7.82,0,0,
2024-07-28,SKU_2,WH_3,SUP_9,North,13.0,518.0,10.0,319,0,5.02,7.82,1,0,19.72
2024-07-29,SKU_2,WH_3,SUP_9,East,17.0,501.0,10.0,319,0,5.02,7.82,0,0,18.15
2024-07-30,SKU_2,WH_3,SUP_9,East,12.0,489.0,10.0,319,0,5.02,7.82,0,0,6.43
2024-07-31,SKU_2,WH_3,SUP_9,West,19.0,470.0,10.0,319,0,5.02,7.82,0,0,
2024-08-01,SKU_2,WH_3,SUP_9,West,16.0,454.0,10.0,319,0,5.02,7.82,0,0,12.37
2024-08-02,SKU_2,WH_3,SUP_9,West,22.0,432.0,10.0,319,0,5.02,7.82,0,0,23.69
2024-08-03,SKU_2,WH_3,SUP_9,West,12.0,420.0,10.0,319,0,5.02,7.82,0,0,8.63
2024-08-04,SKU_2,WH_3,SUP_9,West,9.0,411.0,10.0,319,0,5.02,7.82,0,0,8.95
2024-08-05,SKU_2,WH_3,SUP_9,North,15.0,396.0,10.0,319,0,5.02,7.82,0,0,14.31
2024-08-06,SKU_2,WH_3,SUP_9,East,13.0,383.0,10.0,319,0,5.02,7.82,0,0,14.35
2024-08-07,SKU_2,WH_3,SUP_9,South,14.0,369.0,10.0,319,0,5.02,7.82,0,0,14.69
2024-08-08,SKU_2,WH_3,SUP_9,East,16.0,353.0,10.0,319,0,5.02,7.82,0,0,13.78
2024-08-09,SKU_2,WH_3,SUP_9,North,15.0,338.0,10.0,319,0,5.02,7.82,0,0,14.85
2024-08-10,SKU_2,WH_3,SUP_9,South,15.0,323.0,10.0,319,0,5.02,7.82,0,0,10.75
2024-08-11,SKU_2,WH_3,SUP_9,North,17.0,306.0,10.0,319,0,5.02,7.82,0,0,16.61
2024-08-12,SKU_2,WH_3,SUP_9,West,15.0,572.0,10.0,319,281,5.02,7.82,0,0,16.95
2024-08-13,SKU_2,WH_3,SUP_9,South,8.0,564.0,10.0,319,0,5.02,7.82,0,0,3.44
2024-08-14,SKU_2,WH_3,SUP_9,West,12.0,552.0,10.0,319,0,5.02,7.82,0,0,6.56
2024-08-15,SKU_2,WH_3,SUP_9,South,14.0,538.0,10.0,319,0,5.02,7.82,0,0,13.86
2024-08-16,SKU_2,WH_3,SUP_9,North,15.0,523.0,10.0,319,0,5.02,7.82,0,0,11.93
2024-08-17,SKU_2,WH_3,SUP_9,South,8.0,,10.0,319,0,5.02,7.82,0,0,8.98
2024-08-18,SKU_2,WH_3,SUP_9,North,15.0,500.0,10.0,319,0,5.02,7.82,0,0,9.17
2024-08-19,SKU_2,WH_3,SUP_9,East,23.0,477.0,10.0,319,0,5.02,7.82,1,0,22.19
2024-08-20,SKU_2,WH_3,SUP_9,South,5.0,472.0,10.0,319,0,5.02,7.82,0,0,
2024-08-21,SKU_2,WH_3,SUP_9,South,9.0,463.0,10.0,319,0,5.02,7.82,0,0,11.43
2024-08-22,SKU_2,WH_3,SUP_9,East,3.0,460.0,10.0,319,0,5.02,7.82,0,0,
2024-08-23,SKU_2,WH_3,SUP_9,East,3.0,457.0,10.0,319,0,5.02,7.82,0,0,5.18
2024-08-24,SKU_2,WH_3,SUP_9,East,18.0,439.0,10.0,319,0,5.02,7.82,0,0,18.35
2024-08-25,SKU_2,WH_3,SUP_9,North,20.0,419.0,10.0,319,0,5.02,7.82,0,0,22.47
2024-08-26,SKU_2,WH_3,SUP_9,East,14.0,405.0,10.0,319,0,5.02,7.82,0,0,10.46
2024-08-27,SKU_2,WH_3,SUP_9,West,,393.0,10.0,319,0,5.02,7.82,0,0,
2024-08-28,SKU_2,WH_3,SUP_9,East,,385.0,10.0,319,0,5.02,7.82,0,0,10.91
2024-08-29,SKU_2,WH_3,SUP_9,West,12.0,373.0,10.0,319,0,5.02,7.82,0,0,13.2
2024-08-30,SKU_2,WH_3,SUP_9,East,10.0,363.0,10.0,319,0,5.02,7.82,0,0,12.69
2024-08-31,SKU_2,WH_3,SUP_9,East,8.0,355.0,10.0,319,0,5.02,7.82,0,0,10.3
2024-09-01,SKU_2,WH_3,SUP_9,West,12.0,343.0,10.0,319,0,5.02,7.82,0,0,11.89
2024-09-02,SKU_2,WH_3,SUP_9,North,10.0,333.0,10.0,319,0,5.02,7.82,0,0,5.34
not_a_date,SKU_2,WH_3,SUP_9,North,10.0,323.0,10.0,319,0,5.02,7.82,0,0,9.66
2024-09-04,SKU_2,WH_3,SUP_9,North,12.0,,10.0,319,0,5.02,7.82,0,0,11.52
2024-09-05,SKU_2,WH_3,SUP_9,South,5.0,708.0,10.0,319,402,5.02,7.82,0,0,7.01
2024-09-06,SKU_2,WH_3,SUP_9,West,12.0,,10.0,319,0,5.02,7.82,0,0,10.96
2024-09-07,SKU_2,WH_3,SUP_9,,-12.0,-684.0,10.0,319,0,-5.02,-7.82,0,0,-8.42
2024-09-08,SKU_2,WH_3,SUP_9,West,5.0,679.0,10.0,319,0,5.02,7.82,0,0,5.57
2024-09-09,SKU_2,WH_3,SUP_9,East,20.0,659.0,10.0,319,0,5.02,7.82,0,0,24.63
2024-09-10,SKU_2,WH_3,SUP_9,South,4.0,655.0,10.0,319,0,5.02,7.82,0,0,6.42
2024-09-11,SKU_2,WH_3,SUP_9,East,14.0,641.0,10.0,319,0,5.02,7.82,0,0,N/A
2024-09-12,SKU_2,WH_3,SUP_9,North,10.0,631.0,10.0,319,0,5.02,7.82,1,0,10.94
2024-09-13,SKU_2,WH_3,SUP_9,South,9.0,622.0,10.0,319,0,5.02,7.82,0,0,7.27
2024-09-14,SKU_2,WH_3,SUP_9,East,,611.0,10.0,319,0,5.02,7.82,0,0,
2024-09-15,SKU_2,WH_3,SUP_9,East,8.0,603.0,10.0,319,0,5.02,7.82,0,0,5.1
2024-09-16,SKU_2,WH_3,SUP_9,South,-4.0,-599.0,10.0,319,0,-5.02,-7.82,0,0,-0.0
2024-09-17,SKU_2,WH_3,SUP_9,East,,594.0,10.0,319,0,5.02,7.82,0,0,3.97
2024-09-18,SKU_2,WH_3,SUP_9,West,23.0,571.0,10.0,319,0,5.02,7.82,1,0,
2024-09-19,SKU_2,WH_3,SUP_9,South,10.0,561.0,10.0,319,0,5.02,7.82,0,0,7.81
2024-09-20,SKU_2,WH_3,SUP_9,West,12.0,549.0,10.0,319,0,5.02,7.82,0,0,7.35
2024-09-21,SKU_2,WH_3,SUP_9,West,15.0,534.0,10.0,319,0,5.02,7.82,0,0,14.03
2024-09-22,SKU_2,WH_3,SUP_9,East,18.0,516.0,10.0,319,0,5.02,7.82,0,0,18.95
2024-09-23,SKU_2,WH_3,SUP_9,East,11.0,505.0,10.0,319,0,5.02,7.82,0,0,10.32
2024-09-24,SKU_2,WH_3,SUP_9,North,14.0,491.0,10.0,319,0,5.02,7.82,0,0,9.38
2024-09-25,SKU_2,WH_3,SUP_9,West,16.0,475.0,10.0,319,0,5.02,7.82,1,0,16.19
2024-09-26,SKU_2,WH_3,SUP_9,West,9.0,466.0,10.0,319,0,5.02,7.82,0,0,12.65
2024-09-27,SKU_2,WH_3,SUP_9,North,15.0,,10.0,319,0,5.02,7.82,0,0,15.59
2024-09-28,SKU_2,WH_3,SUP_9,North,4.0,447.0,10.0,319,0,5.02,7.82,0,0,0.24
2024-09-29,SKU_2,WH_3,SUP_9,West,9.0,438.0,10.0,319,0,5.02,7.82,0,0,12.15
2024-09-30,SKU_2,WH_3,SUP_9,East,15.0,423.0,10.0,319,0,5.02,7.82,0,0,
2024-10-01,SKU_2,WH_3,SUP_9,East,5.0,418.0,10.0,319,0,5.02,7.82,0,0,7.81
2024-10-02,SKU_2,WH_3,SUP_9,,8.0,410.0,10.0,319,0,5.02,7.82,0,0,7.68
2024-10-03,SKU_2,WH_3,SUP_9,West,13.0,397.0,10.0,319,0,5.02,7.82,0,0,13.7
2024-10-04,SKU_2,WH_3,SUP_9,South,17.0,380.0,10.0,319,0,5.02,7.82,0,0,4.84
2024-10-05,SKU_2,WH_3,SUP_9,East,14.0,366.0,10.0,319,0,5.02,7.82,0,0,18.11
2024-10-06,SKU_2,WH_3,SUP_9,,14.0,352.0,10.0,319,0,5.02,7.82,0,0,12.82
2024-10-07,SKU_2,WH_3,SUP_9,West,14.0,338.0,10.0,319,0,5.02,7.82,0,0,13.81
2024-10-08,SKU_2,WH_3,SUP_9,East,13.0,325.0,10.0,319,0,5.02,7.82,0,0,15.12
2024-10-09,SKU_2,WH_3,SUP_9,East,8.0,317.0,10.0,319,0,5.02,7.82,0,0,6.75
2024-10-10,SKU_2,WH_3,SUP_9,East,10.0,668.0,10.0,319,361,5.02,7.82,1,0,7.64
2024-10-11,SKU_2,WH_3,SUP_9,South,7.0,661.0,10.0,319,0,5.02,7.82,0,0,10.51
2024-10-12,SKU_2,WH_3,SUP_9,South,,650.0,10.0,319,0,5.02,7.82,0,0,11.75
2024-10-13,SKU_2,WH_3,SUP_9,South,-11.0,-639.0,10.0,319,0,-5.02,-7.82,1,0,-10.8
2024-10-14,SKU_2,WH_3,SUP_9,North,14.0,625.0,,319,0,5.02,7.82,0,0,12.29
2024-10-15,SKU_2,WH_3,SUP_9,West,0.0,625.0,10.0,319,0,5.02,7.82,0,0,0.0
2024-10-16,SKU_2,WH_3,SUP_9,??UNKNOWN??,8.0,,10.0,319,0,5.02,7.82,0,0,7.38
2024-10-17,SKU_2,WH_3,SUP_9,West,5.0,612.0,10.0,319,0,5.02,7.82,0,0,0.41
2024-10-18,SKU_2,WH_3,SUP_9,North,13.0,599.0,10.0,319,0,5.02,7.82,0,0,14.46
2024-10-19,SKU_2,WH_3,SUP_9,East,11.0,588.0,10.0,319,0,5.02,7.82,1,0,14.82
2024-10-20,SKU_2,WH_3,SUP_9,South,10.0,578.0,10.0,319,0,5.02,7.82,0,0,9.17
2024-10-21,SKU_2,WH_3,SUP_9,East,15.0,563.0,10.0,319,0,5.02,7.82,0,0,9.47
2024-10-22,SKU_2,WH_3,SUP_9,North,10.0,553.0,10.0,319,0,5.02,7.82,1,0,14.53
2024-10-23,SKU_2,WH_3,SUP_9,North,18.0,535.0,,319,0,5.02,7.82,1,0,16.7
2024-10-24,SKU_2,WH_3,SUP_9,West,10.0,525.0,10.0,319,0,5.02,7.82,0,0,9.52
2024-10-25,SKU_2,WH_3,SUP_9,North,6.0,519.0,10.0,319,0,5.02,7.82,0,0,4.76
2024-10-26,SKU_2,WH_3,SUP_9,South,3.0,516.0,10.0,319,0,5.02,7.82,1,0,0.0
2024-10-27,SKU_2,WH_3,SUP_9,North,14.0,502.0,10.0,319,0,5.02,7.82,0,0,
2024-10-28,SKU_2,WH_3,SUP_9,South,,492.0,10.0,319,0,5.02,7.82,0,0,10.65
2024-10-29,SKU_2,WH_3,SUP_9,South,10.0,482.0,10.0,319,0,5.02,7.82,0,0,11.96
2024-10-30,SKU_2,WH_3,SUP_9,South,10.0,472.0,10.0,319,0,5.02,7.82,0,0,7.28
2024-10-31,SKU_2,WH_3,SUP_9,South,-18.0,-1.0,10.0,319,0,-5.02,-7.82,0,0,-19.15
2024-11-01,SKU_2,WH_3,SUP_9,East,11.0,443.0,10.0,319,0,5.02,7.82,0,0,10.79
2024-11-02,SKU_2,WH_3,SUP_9,,11.0,432.0,10.0,319,0,5.02,7.82,0,0,7.68
2024-11-03,SKU_2,WH_3,SUP_9,North,,427.0,10.0,319,0,5.02,7.82,0,0,8.65
2024-11-04,SKU_2,WH_3,SUP_9,North,22.0,405.0,10.0,319,0,5.02,7.82,1,0,22.88
2024-11-05,SKU_2,WH_3,SUP_9,North,1.0,404.0,10.0,319,0,5.02,7.82,0,0,4.23
2024-11-06,SKU_2,WH_3,SUP_9,North,13.0,391.0,10.0,319,0,5.02,7.82,0,0,
2024-11-07,SKU_2,WH_3,SUP_9,West,14.0,377.0,10.0,319,0,5.02,7.82,0,0,12.01
2024-11-08,SKU_2,WH_3,SUP_9,East,20.0,357.0,10.0,319,0,5.02,7.82,0,0,25.48
2024-11-09,SKU_2,WH_3,SUP_9,North,13.0,344.0,10.0,319,0,5.02,7.82,0,0,16.83
2024-11-10,SKU_2,WH_3,SUP_9,North,7.0,337.0,10.0,319,0,5.02,7.82,0,0,9.02
2024-11-11,SKU_2,WH_3,SUP_9,North,15.0,322.0,10.0,319,0,5.02,7.82,0,0,13.91
2024-11-12,SKU_2,WH_3,SUP_9,East,7.0,315.0,10.0,319,0,5.02,7.82,0,0,3.46
2024-11-13,SKU_2,WH_3,SUP_9,West,14.0,788.0,10.0,319,487,5.02,7.82,0,0,15.83
2024-11-14,SKU_2,WH_3,SUP_9,West,16.0,772.0,10.0,319,0,5.02,7.82,0,0,16.39
2024-11-15,SKU_2,WH_3,SUP_9,South,22.0,750.0,10.0,319,0,5.02,7.82,0,0,22.28
2024-11-16,SKU_2,WH_3,SUP_9,,14.0,736.0,10.0,319,0,5.02,7.82,0,0,16.74
2024-11-17,SKU_2,WH_3,SUP_9,West,9.0,727.0,10.0,319,0,5.02,7.82,0,0,6.87
2024-11-18,SKU_2,WH_3,SUP_9,East,11.0,716.0,10.0,319,0,5.02,7.82,0,0,7.73
2024-11-19,SKU_2,WH_3,SUP_9,West,22.0,694.0,10.0,319,0,5.02,7.82,0,0,23.48
2024-11-20,SKU_2,WH_3,SUP_9,West,14.0,680.0,10.0,319,0,5.02,7.82,0,0,12.64
2024-11-21,SKU_2,WH_3,SUP_9,,23.0,657.0,10.0,319,0,5.02,7.82,0,0,20.14
2024-11-22,SKU_2,WH_3,SUP_9,East,19.0,638.0,10.0,319,0,5.02,7.82,0,0,
2024-11-23,SKU_2,WH_3,SUP_9,South,12.0,626.0,10.0,319,0,5.02,7.82,0,0,13.35
2024-11-24,SKU_2,WH_3,SUP_9,South,9.0,,10.0,319,0,5.02,7.82,0,0,6.11
2024-11-25,SKU_2,WH_3,SUP_9,West,15.0,602.0,10.0,319,0,5.02,7.82,1,0,13.78
2024-11-26,SKU_2,WH_3,SUP_9,East,,591.0,10.0,319,0,5.02,7.82,0,0,7.5
2024-11-27,SKU_2,WH_3,SUP_9,South,17.0,574.0,10.0,319,0,5.02,7.82,0,0,16.32
2024-11-28,SKU_2,WH_3,SUP_9,West,13.0,561.0,10.0,319,0,5.02,7.82,0,0,13.78
2024-11-29,SKU_2,WH_3,SUP_9,South,27.0,534.0,10.0,319,0,5.02,7.82,1,0,
2024-11-30,SKU_2,WH_3,SUP_9,East,22.0,512.0,10.0,319,0,5.02,7.82,1,0,24.11
2024-12-01,SKU_2,WH_3,SUP_9,North,14.0,498.0,10.0,319,0,5.02,7.82,0,0,14.41
2024-12-02,SKU_2,WH_3,SUP_9,East,9.0,489.0,10.0,319,0,5.02,7.82,0,0,15.01
2024-12-03,SKU_2,WH_3,SUP_9,West,18.0,471.0,10.0,319,0,5.02,7.82,0,0,17.0
2024-12-04,SKU_2,WH_3,SUP_9,West,20.0,451.0,10.0,319,0,5.02,7.82,1,0,20.43
2024-12-05,SKU_2,WH_3,SUP_9,West,21.0,430.0,10.0,319,0,5.02,7.82,0,0,19.27
2024-12-06,SKU_2,WH_3,SUP_9,West,18.0,412.0,10.0,319,0,5.02,7.82,0,0,
2024-12-07,SKU_2,WH_3,SUP_9,West,18.0,394.0,10.0,319,0,5.02,7.82,1,0,
2024-12-08,SKU_2,WH_3,SUP_9,South,,373.0,10.0,319,0,5.02,7.82,0,0,24.17
2024-12-09,SKU_2,WH_3,SUP_9,West,10.0,363.0,10.0,319,0,5.02,7.82,1,0,6.99
2024-12-10,SKU_2,WH_3,SUP_9,North,13.0,350.0,10.0,319,0,5.02,7.82,0,0,11.62
2024-12-11,SKU_2,WH_3,SUP_9,South,21.0,329.0,10.0,319,0,5.02,7.82,0,0,22.11
2024-12-12,SKU_2,WH_3,SUP_9,South,16.0,313.0,10.0,319,0,5.02,7.82,0,0,15.38
2024-12-13,SKU_2,WH_3,SUP_9,South,15.0,,10.0,319,305,5.02,7.82,0,0,13.66
2024-12-14,SKU_2,WH_3,SUP_9,North,13.0,590.0,10.0,319,0,5.02,7.82,0,0,7.0
2024-12-15,SKU_2,WH_3,SUP_9,East,11.0,579.0,10.0,319,0,5.02,7.82,0,0,7.98
2024-12-16,SKU_2,WH_3,SUP_9,East,24.0,555.0,10.0,319,0,5.02,7.82,0,0,24.74
2024-12-17,SKU_2,WH_3,SUP_9,East,26.0,529.0,10.0,319,0,5.02,7.82,0,0,23.93
2024-12-18,SKU_2,WH_3,SUP_9,West,16.0,,10.0,319,0,5.02,7.82,1,0,18.25
2024-12-19,SKU_2,WH_3,SUP_9,West,18.0,495.0,10.0,319,0,5.02,7.82,0,0,20.11
2024-12-20,SKU_2,WH_3,SUP_9,East,13.0,,,319,0,5.02,7.82,0,0,13.91
2024-12-21,SKU_2,WH_3,SUP_9,East,,462.0,10.0,319,0,5.02,7.82,0,0,21.07
2024-12-22,SKU_2,WH_3,SUP_9,South,16.0,,10.0,319,0,5.02,7.82,0,0,21.0
2024-12-23,SKU_2,WH_3,SUP_9,East,10.0,,10.0,319,0,5.02,7.82,0,0,9.38
2024-12-24,SKU_2,WH_3,SUP_9,North,21.0,415.0,10.0,319,0,5.02,7.82,0,0,23.88
2024-12-25,SKU_2,WH_3,SUP_9,South,21.0,394.0,10.0,319,0,5.02,7.82,0,0,19.28
2024-12-26,SKU_2,WH_3,SUP_9,North,15.0,379.0,,319,0,5.02,7.82,0,0,
2024-12-27,SKU_2,WH_3,SUP_9,West,13.0,366.0,,319,0,5.02,7.82,0,0,10.32
2024-12-28,SKU_2,WH_3,SUP_9,East,22.0,344.0,10.0,319,0,5.02,7.82,0,0,19.36
2024-12-29,SKU_2,WH_3,SUP_9,West,24.0,320.0,10.0,319,0,5.02,7.82,0,0,25.55
2024-12-30,SKU_2,WH_3,SUP_9,East,21.0,299.0,10.0,319,0,5.02,7.82,0,0,19.45
2024-01-01,SKU_2,WH_4,SUP_5,West,21.0,544.0,6.0,290,0,7.06,10.96,0,0,25.28
2024-01-02,SKU_2,WH_4,SUP_5,North,24.0,520.0,6.0,290,0,7.06,10.96,0,0,21.51
2024-01-03,SKU_2,WH_4,SUP_5,,18.0,502.0,6.0,290,0,7.06,10.96,0,0,20.77
2024-01-04,SKU_2,WH_4,SUP_5,North,19.0,483.0,6.0,290,0,7.06,10.96,0,0,22.34
2024-01-05,SKU_2,WH_4,SUP_5,East,23.0,460.0,6.0,290,0,7.06,10.96,0,0,26.19
2024-01-06,SKU_2,WH_4,SUP_5,North,16.0,444.0,6.0,290,0,7.06,10.96,0,0,16.24
2024-01-07,SKU_2,WH_4,SUP_5,East,19.0,425.0,6.0,290,0,7.06,10.96,0,0,18.84
2024-01-08,SKU_2,WH_4,SUP_5,North,23.0,402.0,6.0,290,0,7.06,10.96,0,0,N/A
2024-01-09,SKU_2,WH_4,SUP_5,??UNKNOWN??,23.0,379.0,6.0,290,0,7.06,10.96,0,0,25.09
2024-01-10,SKU_2,WH_4,SUP_5,East,25.0,354.0,6.0,290,0,7.06,10.96,0,0,25.16
2024-01-11,SKU_2,WH_4,SUP_5,North,37.0,317.0,6.0,290,0,7.06,10.96,1,0,37.39
2024-01-12,SKU_2,WH_4,SUP_5,South,32.0,285.0,6.0,290,0,7.06,10.96,1,0,31.0
2024-01-13,SKU_2,WH_4,SUP_5,North,18.0,573.0,6.0,290,306,7.06,10.96,0,0,16.01
2024-01-14,SKU_2,WH_4,SUP_5,South,21.0,552.0,6.0,290,0,7.06,10.96,0,0,18.92
2024-01-15,SKU_2,WH_4,SUP_5,South,,533.0,6.0,290,0,7.06,10.96,0,0,
2024-01-16,SKU_2,WH_4,SUP_5,East,24.0,509.0,6.0,290,0,7.06,10.96,0,0,28.73
2024-01-17,SKU_2,WH_4,SUP_5,South,27.0,,6.0,290,0,7.06,10.96,0,0,24.93
not_a_date,SKU_2,WH_4,SUP_5,North,25.0,457.0,6.0,290,0,7.06,10.96,0,0,21.28
2024-01-19,SKU_2,WH_4,SUP_5,North,30.0,427.0,6.0,290,0,7.06,10.96,0,0,32.12
2024-01-20,SKU_2,WH_4,SUP_5,East,27.0,400.0,6.0,290,0,7.06,10.96,1,0,28.18
2024-01-21,SKU_2,WH_4,SUP_5,West,28.0,372.0,6.0,290,0,7.06,10.96,0,0,28.16
2024-01-22,SKU_2,WH_4,SUP_5,North,30.0,342.0,6.0,290,0,7.06,10.96,0,0,30.13
2024-01-23,SKU_2,WH_4,SUP_5,South,24.0,318.0,6.0,290,0,7.06,10.96,0,0,23.09
2024-01-24,SKU_2,WH_4,SUP_5,East,264.0,1140.0,6.0,290,0,7.06,10.96,0,0,220.65732300785874
2024-01-25,SKU_2,WH_4,SUP_5,East,19.0,580.0,6.0,290,314,7.06,10.96,0,0,24.0
2024-01-26,SKU_2,WH_4,SUP_5,West,37.0,,6.0,290,0,7.06,10.96,1,0,36.25
2024-01-27,SKU_2,WH_4,SUP_5,South,34.0,509.0,6.0,290,0,7.06,10.96,0,0,32.04
2024-01-28,SKU_2,WH_4,SUP_5,South,22.0,,6.0,290,0,7.06,10.96,0,0,22.43
2024-01-29,SKU_2,WH_4,SUP_5,North,24.0,463.0,6.0,290,0,7.06,10.96,0,0,21.77
2024-01-30,SKU_2,WH_4,SUP_5,North,20.0,443.0,6.0,290,0,7.06,10.96,0,0,N/A
2024-01-31,SKU_2,WH_4,SUP_5,,28.0,415.0,6.0,290,0,7.06,10.96,0,0,29.24
2024-02-01,SKU_2,WH_4,SUP_5,East,27.0,388.0,6.0,290,0,7.06,10.96,0,0,28.72
2024-02-02,SKU_2,WH_4,SUP_5,East,24.0,364.0,6.0,290,0,7.06,10.96,0,0,21.1
2024-02-03,SKU_2,WH_4,SUP_5,North,21.0,343.0,6.0,290,0,7.06,10.96,0,0,24.06
2024-02-04,SKU_2,WH_4,SUP_5,South,33.0,310.0,6.0,290,0,7.06,10.96,1,0,34.11
2024-02-05,SKU_2,WH_4,SUP_5,East,32.0,278.0,6.0,290,0,7.06,10.96,1,0,29.57
2024-02-06,SKU_2,WH_4,SUP_5,East,30.0,672.0,6.0,290,424,7.06,10.96,0,0,28.35
2024-02-07,SKU_2,WH_4,SUP_5,East,18.0,654.0,6.0,290,0,7.06,10.96,0,0,18.3
2024-02-08,SKU_2,WH_4,SUP_5,South,31.0,623.0,6.0,290,0,7.06,10.96,1,0,37.03
2024-02-09,SKU_2,WH_4,SUP_5,North,20.0,603.0,6.0,290,0,7.06,10.96,0,0,17.78
2024-02-10,SKU_2,WH_4,SUP_5,South,32.0,571.0,6.0,290,0,7.06,10.96,0,0,29.88
2024-02-11,SKU_2,WH_4,SUP_5,South,22.0,549.0,6.0,290,0,7.06,10.96,0,0,22.72
2024-02-12,SKU_2,WH_4,SUP_5,North,27.0,522.0,6.0,290,0,7.06,10.96,1,0,
2024-02-13,SKU_2,WH_4,SUP_5,South,30.0,492.0,6.0,290,0,7.06,10.96,0,0,32.56
2024-02-14,SKU_2,WH_4,SUP_5,East,21.0,471.0,6.0,290,0,7.06,10.96,0,0,20.88
2024-02-15,SKU_2,WH_4,SUP_5,??UNKNOWN??,23.0,448.0,6.0,290,0,7.06,10.96,0,0,19.77
2024-02-16,SKU_2,WH_4,SUP_5,South,21.0,427.0,6.0,290,0,7.06,10.96,0,0,19.98
2024-02-17,SKU_2,WH_4,SUP_5,West,29.0,398.0,6.0,290,0,7.06,10.96,0,0,32.72
2024-02-18,SKU_2,WH_4,SUP_5,South,29.0,369.0,6.0,290,0,7.06,10.96,0,0,33.76
not_a_date,SKU_2,WH_4,SUP_5,West,26.0,343.0,6.0,290,0,7.06,10.96,0,0,24.19
2024-02-20,SKU_2,WH_4,SUP_5,East,42.0,301.0,6.0,290,0,7.06,10.96,1,0,45.41
2024-02-21,SKU_2,WH_4,SUP_5,East,34.0,267.0,6.0,290,0,7.06,10.96,0,0,34.18
2024-02-22,SKU_2,WH_4,SUP_5,North,28.0,,6.0,290,492,7.06,10.96,0,0,30.91
2024-02-23,SKU_2,WH_4,SUP_5,East,29.0,702.0,6.0,290,0,7.06,10.96,0,0,30.93
2024-02-24,SKU_2,WH_4,SUP_5,South,38.0,664.0,6.0,290,0,7.06,10.96,0,0,33.78
2024-02-25,SKU_2,WH_4,SUP_5,North,27.0,637.0,6.0,290,0,7.06,10.96,0,0,30.61
2024-02-26,SKU_2,WH_4,SUP_5,North,33.0,604.0,6.0,290,0,7.06,10.96,0,0,31.06
2024-02-27,SKU_2,WH_4,SUP_5,North,29.0,575.0,6.0,290,0,7.06,10.96,0,0,29.96
2024-02-28,SKU_2,WH_4,SUP_5,East,29.0,,6.0,290,0,7.06,10.96,0,0,29.01
2024-02-29,SKU_2,WH_4,SUP_5,South,23.0,523.0,6.0,290,0,7.06,10.96,0,0,22.93
2024-03-01,SKU_2,WH_4,SUP_5,South,27.0,496.0,6.0,290,0,7.06,10.96,0,0,24.92
2024-03-02,SKU_2,WH_4,SUP_5,West,24.0,472.0,6.0,290,0,7.06,10.96,0,0,23.77
2024-03-03,SKU_2,WH_4,SUP_5,North,18.0,454.0,6.0,290,0,7.06,10.96,0,0,17.45
2024-03-04,SKU_2,WH_4,SUP_5,North,26.0,,6.0,290,0,7.06,10.96,0,0,28.92
2024-03-05,SKU_2,WH_4,SUP_5,,35.0,393.0,6.0,290,0,7.06,10.96,1,0,34.12
2024-03-06,SKU_2,WH_4,SUP_5,North,37.0,356.0,6.0,290,0,7.06,10.96,0,0,41.25
2024-03-07,SKU_2,WH_4,SUP_5,West,28.0,328.0,6.0,290,0,7.06,10.96,0,0,27.34
2024-03-08,SKU_2,WH_4,SUP_5,North,23.0,,6.0,290,0,7.06,10.96,0,0,24.83
2024-03-09,SKU_2,WH_4,SUP_5,South,31.0,274.0,6.0,290,0,7.06,10.96,0,0,34.91
2024-03-10,SKU_2,WH_4,SUP_5,West,29.0,661.0,6.0,290,416,7.06,10.96,0,0,29.27
2024-03-11,SKU_2,WH_4,SUP_5,West,27.0,634.0,6.0,290,0,7.06,10.96,0,0,22.36
2024-03-12,SKU_2,WH_4,SUP_5,South,27.0,607.0,6.0,290,0,7.06,10.96,0,0,26.66
2024-03-13,SKU_2,WH_4,SUP_5,South,34.0,573.0,6.0,290,0,7.06,10.96,0,0,N/A
2024-03-14,SKU_2,WH_4,SUP_5,East,30.0,543.0,6.0,290,0,7.06,10.96,0,0,31.17
2024-03-15,SKU_2,WH_4,SUP_5,North,30.0,513.0,6.0,290,0,7.06,10.96,0,0,30.32
2024-03-16,SKU_2,WH_4,SUP_5,East,28.0,485.0,6.0,290,0,7.06,10.96,0,0,20.69
2024-03-17,SKU_2,WH_4,SUP_5,South,31.0,454.0,6.0,290,0,7.06,10.96,0,0,26.97
2024-03-18,SKU_2,WH_4,SUP_5,North,20.0,434.0,6.0,290,0,7.06,10.96,0,0,15.43
2024-03-19,SKU_2,WH_4,SUP_5,East,29.0,405.0,6.0,290,0,7.06,10.96,0,0,34.71
2024-03-20,SKU_2,WH_4,SUP_5,??UNKNOWN??,32.0,373.0,6.0,290,0,7.06,10.96,0,0,
2024-03-21,SKU_2,WH_4,SUP_5,West,28.0,345.0,6.0,290,0,7.06,10.96,0,0,22.52
2024-03-22,SKU_2,WH_4,SUP_5,West,32.0,313.0,6.0,290,0,7.06,10.96,0,0,32.02
2024-03-23,SKU_2,WH_4,SUP_5,North,26.0,287.0,6.0,290,0,7.06,10.96,0,0,19.35
2024-03-24,SKU_2,WH_4,SUP_5,South,,459.0,6.0,290,201,7.06,10.96,0,0,30.34
2024-03-25,SKU_2,WH_4,SUP_5,South,32.0,427.0,6.0,290,0,7.06,10.96,0,0,30.16
2024-03-26,SKU_2,WH_4,SUP_5,North,34.0,393.0,6.0,290,0,7.06,10.96,0,0,37.92
2024-03-27,SKU_2,WH_4,SUP_5,West,29.0,364.0,,290,0,7.06,10.96,0,0,
2024-03-28,SKU_2,WH_4,SUP_5,East,38.0,326.0,6.0,290,0,7.06,10.96,0,0,35.63
2024-03-29,SKU_2,WH_4,SUP_5,East,23.0,303.0,6.0,290,0,7.06,10.96,0,0,26.47
2024-03-30,SKU_2,WH_4,SUP_5,North,32.0,271.0,6.0,290,0,7.06,10.96,1,0,32.99
2024-03-31,SKU_2,WH_4,SUP_5,East,32.0,535.0,6.0,290,296,7.06,10.96,0,0,28.73
2024-04-01,SKU_2,WH_4,SUP_5,,32.0,503.0,6.0,290,0,7.06,10.96,0,0,26.02
2024-04-02,SKU_2,WH_4,SUP_5,West,37.0,466.0,6.0,290,0,7.06,10.96,0,0,36.75
2024-04-03,SKU_2,WH_4,SUP_5,??UNKNOWN??,26.0,440.0,,290,0,7.06,10.96,0,0,29.46
2024-04-04,SKU_2,WH_4,SUP_5,South,29.0,411.0,6.0,290,0,7.06,10.96,0,0,26.53
2024-04-05,SKU_2,WH_4,SUP_5,West,23.0,388.0,6.0,290,0,7.06,10.96,0,0,20.34
2024-04-06,SKU_2,WH_4,SUP_5,North,29.0,359.0,6.0,290,0,7.06,10.96,1,0,29.74
2024-04-07,SKU_2,WH_4,SUP_5,North,30.0,329.0,6.0,290,0,7.06,10.96,0,0,29.09
2024-04-08,SKU_2,WH_4,SUP_5,South,28.0,301.0,6.0,290,0,7.06,10.96,0,0,26.8
2024-04-09,SKU_2,WH_4,SUP_5,West,,268.0,6.0,290,0,7.06,10.96,0,0,30.74
2024-04-10,SKU_2,WH_4,SUP_5,,32.0,486.0,6.0,290,250,7.06,10.96,0,0,37.81
2024-04-11,SKU_2,WH_4,SUP_5,West,26.0,460.0,6.0,290,0,7.06,10.96,0,0,27.14
2024-04-12,SKU_2,WH_4,SUP_5,East,24.0,436.0,6.0,290,0,7.06,10.96,0,0,
2024-04-13,SKU_2,WH_4,SUP_5,East,,397.0,6.0,290,0,7.06,10.96,0,0,45.89
2024-04-14,SKU_2,WH_4,SUP_5,East,28.0,369.0,,290,0,7.06,10.96,0,0,N/A
2024-04-15,SKU_2,WH_4,SUP_5,South,31.0,338.0,6.0,290,0,7.06,10.96,0,0,33.23
2024-04-16,SKU_2,WH_4,SUP_5,North,29.0,309.0,6.0,290,0,7.06,10.96,0,0,30.13
2024-04-17,SKU_2,WH_4,SUP_5,South,32.0,277.0,6.0,290,0,7.06,10.96,0,0,27.15
2024-04-18,SKU_2,WH_4,SUP_5,West,21.0,722.0,6.0,290,466,7.06,10.96,0,0,22.86
2024-04-19,SKU_2,WH_4,SUP_5,West,27.0,695.0,6.0,290,0,7.06,10.96,1,0,28.2
2024-04-20,SKU_2,WH_4,SUP_5,,30.0,665.0,6.0,290,0,7.06,10.96,0,0,29.85
2024-04-21,SKU_2,WH_4,SUP_5,East,31.0,634.0,6.0,290,0,7.06,10.96,0,0,34.36
2024-04-22,SKU_2,WH_4,SUP_5,West,23.0,611.0,6.0,290,0,7.06,10.96,0,0,24.08
2024-04-23,SKU_2,WH_4,SUP_5,East,32.0,579.0,6.0,290,0,7.06,10.96,0,0,30.89
2024-04-24,SKU_2,WH_4,SUP_5,East,36.0,543.0,6.0,290,0,7.06,10.96,0,0,36.97
2024-04-25,SKU_2,WH_4,SUP_5,South,28.0,515.0,6.0,290,0,7.06,10.96,0,0,23.4
2024-04-26,SKU_2,WH_4,SUP_5,East,31.0,484.0,6.0,290,0,7.06,10.96,0,0,34.48
2024-04-27,SKU_2,WH_4,SUP_5,East,25.0,459.0,6.0,290,0,7.06,10.96,0,0,22.9
2024-04-28,SKU_2,WH_4,SUP_5,South,27.0,432.0,6.0,290,0,7.06,10.96,0,0,31.76
2024-04-29,SKU_2,WH_4,SUP_5,East,,409.0,6.0,290,0,7.06,10.96,0,0,19.33
2024-04-30,SKU_2,WH_4,SUP_5,South,21.0,388.0,6.0,290,0,7.06,10.96,0,0,15.14
2024-05-01,SKU_2,WH_4,SUP_5,West,26.0,362.0,6.0,290,0,7.06,10.96,0,0,27.51
2024-05-02,SKU_2,WH_4,SUP_5,South,28.0,334.0,6.0,290,0,7.06,10.96,0,0,26.8
not_a_date,SKU_2,WH_4,SUP_5,East,31.0,303.0,6.0,290,0,7.06,10.96,0,0,29.07
2024-05-04,SKU_2,WH_4,SUP_5,West,25.0,278.0,6.0,290,0,7.06,10.96,0,0,25.84
2024-05-05,SKU_2,WH_4,SUP_5,West,36.0,645.0,6.0,290,403,7.06,10.96,0,0,36.74
2024-05-06,SKU_2,WH_4,SUP_5,South,29.0,616.0,6.0,290,0,7.06,10.96,0,0,29.48
2024-05-07,SKU_2,WH_4,SUP_5,South,26.0,590.0,6.0,290,0,7.06,10.96,0,0,28.47
2024-05-08,SKU_2,WH_4,SUP_5,East,23.0,567.0,6.0,290,0,7.06,10.96,0,0,18.84
2024-05-09,SKU_2,WH_4,SUP_5,East,29.0,538.0,6.0,290,0,7.06,10.96,0,0,28.94
2024-05-10,SKU_2,WH_4,SUP_5,South,208.0,2560.0,6.0,290,0,7.06,10.96,0,0,185.57417767233636
2024-05-11,SKU_2,WH_4,SUP_5,South,26.0,486.0,6.0,290,0,7.06,10.96,0,0,25.86
2024-05-12,SKU_2,WH_4,SUP_5,North,23.0,463.0,6.0,290,0,7.06,10.96,0,0,19.55
2024-05-13,SKU_2,WH_4,SUP_5,North,26.0,437.0,6.0,290,0,7.06,10.96,0,0,24.99
2024-05-14,SKU_2,WH_4,SUP_5,North,28.0,409.0,6.0,290,0,7.06,10.96,0,0,23.87
2024-05-15,SKU_2,WH_4,SUP_5,West,30.0,379.0,6.0,290,0,7.06,10.96,0,0,29.69
2024-05-16,SKU_2,WH_4,SUP_5,North,33.0,346.0,6.0,290,0,7.06,10.96,0,0,31.87
2024-05-17,SKU_2,WH_4,SUP_5,,31.0,315.0,6.0,290,0,7.06,10.96,0,0,32.11
2024-05-18,SKU_2,WH_4,SUP_5,West,21.0,294.0,6.0,290,0,7.06,10.96,0,0,21.2
2024-05-19,SKU_2,WH_4,SUP_5,North,36.0,258.0,,290,0,7.06,10.96,0,0,37.0
2024-05-20,SKU_2,WH_4,SUP_5,North,31.0,464.0,6.0,290,237,7.06,10.96,0,0,28.56
2024-05-21,SKU_2,WH_4,SUP_5,South,31.0,433.0,6.0,290,0,7.06,10.96,0,0,32.99
2024-05-22,SKU_2,WH_4,SUP_5,East,25.0,408.0,6.0,290,0,7.06,10.96,0,0,25.29
2024-05-23,SKU_2,WH_4,SUP_5,West,29.0,379.0,6.0,290,0,7.06,10.96,0,0,35.03
2024-05-24,SKU_2,WH_4,SUP_5,North,27.0,352.0,6.0,290,0,7.06,10.96,0,0,24.1
2024-05-25,SKU_2,WH_4,SUP_5,South,26.0,326.0,6.0,290,0,7.06,10.96,0,0,23.33
2024-05-26,SKU_2,WH_4,SUP_5,East,29.0,297.0,6.0,290,0,7.06,10.96,0,0,30.64
2024-05-27,SKU_2,WH_4,SUP_5,East,32.0,265.0,6.0,290,0,7.06,10.96,0,0,35.13
2024-05-28,SKU_2,WH_4,SUP_5,East,36.0,598.0,6.0,290,369,7.06,10.96,1,0,37.07
2024-05-29,SKU_2,WH_4,SUP_5,North,21.0,577.0,6.0,290,0,7.06,10.96,0,0,20.6
2024-05-30,SKU_2,WH_4,SUP_5,West,32.0,545.0,6.0,290,0,7.06,10.96,0,0,31.56
2024-05-31,SKU_2,WH_4,SUP_5,South,,521.0,6.0,290,0,7.06,10.96,0,0,18.65
2024-06-01,SKU_2,WH_4,SUP_5,East,23.0,498.0,6.0,290,0,7.06,10.96,0,0,20.15
2024-06-02,SKU_2,WH_4,SUP_5,West,23.0,475.0,6.0,290,0,7.06,10.96,0,0,24.62
2024-06-03,SKU_2,WH_4,SUP_5,North,29.0,446.0,6.0,290,0,7.06,10.96,0,0,32.08
2024-06-04,SKU_2,WH_4,SUP_5,West,26.0,420.0,6.0,290,0,7.06,10.96,0,0,22.9
2024-06-05,SKU_2,WH_4,SUP_5,West,32.0,388.0,6.0,290,0,7.06,10.96,0,0,33.47
2024-06-06,SKU_2,WH_4,SUP_5,North,,368.0,6.0,290,0,7.06,10.96,0,0,16.18
2024-06-07,SKU_2,WH_4,SUP_5,South,22.0,346.0,6.0,290,0,7.06,10.96,0,0,
2024-06-08,SKU_2,WH_4,SUP_5,West,24.0,322.0,6.0,290,0,7.06,10.96,0,0,21.81
2024-06-09,SKU_2,WH_4,SUP_5,West,25.0,297.0,6.0,290,0,7.06,10.96,0,0,24.03
2024-06-10,SKU_2,WH_4,SUP_5,South,20.0,277.0,6.0,290,0,7.06,10.96,0,0,24.46
2024-06-11,SKU_2,WH_4,SUP_5,West,27.0,609.0,6.0,290,359,7.06,10.96,0,0,23.71
2024-06-12,SKU_2,WH_4,SUP_5,East,21.0,588.0,6.0,290,0,7.06,10.96,0,0,15.67
2024-06-13,SKU_2,WH_4,SUP_5,,14.0,574.0,6.0,290,0,7.06,10.96,0,0,14.1
2024-06-14,SKU_2,WH_4,SUP_5,West,31.0,543.0,6.0,290,0,7.06,10.96,0,0,34.01
2024-06-15,SKU_2,WH_4,SUP_5,West,22.0,521.0,6.0,290,0,7.06,10.96,0,0,22.32
2024-06-16,SKU_2,WH_4,SUP_5,South,19.0,502.0,6.0,290,0,7.06,10.96,0,0,19.33
2024-06-17,SKU_2,WH_4,SUP_5,West,18.0,484.0,6.0,290,0,7.06,10.96,0,0,19.4
2024-06-18,SKU_2,WH_4,SUP_5,West,26.0,458.0,6.0,290,0,7.06,10.96,0,0,23.25
2024-06-19,SKU_2,WH_4,SUP_5,North,20.0,438.0,6.0,290,0,7.06,10.96,0,0,21.46
2024-06-20,SKU_2,WH_4,SUP_5,South,20.0,418.0,6.0,290,0,7.06,10.96,1,0,21.37
2024-06-21,SKU_2,WH_4,SUP_5,South,16.0,402.0,6.0,290,0,7.06,10.96,0,0,18.25
2024-06-22,SKU_2,WH_4,SUP_5,North,24.0,378.0,6.0,290,0,7.06,10.96,0,0,26.51
2024-06-23,SKU_2,WH_4,SUP_5,West,19.0,359.0,6.0,290,0,7.06,10.96,0,0,15.94
2024-06-24,SKU_2,WH_4,SUP_5,West,12.0,347.0,6.0,290,0,7.06,10.96,0,0,11.75
2024-06-25,SKU_2,WH_4,SUP_5,East,23.0,324.0,6.0,290,0,7.06,10.96,0,0,21.18
2024-06-26,SKU_2,WH_4,SUP_5,South,19.0,305.0,6.0,290,0,7.06,10.96,0,0,23.24
2024-06-27,SKU_2,WH_4,SUP_5,East,25.0,280.0,6.0,290,0,7.06,10.96,0,0,20.81
2024-06-28,SKU_2,WH_4,SUP_5,North,21.0,662.0,6.0,290,403,7.06,10.96,0,0,20.35
2024-06-29,SKU_2,WH_4,SUP_5,North,20.0,642.0,6.0,290,0,7.06,10.96,0,0,18.47
2024-06-30,SKU_2,WH_4,SUP_5,South,21.0,621.0,6.0,290,0,7.06,10.96,0,0,24.7
2024-07-01,SKU_2,WH_4,SUP_5,East,25.0,596.0,6.0,290,0,7.06,10.96,0,0,18.79
2024-07-02,SKU_2,WH_4,SUP_5,South,18.0,578.0,6.0,290,0,7.06,10.96,0,0,12.95
2024-07-03,SKU_2,WH_4,SUP_5,North,,551.0,6.0,290,0,7.06,10.96,0,0,
2024-07-04,SKU_2,WH_4,SUP_5,South,17.0,534.0,6.0,290,0,7.06,10.96,0,0,16.36
2024-07-05,SKU_2,WH_4,SUP_5,East,21.0,513.0,6.0,290,0,7.06,10.96,0,0,22.29
2024-07-06,SKU_2,WH_4,SUP_5,West,23.0,490.0,6.0,290,0,7.06,10.96,0,0,24.38
2024-07-07,SKU_2,WH_4,SUP_5,North,19.0,471.0,6.0,290,0,7.06,10.96,0,0,25.24
2024-07-08,SKU_2,WH_4,SUP_5,North,12.0,459.0,6.0,290,0,7.06,10.96,0,0,17.56
2024-07-09,SKU_2,WH_4,SUP_5,East,14.0,445.0,,290,0,7.06,10.96,0,0,10.72
2024-07-10,SKU_2,WH_4,SUP_5,North,22.0,423.0,6.0,290,0,7.06,10.96,0,0,
2024-07-11,SKU_2,WH_4,SUP_5,South,12.0,411.0,6.0,290,0,7.06,10.96,0,0,10.33
2024-07-12,SKU_2,WH_4,SUP_5,North,18.0,393.0,6.0,290,0,7.06,10.96,0,0,18.23
2024-07-13,SKU_2,WH_4,SUP_5,East,19.0,374.0,6.0,290,0,7.06,10.96,0,0,16.32
2024-07-14,SKU_2,WH_4,SUP_5,East,24.0,350.0,6.0,290,0,7.06,10.96,0,0,24.6
2024-07-15,SKU_2,WH_4,SUP_5,South,26.0,324.0,6.0,290,0,7.06,10.96,0,0,24.05
2024-07-16,SKU_2,WH_4,SUP_5,North,19.0,305.0,6.0,290,0,7.06,10.96,0,0,17.36
2024-07-17,SKU_2,WH_4,SUP_5,North,20.0,285.0,6.0,290,0,7.06,10.96,0,0,17.74
2024-07-18,SKU_2,WH_4,SUP_5,West,13.0,568.0,6.0,290,296,7.06,10.96,0,0,18.59
2024-07-19,SKU_2,WH_4,SUP_5,South,21.0,547.0,6.0,290,0,7.06,10.96,0,0,23.33
2024-07-20,SKU_2,WH_4,SUP_5,South,12.0,535.0,6.0,290,0,7.06,10.96,0,0,8.63
2024-07-21,SKU_2,WH_4,SUP_5,East,19.0,516.0,6.0,290,0,7.06,10.96,0,0,23.25
2024-07-22,SKU_2,WH_4,SUP_5,East,17.0,499.0,6.0,290,0,7.06,10.96,0,0,16.49
2024-07-23,SKU_2,WH_4,SUP_5,West,14.0,485.0,6.0,290,0,7.06,10.96,0,0,10.04
not_a_date,SKU_2,WH_4,SUP_5,North,238.0,1872.0,6.0,290,0,7.06,10.96,0,0,138.535747227463
2024-07-25,SKU_2,WH_4,SUP_5,West,14.0,,6.0,290,0,7.06,10.96,1,0,12.66
not_a_date,SKU_2,WH_4,SUP_5,North,14.0,440.0,6.0,290,0,7.06,10.96,0,0,11.6
2024-07-27,SKU_2,WH_4,SUP_5,West,9.0,431.0,6.0,290,0,7.06,10.96,0,0,14.68
2024-07-28,SKU_2,WH_4,SUP_5,East,14.0,417.0,6.0,290,0,7.06,10.96,0,0,16.26
2024-07-29,SKU_2,WH_4,SUP_5,East,7.0,410.0,6.0,290,0,7.06,10.96,0,0,7.42
2024-07-30,SKU_2,WH_4,SUP_5,North,14.0,396.0,6.0,290,0,7.06,10.96,0,0,10.51
2024-07-31,SKU_2,WH_4,SUP_5,West,,378.0,,290,0,7.06,10.96,1,0,14.38
2024-08-01,SKU_2,WH_4,SUP_5,West,12.0,366.0,6.0,290,0,7.06,10.96,0,0,7.78
2024-08-02,SKU_2,WH_4,SUP_5,South,8.0,358.0,,290,0,7.06,10.96,0,0,
2024-08-03,SKU_2,WH_4,SUP_5,East,11.0,347.0,6.0,290,0,7.06,10.96,0,0,17.77
2024-08-04,SKU_2,WH_4,SUP_5,West,12.0,335.0,6.0,290,0,7.06,10.96,0,0,13.11
2024-08-05,SKU_2,WH_4,SUP_5,East,9.0,326.0,6.0,290,0,7.06,10.96,0,0,N/A
2024-08-06,SKU_2,WH_4,SUP_5,North,10.0,316.0,6.0,290,0,7.06,10.96,0,0,9.66
2024-08-07,SKU_2,WH_4,SUP_5,West,23.0,293.0,6.0,290,0,7.06,10.96,0,0,19.84
2024-08-08,SKU_2,WH_4,SUP_5,,8.0,285.0,6.0,290,0,7.06,10.96,0,0,4.86
2024-08-09,SKU_2,WH_4,SUP_5,South,10.0,747.0,6.0,290,472,7.06,10.96,0,0,18.74
2024-08-10,SKU_2,WH_4,SUP_5,South,14.0,733.0,6.0,290,0,7.06,10.96,0,0,13.24
2024-08-11,SKU_2,WH_4,SUP_5,East,14.0,719.0,,290,0,7.06,10.96,0,0,20.35
2024-08-12,SKU_2,WH_4,SUP_5,West,0.0,719.0,6.0,290,0,7.06,10.96,0,0,0.0
2024-08-13,SKU_2,WH_4,SUP_5,North,20.0,699.0,6.0,290,0,7.06,10.96,0,0,25.64
2024-08-14,SKU_2,WH_4,SUP_5,West,6.0,693.0,6.0,290,0,7.06,10.96,0,0,9.55
2024-08-15,SKU_2,WH_4,SUP_5,West,15.0,678.0,6.0,290,0,7.06,10.96,1,0,18.59
2024-08-16,SKU_2,WH_4,SUP_5,North,16.0,662.0,6.0,290,0,7.06,10.96,0,0,16.15
2024-08-17,SKU_2,WH_4,SUP_5,South,50.0,1956.0,6.0,290,0,7.06,10.96,0,0,53.143250989463944
2024-08-18,SKU_2,WH_4,SUP_5,West,5.0,647.0,6.0,290,0,7.06,10.96,0,0,9.93
2024-08-19,SKU_2,WH_4,SUP_5,North,18.0,629.0,6.0,290,0,7.06,10.96,0,0,19.56
2024-08-20,SKU_2,WH_4,SUP_5,East,13.0,616.0,6.0,290,0,7.06,10.96,0,0,17.27
2024-08-21,SKU_2,WH_4,SUP_5,South,14.0,602.0,,290,0,7.06,10.96,0,0,19.18
2024-08-22,SKU_2,WH_4,SUP_5,North,16.0,586.0,6.0,290,0,7.06,10.96,0,0,16.21
2024-08-23,SKU_2,WH_4,SUP_5,North,7.0,579.0,6.0,290,0,7.06,10.96,0,0,3.69
2024-08-24,SKU_2,WH_4,SUP_5,North,5.0,574.0,6.0,290,0,7.06,10.96,0,0,5.94
2024-08-25,SKU_2,WH_4,SUP_5,West,13.0,561.0,6.0,290,0,7.06,10.96,0,0,16.15
2024-08-26,SKU_2,WH_4,SUP_5,South,14.0,547.0,6.0,290,0,7.06,10.96,0,0,18.96
2024-08-27,SKU_2,WH_4,SUP_5,South,11.0,536.0,6.0,290,0,7.06,10.96,1,0,12.55
2024-08-28,SKU_2,WH_4,SUP_5,South,18.0,518.0,6.0,290,0,7.06,10.96,0,0,23.85
2024-08-29,SKU_2,WH_4,SUP_5,South,11.0,,6.0,290,0,7.06,10.96,0,0,6.18
2024-08-30,SKU_2,WH_4,SUP_5,West,13.0,494.0,6.0,290,0,7.06,10.96,0,0,
2024-08-31,SKU_2,WH_4,SUP_5,South,13.0,481.0,6.0,290,0,7.06,10.96,0,0,10.69
2024-09-01,SKU_2,WH_4,SUP_5,South,10.0,471.0,6.0,290,0,7.06,10.96,0,0,7.84
2024-09-02,SKU_2,WH_4,SUP_5,West,,460.0,6.0,290,0,7.06,10.96,0,0,10.41
2024-09-03,SKU_2,WH_4,SUP_5,South,17.0,443.0,6.0,290,0,7.06,10.96,0,0,17.49
2024-09-04,SKU_2,WH_4,SUP_5,West,13.0,430.0,6.0,290,0,7.06,10.96,0,0,12.53
2024-09-05,SKU_2,WH_4,SUP_5,North,10.0,420.0,6.0,290,0,7.06,10.96,0,0,10.85
2024-09-06,SKU_2,WH_4,SUP_5,North,15.0,405.0,6.0,290,0,7.06,10.96,1,0,11.15
2024-09-07,SKU_2,WH_4,SUP_5,North,8.0,,6.0,290,0,7.06,10.96,0,0,N/A
2024-09-08,SKU_2,WH_4,SUP_5,East,11.0,386.0,6.0,290,0,7.06,10.96,0,0,14.57
2024-09-09,SKU_2,WH_4,SUP_5,South,153.0,2952.0,6.0,290,0,7.06,10.96,0,0,96.45003249148655
2024-09-10,SKU_2,WH_4,SUP_5,South,16.0,353.0,6.0,290,0,7.06,10.96,1,0,21.81
2024-09-11,SKU_2,WH_4,SUP_5,East,13.0,340.0,6.0,290,0,7.06,10.96,0,0,12.02
2024-09-12,SKU_2,WH_4,SUP_5,South,,335.0,6.0,290,0,7.06,10.96,0,0,0.82
2024-09-13,SKU_2,WH_4,SUP_5,East,-4.0,-331.0,6.0,290,0,-7.06,-10.96,0,0,-1.44
2024-09-14,SKU_2,WH_4,SUP_5,North,20.0,311.0,6.0,290,0,7.06,10.96,0,0,17.44
2024-09-15,SKU_2,WH_4,SUP_5,,12.0,299.0,6.0,290,0,7.06,10.96,0,0,12.12
2024-09-16,SKU_2,WH_4,SUP_5,East,19.0,280.0,6.0,290,0,7.06,10.96,0,0,16.1
2024-09-17,SKU_2,WH_4,SUP_5,North,12.0,493.0,6.0,290,225,7.06,10.96,0,0,9.19
2024-09-18,SKU_2,WH_4,SUP_5,East,10.0,483.0,6.0,290,0,7.06,10.96,0,0,8.43
2024-09-19,SKU_2,WH_4,SUP_5,South,12.0,471.0,6.0,290,0,7.06,10.96,0,0,
2024-09-20,SKU_2,WH_4,SUP_5,West,5.0,466.0,6.0,290,0,7.06,10.96,0,0,3.14
2024-09-21,SKU_2,WH_4,SUP_5,South,16.0,450.0,6.0,290,0,7.06,10.96,1,0,13.82
2024-09-22,SKU_2,WH_4,SUP_5,North,11.0,439.0,6.0,290,0,7.06,10.96,0,0,12.8
2024-09-23,SKU_2,WH_4,SUP_5,East,8.0,431.0,6.0,290,0,7.06,10.96,0,0,6.5
2024-09-24,SKU_2,WH_4,SUP_5,West,14.0,417.0,6.0,290,0,7.06,10.96,0,0,15.34
2024-09-25,SKU_2,WH_4,SUP_5,South,11.0,406.0,6.0,290,0,7.06,10.96,0,0,10.05
2024-09-26,SKU_2,WH_4,SUP_5,South,11.0,395.0,6.0,290,0,7.06,10.96,0,0,10.8
2024-09-27,SKU_2,WH_4,SUP_5,West,5.0,390.0,6.0,290,0,7.06,10.96,0,0,2.43
2024-09-28,SKU_2,WH_4,SUP_5,East,9.0,381.0,6.0,290,0,7.06,10.96,0,0,7.78
2024-09-29,SKU_2,WH_4,SUP_5,North,16.0,365.0,6.0,290,0,7.06,10.96,0,0,15.17
2024-09-30,SKU_2,WH_4,SUP_5,,14.0,351.0,6.0,290,0,7.06,10.96,0,0,18.2
2024-10-01,SKU_2,WH_4,SUP_5,North,6.0,345.0,6.0,290,0,7.06,10.96,0,0,5.25
2024-10-02,SKU_2,WH_4,SUP_5,West,0.0,345.0,6.0,290,0,7.06,10.96,0,0,0.81
2024-10-03,SKU_2,WH_4,SUP_5,East,12.0,333.0,6.0,290,0,7.06,10.96,0,0,12.58
2024-10-04,SKU_2,WH_4,SUP_5,North,10.0,323.0,6.0,290,0,7.06,10.96,0,0,7.81
2024-10-05,SKU_2,WH_4,SUP_5,West,10.0,313.0,6.0,290,0,7.06,10.96,0,0,9.52
2024-10-06,SKU_2,WH_4,SUP_5,South,13.0,300.0,6.0,290,0,7.06,10.96,0,0,9.78
2024-10-07,SKU_2,WH_4,SUP_5,East,15.0,285.0,6.0,290,0,7.06,10.96,0,0,
2024-10-08,SKU_2,WH_4,SUP_5,West,6.0,557.0,6.0,290,278,7.06,10.96,0,0,5.33
2024-10-09,SKU_2,WH_4,SUP_5,East,10.0,547.0,6.0,290,0,7.06,10.96,0,0,11.73
2024-10-10,SKU_2,WH_4,SUP_5,South,7.0,540.0,6.0,290,0,7.06,10.96,0,0,1.7
2024-10-11,SKU_2,WH_4,SUP_5,West,10.0,530.0,6.0,290,0,7.06,10.96,0,0,6.6
2024-10-12,SKU_2,WH_4,SUP_5,West,11.0,519.0,6.0,290,0,7.06,10.96,0,0,6.73
2024-10-13,SKU_2,WH_4,SUP_5,West,,515.0,6.0,290,0,7.06,10.96,0,0,N/A
2024-10-14,SKU_2,WH_4,SUP_5,North,19.0,496.0,,290,0,7.06,10.96,0,0,21.23
2024-10-15,SKU_2,WH_4,SUP_5,West,8.0,488.0,6.0,290,0,7.06,10.96,0,0,9.63
2024-10-16,SKU_2,WH_4,SUP_5,North,14.0,474.0,6.0,290,0,7.06,10.96,0,0,20.28
2024-10-17,SKU_2,WH_4,SUP_5,North,10.0,464.0,6.0,290,0,7.06,10.96,0,0,9.76
2024-10-18,SKU_2,WH_4,SUP_5,West,9.0,455.0,6.0,290,0,7.06,10.96,0,0,6.89
2024-10-19,SKU_2,WH_4,SUP_5,West,9.0,446.0,6.0,290,0,7.06,10.96,1,0,8.4
2024-10-20,SKU_2,WH_4,SUP_5,East,9.0,437.0,6.0,290,0,7.06,10.96,0,0,7.36
2024-10-21,SKU_2,WH_4,SUP_5,East,5.0,,6.0,290,0,7.06,10.96,0,0,3.42
2024-10-22,SKU_2,WH_4,SUP_5,East,9.0,423.0,6.0,290,0,7.06,10.96,0,0,
2024-10-23,SKU_2,WH_4,SUP_5,South,11.0,412.0,6.0,290,0,7.06,10.96,0,0,13.13
2024-10-24,SKU_2,WH_4,SUP_5,West,13.0,399.0,6.0,290,0,7.06,10.96,0,0,11.71
2024-10-25,SKU_2,WH_4,SUP_5,West,13.0,386.0,6.0,290,0,7.06,10.96,1,0,11.49
2024-10-26,SKU_2,WH_4,SUP_5,South,5.0,381.0,6.0,290,0,7.06,10.96,0,0,7.35
2024-10-27,SKU_2,WH_4,SUP_5,East,10.0,371.0,6.0,290,0,7.06,10.96,0,0,12.77
2024-10-28,SKU_2,WH_4,SUP_5,South,3.0,368.0,,290,0,7.06,10.96,0,0,4.32
2024-10-29,SKU_2,WH_4,SUP_5,South,10.0,358.0,6.0,290,0,7.06,10.96,0,0,8.25
2024-10-30,SKU_2,WH_4,SUP_5,West,9.0,349.0,6.0,290,0,7.06,10.96,0,0,4.82
2024-10-31,SKU_2,WH_4,SUP_5,East,16.0,333.0,6.0,290,0,7.06,10.96,0,0,18.83
2024-11-01,SKU_2,WH_4,SUP_5,South,,326.0,6.0,290,0,7.06,10.96,0,0,7.93
2024-11-02,SKU_2,WH_4,SUP_5,West,9.0,317.0,6.0,290,0,7.06,10.96,0,0,
2024-11-03,SKU_2,WH_4,SUP_5,East,10.0,2754.0,6.0,290,0,7.06,10.96,0,0,56.05432775904846
2024-11-04,SKU_2,WH_4,SUP_5,East,14.0,292.0,6.0,290,0,7.06,10.96,0,0,
2024-11-05,SKU_2,WH_4,SUP_5,South,12.0,280.0,6.0,290,0,7.06,10.96,0,0,7.98
2024-11-06,SKU_2,WH_4,SUP_5,East,9.0,558.0,6.0,290,287,7.06,10.96,0,0,6.14
2024-11-07,SKU_2,WH_4,SUP_5,West,14.0,544.0,6.0,290,0,7.06,10.96,0,0,8.19
2024-11-08,SKU_2,WH_4,SUP_5,West,-5.0,-539.0,6.0,290,0,-7.06,-10.96,0,0,-0.53
2024-11-09,SKU_2,WH_4,SUP_5,West,15.0,524.0,6.0,290,0,7.06,10.96,0,0,15.22
2024-11-10,SKU_2,WH_4,SUP_5,South,20.0,504.0,6.0,290,0,7.06,10.96,0,0,21.24
2024-11-11,SKU_2,WH_4,SUP_5,South,78.0,2946.0,6.0,290,0,7.06,10.96,0,0,N/A
2024-11-12,SKU_2,WH_4,SUP_5,East,16.0,475.0,6.0,290,0,7.06,10.96,0,0,16.75
not_a_date,SKU_2,WH_4,SUP_5,,9.0,466.0,6.0,290,0,7.06,10.96,0,0,8.22
2024-11-14,SKU_2,WH_4,SUP_5,West,16.0,450.0,6.0,290,0,7.06,10.96,0,0,N/A
2024-11-15,SKU_2,WH_4,SUP_5,South,16.0,434.0,,290,0,7.06,10.96,0,0,22.47
2024-11-16,SKU_2,WH_4,SUP_5,North,18.0,416.0,6.0,290,0,7.06,10.96,0,0,20.47
2024-11-17,SKU_2,WH_4,SUP_5,South,8.0,408.0,6.0,290,0,7.06,10.96,0,0,
2024-11-18,SKU_2,WH_4,SUP_5,West,21.0,387.0,6.0,290,0,7.06,10.96,0,0,19.66
2024-11-19,SKU_2,WH_4,SUP_5,North,17.0,370.0,6.0,290,0,7.06,10.96,0,0,11.4
2024-11-20,SKU_2,WH_4,SUP_5,East,17.0,353.0,6.0,290,0,7.06,10.96,0,0,11.48
2024-11-21,SKU_2,WH_4,SUP_5,East,14.0,339.0,6.0,290,0,7.06,10.96,0,0,13.74
2024-11-22,SKU_2,WH_4,SUP_5,North,12.0,327.0,6.0,290,0,7.06,10.96,0,0,12.32
2024-11-23,SKU_2,WH_4,SUP_5,North,17.0,310.0,6.0,290,0,7.06,10.96,0,0,18.3
2024-11-24,SKU_2,WH_4,SUP_5,North,10.0,300.0,6.0,290,0,7.06,10.96,1,0,7.54
2024-11-25,SKU_2,WH_4,SUP_5,South,19.0,281.0,6.0,290,0,7.06,10.96,0,0,15.48
2024-11-26,SKU_2,WH_4,SUP_5,West,5.0,524.0,6.0,290,248,7.06,10.96,0,0,6.44
2024-11-27,SKU_2,WH_4,SUP_5,,11.0,513.0,6.0,290,0,7.06,10.96,0,0,16.86
2024-11-28,SKU_2,WH_4,SUP_5,North,9.0,504.0,6.0,290,0,7.06,10.96,0,0,6.4
2024-11-29,SKU_2,WH_4,SUP_5,West,16.0,488.0,6.0,290,0,7.06,10.96,0,0,18.27
2024-11-30,SKU_2,WH_4,SUP_5,North,14.0,474.0,6.0,290,0,7.06,10.96,0,0,18.09
2024-12-01,SKU_2,WH_4,SUP_5,North,16.0,458.0,6.0,290,0,7.06,10.96,0,0,20.33
2024-12-02,SKU_2,WH_4,SUP_5,South,19.0,439.0,,290,0,7.06,10.96,0,0,19.46
2024-12-03,SKU_2,WH_4,SUP_5,South,14.0,425.0,6.0,290,0,7.06,10.96,0,0,15.4
2024-12-04,SKU_2,WH_4,SUP_5,West,13.0,,6.0,290,0,7.06,10.96,0,0,17.89
not_a_date,SKU_2,WH_4,SUP_5,South,20.0,392.0,6.0,290,0,7.06,10.96,0,0,
2024-12-06,SKU_2,WH_4,SUP_5,North,10.0,382.0,6.0,290,0,7.06,10.96,0,0,
2024-12-07,SKU_2,WH_4,SUP_5,North,23.0,359.0,6.0,290,0,7.06,10.96,1,0,28.16
2024-12-08,SKU_2,WH_4,SUP_5,South,13.0,,6.0,290,0,7.06,10.96,0,0,6.35
2024-12-09,SKU_2,WH_4,SUP_5,South,21.0,325.0,6.0,290,0,7.06,10.96,0,0,23.26
2024-12-10,SKU_2,WH_4,SUP_5,East,12.0,313.0,6.0,290,0,7.06,10.96,0,0,11.77
2024-12-11,SKU_2,WH_4,SUP_5,North,7.0,306.0,6.0,290,0,7.06,10.96,0,0,6.28
2024-12-12,SKU_2,WH_4,SUP_5,East,19.0,287.0,6.0,290,0,7.06,10.96,0,0,21.65
2024-12-13,SKU_2,WH_4,SUP_5,,,690.0,6.0,290,417,7.06,10.96,0,0,15.2
2024-12-14,SKU_2,WH_4,SUP_5,East,10.0,680.0,6.0,290,0,7.06,10.96,0,0,10.85
2024-12-15,SKU_2,WH_4,SUP_5,North,5.0,675.0,6.0,290,0,7.06,10.96,0,0,6.37
2024-12-16,SKU_2,WH_4,SUP_5,South,8.0,667.0,6.0,290,0,7.06,10.96,0,0,7.77
2024-12-17,SKU_2,WH_4,SUP_5,East,24.0,643.0,6.0,290,0,7.06,10.96,0,0,21.96
2024-12-18,SKU_2,WH_4,SUP_5,East,23.0,620.0,6.0,290,0,7.06,10.96,0,0,24.36
2024-12-19,SKU_2,WH_4,SUP_5,West,20.0,600.0,6.0,290,0,7.06,10.96,0,0,18.17
2024-12-20,SKU_2,WH_4,SUP_5,South,,570.0,6.0,290,0,7.06,10.96,0,0,29.63
2024-12-21,SKU_2,WH_4,SUP_5,East,24.0,546.0,6.0,290,0,7.06,10.96,0,0,21.86
2024-12-22,SKU_2,WH_4,SUP_5,West,17.0,529.0,6.0,290,0,7.06,10.96,0,0,12.74
2024-12-23,SKU_2,WH_4,SUP_5,North,12.0,517.0,6.0,290,0,7.06,10.96,0,0,N/A
2024-12-24,SKU_2,WH_4,SUP_5,North,14.0,503.0,6.0,290,0,7.06,10.96,1,0,9.49
2024-12-25,SKU_2,WH_4,SUP_5,South,20.0,483.0,6.0,290,0,7.06,10.96,0,0,
2024-12-26,SKU_2,WH_4,SUP_5,South,,469.0,6.0,290,0,7.06,10.96,0,0,14.58
2024-12-27,SKU_2,WH_4,SUP_5,East,14.0,455.0,6.0,290,0,7.06,10.96,0,0,16.29
2024-12-28,SKU_2,WH_4,SUP_5,North,37.0,418.0,6.0,290,0,7.06,10.96,1,0,34.97
2024-12-29,SKU_2,WH_4,SUP_5,West,15.0,403.0,6.0,290,0,7.06,10.96,0,0,19.36
2024-12-30,SKU_2,WH_4,SUP_5,North,14.0,389.0,6.0,290,0,7.06,10.96,0,0,
2024-01-01,SKU_2,WH_5,SUP_2,West,15.0,844.0,14.0,267,0,15.0,26.38,0,0,13.17
2024-01-02,SKU_2,WH_5,SUP_2,South,31.0,813.0,14.0,267,0,15.0,26.38,1,0,33.74
2024-01-03,SKU_2,WH_5,SUP_2,East,26.0,787.0,14.0,267,0,15.0,26.38,0,0,29.1
2024-01-04,SKU_2,WH_5,SUP_2,West,22.0,765.0,14.0,267,0,15.0,26.38,0,0,16.74
2024-01-05,SKU_2,WH_5,SUP_2,East,19.0,746.0,14.0,267,0,15.0,26.38,1,0,18.34
2024-01-06,SKU_2,WH_5,SUP_2,South,12.0,734.0,14.0,267,0,15.0,26.38,0,0,11.22
2024-01-07,SKU_2,WH_5,SUP_2,South,14.0,720.0,14.0,267,0,15.0,26.38,0,0,11.86
2024-01-08,SKU_2,WH_5,SUP_2,East,20.0,700.0,14.0,267,0,15.0,26.38,0,0,20.99
2024-01-09,SKU_2,WH_5,SUP_2,North,20.0,680.0,14.0,267,0,15.0,26.38,0,0,22.22
2024-01-10,SKU_2,WH_5,SUP_2,North,,,14.0,267,0,15.0,26.38,0,0,19.84
2024-01-11,SKU_2,WH_5,SUP_2,East,23.0,639.0,14.0,267,0,15.0,26.38,0,0,19.85
2024-01-12,SKU_2,WH_5,SUP_2,North,18.0,621.0,14.0,267,0,15.0,26.38,0,0,18.07
2024-01-13,SKU_2,WH_5,SUP_2,East,21.0,600.0,14.0,267,0,15.0,26.38,0,0,N/A
2024-01-14,SKU_2,WH_5,SUP_2,West,21.0,579.0,,267,0,15.0,26.38,0,0,16.44
2024-01-15,SKU_2,WH_5,SUP_2,East,39.0,540.0,14.0,267,0,15.0,26.38,1,0,36.8
2024-01-16,SKU_2,WH_5,SUP_2,East,45.0,495.0,,267,0,15.0,26.38,1,0,
2024-01-17,SKU_2,WH_5,SUP_2,North,31.0,464.0,14.0,267,0,15.0,26.38,0,0,27.36
2024-01-18,SKU_2,WH_5,SUP_2,South,26.0,438.0,14.0,267,0,15.0,26.38,0,0,23.87
2024-01-19,SKU_2,WH_5,SUP_2,West,27.0,,14.0,267,0,15.0,26.38,0,0,26.42
2024-01-20,SKU_2,WH_5,SUP_2,South,19.0,392.0,14.0,267,0,15.0,26.38,0,0,16.72
2024-01-21,SKU_2,WH_5,SUP_2,East,32.0,360.0,14.0,267,0,15.0,26.38,1,0,29.97
2024-01-22,SKU_2,WH_5,SUP_2,North,21.0,339.0,14.0,267,0,15.0,26.38,0,0,19.39
2024-01-23,SKU_2,WH_5,SUP_2,North,35.0,304.0,14.0,267,0,15.0,26.38,1,0,32.64
2024-01-24,SKU_2,WH_5,SUP_2,North,,286.0,14.0,267,0,15.0,26.38,0,0,20.18
2024-01-25,SKU_2,WH_5,SUP_2,South,29.0,257.0,14.0,267,0,15.0,26.38,0,0,26.44
2024-01-26,SKU_2,WH_5,SUP_2,West,,636.0,14.0,267,411,15.0,26.38,0,0,31.78
2024-01-27,SKU_2,WH_5,SUP_2,??UNKNOWN??,15.0,621.0,14.0,267,0,15.0,26.38,0,0,14.52
2024-01-28,SKU_2,WH_5,SUP_2,South,26.0,595.0,14.0,267,0,15.0,26.38,0,0,27.12
2024-01-29,SKU_2,WH_5,SUP_2,West,31.0,564.0,14.0,267,0,15.0,26.38,0,0,34.75
2024-01-30,SKU_2,WH_5,SUP_2,North,19.0,545.0,14.0,267,0,15.0,26.38,0,0,21.71
2024-01-31,SKU_2,WH_5,SUP_2,West,9.0,536.0,14.0,267,0,15.0,26.38,0,0,13.74
2024-02-01,SKU_2,WH_5,SUP_2,South,19.0,517.0,14.0,267,0,15.0,26.38,0,0,17.67
2024-02-02,SKU_2,WH_5,SUP_2,South,26.0,491.0,14.0,267,0,15.0,26.38,0,0,32.63
2024-02-03,SKU_2,WH_5,SUP_2,West,36.0,455.0,14.0,267,0,15.0,26.38,1,0,31.19
2024-02-04,SKU_2,WH_5,SUP_2,,24.0,431.0,14.0,267,0,15.0,26.38,1,0,19.11
2024-02-05,SKU_2,WH_5,SUP_2,South,23.0,408.0,14.0,267,0,15.0,26.38,0,0,24.52
2024-02-06,SKU_2,WH_5,SUP_2,East,24.0,384.0,14.0,267,0,15.0,26.38,0,0,29.83
2024-02-07,SKU_2,WH_5,SUP_2,North,25.0,359.0,14.0,267,0,15.0,26.38,0,0,24.65
2024-02-08,SKU_2,WH_5,SUP_2,West,24.0,335.0,14.0,267,0,15.0,26.38,0,0,22.51
2024-02-09,SKU_2,WH_5,SUP_2,??UNKNOWN??,27.0,308.0,14.0,267,0,15.0,26.38,0,0,24.18
2024-02-10,SKU_2,WH_5,SUP_2,West,28.0,280.0,14.0,267,0,15.0,26.38,0,0,27.51
2024-02-11,SKU_2,WH_5,SUP_2,South,17.0,263.0,14.0,267,0,15.0,26.38,0,0,17.97
2024-02-12,SKU_2,WH_5,SUP_2,West,28.0,545.0,14.0,267,310,15.0,26.38,0,0,28.13
2024-02-13,SKU_2,WH_5,SUP_2,South,23.0,522.0,14.0,267,0,15.0,26.38,0,0,22.96
2024-02-14,SKU_2,WH_5,SUP_2,East,,494.0,14.0,267,0,15.0,26.38,1,0,35.68
2024-02-15,SKU_2,WH_5,SUP_2,East,28.0,466.0,14.0,267,0,15.0,26.38,1,0,25.78
2024-02-16,SKU_2,WH_5,SUP_2,,36.0,430.0,14.0,267,0,15.0,26.38,0,0,31.15
2024-02-17,SKU_2,WH_5,SUP_2,North,19.0,411.0,14.0,267,0,15.0,26.38,0,0,20.12
2024-02-18,SKU_2,WH_5,SUP_2,North,25.0,386.0,14.0,267,0,15.0,26.38,0,0,26.98
2024-02-19,SKU_2,WH_5,SUP_2,East,28.0,358.0,14.0,267,0,15.0,26.38,0,0,23.71
2024-02-20,SKU_2,WH_5,SUP_2,North,-27.0,-331.0,14.0,267,0,-15.0,-26.38,1,0,N/A
2024-02-21,SKU_2,WH_5,SUP_2,West,32.0,299.0,14.0,267,0,15.0,26.38,1,0,30.22
2024-02-22,SKU_2,WH_5,SUP_2,North,312.0,2475.0,14.0,267,0,15.0,26.38,1,0,172.5807207823023
2024-02-23,SKU_2,WH_5,SUP_2,South,26.0,249.0,14.0,267,0,15.0,26.38,0,0,27.05
2024-02-24,SKU_2,WH_5,SUP_2,North,29.0,,14.0,267,468,15.0,26.38,0,0,33.37
2024-02-25,SKU_2,WH_5,SUP_2,West,27.0,661.0,14.0,267,0,15.0,26.38,1,0,31.17
2024-02-26,SKU_2,WH_5,SUP_2,South,23.0,638.0,14.0,267,0,15.0,26.38,0,0,25.08
2024-02-27,SKU_2,WH_5,SUP_2,East,34.0,604.0,14.0,267,0,15.0,26.38,0,0,36.25
not_a_date,SKU_2,WH_5,SUP_2,North,19.0,585.0,14.0,267,0,15.0,26.38,0,0,21.37
2024-02-29,SKU_2,WH_5,SUP_2,North,35.0,550.0,14.0,267,0,15.0,26.38,0,0,34.94
2024-03-01,SKU_2,WH_5,SUP_2,North,28.0,522.0,14.0,267,0,15.0,26.38,0,0,32.42
2024-03-02,SKU_2,WH_5,SUP_2,South,32.0,490.0,,267,0,15.0,26.38,0,0,25.01
2024-03-03,SKU_2,WH_5,SUP_2,South,30.0,460.0,14.0,267,0,15.0,26.38,0,0,30.64
2024-03-04,SKU_2,WH_5,SUP_2,North,30.0,430.0,14.0,267,0,15.0,26.38,0,0,28.07
2024-03-05,SKU_2,WH_5,SUP_2,??UNKNOWN??,22.0,408.0,14.0,267,0,15.0,26.38,0,0,19.34
2024-03-06,SKU_2,WH_5,SUP_2,East,31.0,377.0,14.0,267,0,15.0,26.38,0,0,32.77
2024-03-07,SKU_2,WH_5,SUP_2,West,23.0,354.0,,267,0,15.0,26.38,0,0,25.5
2024-03-08,SKU_2,WH_5,SUP_2,West,28.0,326.0,14.0,267,0,15.0,26.38,1,0,29.41
2024-03-09,SKU_2,WH_5,SUP_2,South,29.0,297.0,14.0,267,0,15.0,26.38,0,0,30.57
2024-03-10,SKU_2,WH_5,SUP_2,West,27.0,270.0,14.0,267,0,15.0,26.38,0,0,28.96
2024-03-11,SKU_2,WH_5,SUP_2,East,30.0,240.0,14.0,267,0,15.0,26.38,0,0,29.19
2024-03-12,SKU_2,WH_5,SUP_2,South,35.0,691.0,14.0,267,486,15.0,26.38,0,0,34.26
2024-03-13,SKU_2,WH_5,SUP_2,South,28.0,663.0,14.0,267,0,15.0,26.38,0,0,27.46
2024-03-14,SKU_2,WH_5,SUP_2,North,156.0,3822.0,14.0,267,0,15.0,26.38,0,0,112.58928865860996
2024-03-15,SKU_2,WH_5,SUP_2,,29.0,608.0,14.0,267,0,15.0,26.38,1,0,29.36
2024-03-16,SKU_2,WH_5,SUP_2,North,17.0,591.0,14.0,267,0,15.0,26.38,0,0,14.8
2024-03-17,SKU_2,WH_5,SUP_2,North,39.0,552.0,14.0,267,0,15.0,26.38,0,0,40.97
2024-03-18,SKU_2,WH_5,SUP_2,West,38.0,514.0,14.0,267,0,15.0,26.38,0,0,37.22
2024-03-19,SKU_2,WH_5,SUP_2,East,37.0,477.0,14.0,267,0,15.0,26.38,1,0,37.55
2024-03-20,SKU_2,WH_5,SUP_2,North,31.0,446.0,14.0,267,0,15.0,26.38,0,0,28.78
2024-03-21,SKU_2,WH_5,SUP_2,North,26.0,420.0,14.0,267,0,15.0,26.38,0,0,27.78
2024-03-22,SKU_2,WH_5,SUP_2,North,33.0,387.0,14.0,267,0,15.0,26.38,0,0,31.81
2024-03-23,SKU_2,WH_5,SUP_2,East,44.0,343.0,14.0,267,0,15.0,26.38,0,0,51.47
2024-03-24,SKU_2,WH_5,SUP_2,West,336.0,2871.0,14.0,267,0,15.0,26.38,0,0,143.03804723245395
2024-03-25,SKU_2,WH_5,SUP_2,South,29.0,290.0,14.0,267,0,15.0,26.38,0,0,
2024-03-26,SKU_2,WH_5,SUP_2,South,26.0,264.0,14.0,267,0,15.0,26.38,0,0,32.7
2024-03-27,SKU_2,WH_5,SUP_2,North,40.0,532.0,14.0,267,308,15.0,26.38,0,0,40.74
2024-03-28,SKU_2,WH_5,SUP_2,West,28.0,504.0,14.0,267,0,15.0,26.38,0,0,29.28
2024-03-29,SKU_2,WH_5,SUP_2,West,19.0,485.0,14.0,267,0,15.0,26.38,1,0,15.2
2024-03-30,SKU_2,WH_5,SUP_2,West,missing,452.0,14.0,267,0,15.0,26.38,0,0,
2024-03-31,SKU_2,WH_5,SUP_2,North,,417.0,14.0,267,0,15.0,26.38,0,0,37.27
2024-04-01,SKU_2,WH_5,SUP_2,West,32.0,385.0,14.0,267,0,15.0,26.38,0,0,32.91
2024-04-02,SKU_2,WH_5,SUP_2,West,25.0,360.0,14.0,267,0,15.0,26.38,0,0,25.74
2024-04-03,SKU_2,WH_5,SUP_2,,38.0,322.0,14.0,267,0,15.0,26.38,0,0,38.51
2024-04-04,SKU_2,WH_5,SUP_2,West,33.0,289.0,14.0,267,0,15.0,26.38,0,0,32.4
2024-04-05,SKU_2,WH_5,SUP_2,East,30.0,259.0,14.0,267,0,15.0,26.38,0,0,29.69
2024-04-06,SKU_2,WH_5,SUP_2,North,34.0,651.0,14.0,267,426,15.0,26.38,0,0,34.59
2024-04-07,SKU_2,WH_5,SUP_2,North,33.0,618.0,14.0,267,0,15.0,26.38,0,0,35.41
2024-04-08,SKU_2,WH_5,SUP_2,South,36.0,582.0,14.0,267,0,15.0,26.38,1,0,35.48
2024-04-09,SKU_2,WH_5,SUP_2,West,30.0,552.0,14.0,267,0,15.0,26.38,0,0,26.63
2024-04-10,SKU_2,WH_5,SUP_2,East,37.0,515.0,14.0,267,0,15.0,26.38,1,0,37.21
2024-04-11,SKU_2,WH_5,SUP_2,East,33.0,482.0,14.0,267,0,15.0,26.38,0,0,32.15
2024-04-12,SKU_2,WH_5,SUP_2,West,33.0,449.0,14.0,267,0,15.0,26.38,0,0,31.85
2024-04-13,SKU_2,WH_5,SUP_2,South,27.0,422.0,14.0,267,0,15.0,26.38,0,0,31.51
2024-04-14,SKU_2,WH_5,SUP_2,South,36.0,386.0,14.0,267,0,15.0,26.38,0,0,32.16
2024-04-15,SKU_2,WH_5,SUP_2,East,37.0,349.0,14.0,267,0,15.0,26.38,1,0,34.67
2024-04-16,SKU_2,WH_5,SUP_2,East,31.0,318.0,,267,0,15.0,26.38,0,0,33.38
2024-04-17,SKU_2,WH_5,SUP_2,North,35.0,283.0,14.0,267,0,15.0,26.38,1,0,35.68
2024-04-18,SKU_2,WH_5,SUP_2,East,30.0,253.0,14.0,267,0,15.0,26.38,0,0,23.18
2024-04-19,SKU_2,WH_5,SUP_2,East,33.0,615.0,14.0,267,395,15.0,26.38,0,0,35.77
2024-04-20,SKU_2,WH_5,SUP_2,West,39.0,576.0,14.0,267,0,15.0,26.38,1,0,43.79
2024-04-21,SKU_2,WH_5,SUP_2,South,35.0,541.0,14.0,267,0,15.0,26.38,0,0,32.58
2024-04-22,SKU_2,WH_5,SUP_2,North,31.0,510.0,14.0,267,0,15.0,26.38,0,0,27.2
2024-04-23,SKU_2,WH_5,SUP_2,East,27.0,483.0,14.0,267,0,15.0,26.38,0,0,27.69
2024-04-24,SKU_2,WH_5,SUP_2,South,24.0,,14.0,267,0,15.0,26.38,0,0,21.05
2024-04-25,SKU_2,WH_5,SUP_2,West,33.0,,14.0,267,0,15.0,26.38,0,0,34.43
2024-04-26,SKU_2,WH_5,SUP_2,West,22.0,404.0,,267,0,15.0,26.38,0,0,23.13
2024-04-27,SKU_2,WH_5,SUP_2,South,27.0,377.0,14.0,267,0,15.0,26.38,0,0,26.82
2024-04-28,SKU_2,WH_5,SUP_2,South,36.0,,14.0,267,0,15.0,26.38,0,0,34.24
2024-04-29,SKU_2,WH_5,SUP_2,West,32.0,309.0,14.0,267,0,15.0,26.38,0,0,27.42
2024-04-30,SKU_2,WH_5,SUP_2,East,27.0,282.0,14.0,267,0,15.0,26.38,0,0,29.23
2024-05-01,SKU_2,WH_5,SUP_2,North,29.0,253.0,14.0,267,0,15.0,26.38,0,0,29.65
2024-05-02,SKU_2,WH_5,SUP_2,East,24.0,439.0,14.0,267,210,15.0,26.38,0,0,21.97
2024-05-03,SKU_2,WH_5,SUP_2,South,,391.0,14.0,267,0,15.0,26.38,1,0,46.34
2024-05-04,SKU_2,WH_5,SUP_2,West,22.0,369.0,14.0,267,0,15.0,26.38,0,0,20.13
2024-05-05,SKU_2,WH_5,SUP_2,South,21.0,348.0,14.0,267,0,15.0,26.38,0,0,21.15
2024-05-06,SKU_2,WH_5,SUP_2,,27.0,321.0,14.0,267,0,15.0,26.38,0,0,24.36
2024-05-07,SKU_2,WH_5,SUP_2,North,,296.0,14.0,267,0,15.0,26.38,0,0,
2024-05-08,SKU_2,WH_5,SUP_2,South,24.0,272.0,14.0,267,0,15.0,26.38,0,0,19.14
2024-05-09,SKU_2,WH_5,SUP_2,South,17.0,255.0,14.0,267,0,15.0,26.38,0,0,12.21
2024-05-10,SKU_2,WH_5,SUP_2,North,24.0,450.0,14.0,267,219,15.0,26.38,0,0,
2024-05-11,SKU_2,WH_5,SUP_2,North,45.0,405.0,14.0,267,0,15.0,26.38,1,0,41.87
2024-05-12,SKU_2,WH_5,SUP_2,North,27.0,378.0,14.0,267,0,15.0,26.38,0,0,25.92
2024-05-13,SKU_2,WH_5,SUP_2,South,28.0,350.0,14.0,267,0,15.0,26.38,0,0,27.87
2024-05-14,SKU_2,WH_5,SUP_2,East,26.0,324.0,14.0,267,0,15.0,26.38,0,0,28.9
2024-05-15,SKU_2,WH_5,SUP_2,South,32.0,292.0,14.0,267,0,15.0,26.38,0,0,30.16
2024-05-16,SKU_2,WH_5,SUP_2,East,30.0,262.0,14.0,267,0,15.0,26.38,0,0,28.76
2024-05-17,SKU_2,WH_5,SUP_2,East,36.0,562.0,14.0,267,336,15.0,26.38,1,0,33.03
2024-05-18,SKU_2,WH_5,SUP_2,North,22.0,540.0,,267,0,15.0,26.38,0,0,28.14
2024-05-19,SKU_2,WH_5,SUP_2,North,25.0,515.0,14.0,267,0,15.0,26.38,0,0,20.98
2024-05-20,SKU_2,WH_5,SUP_2,??UNKNOWN??,17.0,498.0,14.0,267,0,15.0,26.38,0,0,18.6
2024-05-21,SKU_2,WH_5,SUP_2,West,28.0,470.0,14.0,267,0,15.0,26.38,0,0,33.11
2024-05-22,SKU_2,WH_5,SUP_2,North,20.0,450.0,14.0,267,0,15.0,26.38,1,0,15.85
2024-05-23,SKU_2,WH_5,SUP_2,East,21.0,429.0,14.0,267,0,15.0,26.38,0,0,17.74
2024-05-24,SKU_2,WH_5,SUP_2,North,20.0,409.0,14.0,267,0,15.0,26.38,0,0,21.5
2024-05-25,SKU_2,WH_5,SUP_2,South,19.0,390.0,,267,0,15.0,26.38,0,0,20.21
2024-05-26,SKU_2,WH_5,SUP_2,South,32.0,358.0,14.0,267,0,15.0,26.38,1,0,29.67
2024-05-27,SKU_2,WH_5,SUP_2,North,19.0,339.0,14.0,267,0,15.0,26.38,0,0,23.41
2024-05-28,SKU_2,WH_5,SUP_2,,24.0,315.0,14.0,267,0,15.0,26.38,0,0,19.01
2024-05-29,SKU_2,WH_5,SUP_2,West,17.0,298.0,14.0,267,0,15.0,26.38,0,0,11.14
2024-05-30,SKU_2,WH_5,SUP_2,South,23.0,275.0,14.0,267,0,15.0,26.38,0,0,20.37
2024-05-31,SKU_2,WH_5,SUP_2,??UNKNOWN??,28.0,247.0,14.0,267,0,15.0,26.38,0,0,33.42
2024-06-01,SKU_2,WH_5,SUP_2,South,17.0,504.0,14.0,267,274,15.0,26.38,0,0,17.98
2024-06-02,SKU_2,WH_5,SUP_2,South,18.0,486.0,14.0,267,0,15.0,26.38,0,0,20.89
2024-06-03,SKU_2,WH_5,SUP_2,East,,464.0,14.0,267,0,15.0,26.38,0,0,21.19
2024-06-04,SKU_2,WH_5,SUP_2,East,29.0,435.0,14.0,267,0,15.0,26.38,0,0,29.91
2024-06-05,SKU_2,WH_5,SUP_2,East,19.0,,14.0,267,0,15.0,26.38,0,0,
2024-06-06,SKU_2,WH_5,SUP_2,East,7.0,409.0,,267,0,15.0,26.38,0,0,5.65
2024-06-07,SKU_2,WH_5,SUP_2,West,19.0,390.0,14.0,267,0,15.0,26.38,0,0,17.91
2024-06-08,SKU_2,WH_5,SUP_2,South,21.0,369.0,14.0,267,0,15.0,26.38,0,0,23.3
2024-06-09,SKU_2,WH_5,SUP_2,North,25.0,,14.0,267,0,15.0,26.38,0,0,25.18
2024-06-10,SKU_2,WH_5,SUP_2,East,13.0,331.0,14.0,267,0,15.0,26.38,0,0,18.33
2024-06-11,SKU_2,WH_5,SUP_2,South,,324.0,14.0,267,0,15.0,26.38,0,0,6.05
2024-06-12,SKU_2,WH_5,SUP_2,North,27.0,297.0,14.0,267,0,15.0,26.38,0,0,
2024-06-13,SKU_2,WH_5,SUP_2,South,24.0,273.0,14.0,267,0,15.0,26.38,0,0,20.64
2024-06-14,SKU_2,WH_5,SUP_2,West,25.0,248.0,14.0,267,0,15.0,26.38,0,0,28.34
2024-06-15,SKU_2,WH_5,SUP_2,West,30.0,650.0,14.0,267,432,15.0,26.38,0,0,27.69
2024-06-16,SKU_2,WH_5,SUP_2,East,16.0,634.0,,267,0,15.0,26.38,0,0,16.23
2024-06-17,SKU_2,WH_5,SUP_2,North,21.0,613.0,14.0,267,0,15.0,26.38,0,0,16.02
2024-06-18,SKU_2,WH_5,SUP_2,East,26.0,587.0,14.0,267,0,15.0,26.38,0,0,27.02
2024-06-19,SKU_2,WH_5,SUP_2,South,17.0,570.0,14.0,267,0,15.0,26.38,0,0,18.97
2024-06-20,SKU_2,WH_5,SUP_2,West,24.0,546.0,14.0,267,0,15.0,26.38,0,0,28.42
2024-06-21,SKU_2,WH_5,SUP_2,East,15.0,531.0,14.0,267,0,15.0,26.38,0,0,15.12
2024-06-22,SKU_2,WH_5,SUP_2,West,19.0,512.0,14.0,267,0,15.0,26.38,0,0,18.33
2024-06-23,SKU_2,WH_5,SUP_2,,19.0,493.0,14.0,267,0,15.0,26.38,0,0,23.6
2024-06-24,SKU_2,WH_5,SUP_2,North,20.0,473.0,14.0,267,0,15.0,26.38,0,0,22.84
2024-06-25,SKU_2,WH_5,SUP_2,South,22.0,451.0,14.0,267,0,15.0,26.38,0,0,21.71
2024-06-26,SKU_2,WH_5,SUP_2,North,21.0,430.0,,267,0,15.0,26.38,0,0,
2024-06-27,SKU_2,WH_5,SUP_2,South,-20.0,-410.0,14.0,267,0,-15.0,-26.38,0,0,-14.19
2024-06-28,SKU_2,WH_5,SUP_2,West,23.0,387.0,14.0,267,0,15.0,26.38,0,0,25.7
2024-06-29,SKU_2,WH_5,SUP_2,West,20.0,,14.0,267,0,15.0,26.38,0,0,15.9
2024-06-30,SKU_2,WH_5,SUP_2,East,28.0,339.0,14.0,267,0,15.0,26.38,0,0,29.42
not_a_date,SKU_2,WH_5,SUP_2,West,21.0,318.0,,267,0,15.0,26.38,0,0,22.47
2024-07-02,SKU_2,WH_5,SUP_2,West,14.0,304.0,14.0,267,0,15.0,26.38,0,0,12.63
2024-07-03,SKU_2,WH_5,SUP_2,East,29.0,275.0,14.0,267,0,15.0,26.38,0,0,29.03
2024-07-04,SKU_2,WH_5,SUP_2,South,18.0,,14.0,267,0,15.0,26.38,0,0,14.97
2024-07-05,SKU_2,WH_5,SUP_2,East,14.0,644.0,14.0,267,401,15.0,26.38,0,0,15.21
2024-07-06,SKU_2,WH_5,SUP_2,West,16.0,628.0,14.0,267,0,15.0,26.38,0,0,11.9
2024-07-07,SKU_2,WH_5,SUP_2,West,20.0,608.0,14.0,267,0,15.0,26.38,0,0,20.55
2024-07-08,SKU_2,WH_5,SUP_2,West,18.0,590.0,14.0,267,0,15.0,26.38,0,0,17.41
2024-07-09,SKU_2,WH_5,SUP_2,East,16.0,574.0,,267,0,15.0,26.38,0,0,18.7
2024-07-10,SKU_2,WH_5,SUP_2,East,16.0,558.0,14.0,267,0,15.0,26.38,0,0,14.66
2024-07-11,SKU_2,WH_5,SUP_2,West,17.0,541.0,14.0,267,0,15.0,26.38,0,0,21.4
2024-07-12,SKU_2,WH_5,SUP_2,West,8.0,533.0,14.0,267,0,15.0,26.38,0,0,6.58
2024-07-13,SKU_2,WH_5,SUP_2,West,26.0,507.0,14.0,267,0,15.0,26.38,1,0,28.69
2024-07-14,SKU_2,WH_5,SUP_2,East,16.0,491.0,14.0,267,0,15.0,26.38,0,0,12.61
2024-07-15,SKU_2,WH_5,SUP_2,East,22.0,469.0,14.0,267,0,15.0,26.38,0,0,24.23
2024-07-16,SKU_2,WH_5,SUP_2,North,missing,456.0,14.0,267,0,15.0,26.38,0,0,12.21
2024-07-17,SKU_2,WH_5,SUP_2,East,10.0,,14.0,267,0,15.0,26.38,0,0,16.29
2024-07-18,SKU_2,WH_5,SUP_2,South,21.0,425.0,14.0,267,0,15.0,26.38,0,0,22.22
2024-07-19,SKU_2,WH_5,SUP_2,East,21.0,404.0,14.0,267,0,15.0,26.38,0,0,18.57
2024-07-20,SKU_2,WH_5,SUP_2,West,23.0,381.0,14.0,267,0,15.0,26.38,1,0,23.93
2024-07-21,SKU_2,WH_5,SUP_2,,18.0,363.0,14.0,267,0,15.0,26.38,0,0,16.73
2024-07-22,SKU_2,WH_5,SUP_2,West,18.0,345.0,,267,0,15.0,26.38,0,0,20.74
2024-07-23,SKU_2,WH_5,SUP_2,West,18.0,327.0,14.0,267,0,15.0,26.38,0,0,14.84
2024-07-24,SKU_2,WH_5,SUP_2,North,153.0,2790.0,14.0,267,0,15.0,26.38,0,0,95.53644960674488
2024-07-25,SKU_2,WH_5,SUP_2,East,18.0,,14.0,267,0,15.0,26.38,1,0,19.31
2024-07-26,SKU_2,WH_5,SUP_2,North,16.0,276.0,14.0,267,0,15.0,26.38,0,0,13.83
2024-07-27,SKU_2,WH_5,SUP_2,West,16.0,260.0,14.0,267,0,15.0,26.38,0,0,13.23
2024-07-28,SKU_2,WH_5,SUP_2,West,11.0,582.0,14.0,267,333,15.0,26.38,0,0,10.67
2024-07-29,SKU_2,WH_5,SUP_2,West,21.0,561.0,14.0,267,0,15.0,26.38,0,0,22.35
2024-07-30,SKU_2,WH_5,SUP_2,North,12.0,549.0,14.0,267,0,15.0,26.38,0,0,12.97
2024-07-31,SKU_2,WH_5,SUP_2,North,22.0,527.0,14.0,267,0,15.0,26.38,0,0,26.11
2024-08-01,SKU_2,WH_5,SUP_2,East,17.0,510.0,,267,0,15.0,26.38,0,0,20.28
2024-08-02,SKU_2,WH_5,SUP_2,South,31.0,479.0,14.0,267,0,15.0,26.38,1,0,32.33
2024-08-03,SKU_2,WH_5,SUP_2,West,13.0,466.0,14.0,267,0,15.0,26.38,0,0,6.57
2024-08-04,SKU_2,WH_5,SUP_2,West,13.0,453.0,14.0,267,0,15.0,26.38,0,0,14.95
2024-08-05,SKU_2,WH_5,SUP_2,West,8.0,445.0,,267,0,15.0,26.38,0,0,3.16
2024-08-06,SKU_2,WH_5,SUP_2,South,8.0,,14.0,267,0,15.0,26.38,0,0,7.29
2024-08-07,SKU_2,WH_5,SUP_2,North,12.0,,14.0,267,0,15.0,26.38,0,0,11.33
2024-08-08,SKU_2,WH_5,SUP_2,East,16.0,409.0,14.0,267,0,15.0,26.38,0,0,15.92
2024-08-09,SKU_2,WH_5,SUP_2,West,22.0,387.0,14.0,267,0,15.0,26.38,0,0,17.49
2024-08-10,SKU_2,WH_5,SUP_2,North,,378.0,14.0,267,0,15.0,26.38,0,0,11.35
2024-08-11,SKU_2,WH_5,SUP_2,North,19.0,359.0,14.0,267,0,15.0,26.38,1,0,19.94
2024-08-12,SKU_2,WH_5,SUP_2,North,7.0,352.0,14.0,267,0,15.0,26.38,1,0,
2024-08-13,SKU_2,WH_5,SUP_2,West,13.0,339.0,14.0,267,0,15.0,26.38,0,0,11.11
2024-08-14,SKU_2,WH_5,SUP_2,East,17.0,322.0,14.0,267,0,15.0,26.38,0,0,17.15
2024-08-15,SKU_2,WH_5,SUP_2,North,17.0,305.0,14.0,267,0,15.0,26.38,0,0,16.38
2024-08-16,SKU_2,WH_5,SUP_2,,12.0,293.0,14.0,267,0,15.0,26.38,0,0,11.37
2024-08-17,SKU_2,WH_5,SUP_2,North,16.0,277.0,14.0,267,0,15.0,26.38,1,0,17.42
2024-08-18,SKU_2,WH_5,SUP_2,West,,261.0,14.0,267,0,15.0,26.38,0,0,14.86
2024-08-19,SKU_2,WH_5,SUP_2,North,15.0,706.0,14.0,267,460,15.0,26.38,0,0,10.86
2024-08-20,SKU_2,WH_5,SUP_2,West,2.0,704.0,14.0,267,0,15.0,26.38,0,0,0.0
2024-08-21,SKU_2,WH_5,SUP_2,North,11.0,,14.0,267,0,15.0,26.38,0,0,10.49
2024-08-22,SKU_2,WH_5,SUP_2,East,10.0,683.0,,267,0,15.0,26.38,0,0,12.52
2024-08-23,SKU_2,WH_5,SUP_2,,,663.0,14.0,267,0,15.0,26.38,1,0,18.6
2024-08-24,SKU_2,WH_5,SUP_2,South,9.0,654.0,14.0,267,0,15.0,26.38,0,0,4.87
2024-08-25,SKU_2,WH_5,SUP_2,,7.0,647.0,14.0,267,0,15.0,26.38,0,0,10.32
2024-08-26,SKU_2,WH_5,SUP_2,North,0.0,647.0,14.0,267,0,15.0,26.38,0,0,0.0
2024-08-27,SKU_2,WH_5,SUP_2,North,20.0,627.0,14.0,267,0,15.0,26.38,0,0,19.05
2024-08-28,SKU_2,WH_5,SUP_2,North,19.0,608.0,,267,0,15.0,26.38,0,0,18.8
2024-08-29,SKU_2,WH_5,SUP_2,South,14.0,594.0,,267,0,15.0,26.38,0,0,10.31
2024-08-30,SKU_2,WH_5,SUP_2,South,16.0,578.0,14.0,267,0,15.0,26.38,0,0,10.98
2024-08-31,SKU_2,WH_5,SUP_2,,9.0,569.0,14.0,267,0,15.0,26.38,0,0,11.79
2024-09-01,SKU_2,WH_5,SUP_2,,17.0,552.0,14.0,267,0,15.0,26.38,0,0,22.96
2024-09-02,SKU_2,WH_5,SUP_2,South,2.0,550.0,14.0,267,0,15.0,26.38,0,0,8.08
2024-09-03,SKU_2,WH_5,SUP_2,North,9.0,541.0,14.0,267,0,15.0,26.38,0,0,9.34
2024-09-04,SKU_2,WH_5,SUP_2,West,13.0,,,267,0,15.0,26.38,0,0,17.28
2024-09-05,SKU_2,WH_5,SUP_2,South,12.0,516.0,14.0,267,0,15.0,26.38,0,0,13.13
2024-09-06,SKU_2,WH_5,SUP_2,North,12.0,,14.0,267,0,15.0,26.38,0,0,12.9
2024-09-07,SKU_2,WH_5,SUP_2,West,,500.0,14.0,267,0,15.0,26.38,0,0,0.32
2024-09-08,SKU_2,WH_5,SUP_2,South,10.0,490.0,14.0,267,0,15.0,26.38,0,0,9.84
2024-09-09,SKU_2,WH_5,SUP_2,South,10.0,,14.0,267,0,15.0,26.38,0,0,8.25
2024-09-10,SKU_2,WH_5,SUP_2,South,19.0,,14.0,267,0,15.0,26.38,1,0,18.3
2024-09-11,SKU_2,WH_5,SUP_2,East,11.0,450.0,14.0,267,0,15.0,26.38,0,0,14.89
2024-09-12,SKU_2,WH_5,SUP_2,North,8.0,442.0,14.0,267,0,15.0,26.38,0,0,7.25
2024-09-13,SKU_2,WH_5,SUP_2,East,8.0,434.0,14.0,267,0,15.0,26.38,0,0,7.36
2024-09-14,SKU_2,WH_5,SUP_2,East,12.0,422.0,14.0,267,0,15.0,26.38,0,0,3.86
2024-09-15,SKU_2,WH_5,SUP_2,West,19.0,403.0,14.0,267,0,15.0,26.38,0,0,19.37
2024-09-16,SKU_2,WH_5,SUP_2,West,16.0,387.0,,267,0,15.0,26.38,0,0,15.84
2024-09-17,SKU_2,WH_5,SUP_2,West,8.0,379.0,14.0,267,0,15.0,26.38,0,0,9.49
2024-09-18,SKU_2,WH_5,SUP_2,East,8.0,,14.0,267,0,15.0,26.38,0,0,9.94
2024-09-19,SKU_2,WH_5,SUP_2,North,14.0,357.0,14.0,267,0,15.0,26.38,0,0,13.15
2024-09-20,SKU_2,WH_5,SUP_2,North,10.0,347.0,14.0,267,0,15.0,26.38,0,0,8.85
2024-09-21,SKU_2,WH_5,SUP_2,North,6.0,341.0,14.0,267,0,15.0,26.38,0,0,7.72
2024-09-22,SKU_2,WH_5,SUP_2,East,1.0,340.0,14.0,267,0,15.0,26.38,0,0,1.25
2024-09-23,SKU_2,WH_5,SUP_2,West,14.0,326.0,14.0,267,0,15.0,26.38,0,0,18.19
2024-09-24,SKU_2,WH_5,SUP_2,South,6.0,320.0,14.0,267,0,15.0,26.38,0,0,1.77
2024-09-25,SKU_2,WH_5,SUP_2,South,13.0,307.0,14.0,267,0,15.0,26.38,0,0,11.97
2024-09-26,SKU_2,WH_5,SUP_2,West,1.0,306.0,14.0,267,0,15.0,26.38,0,0,0.0
2024-09-27,SKU_2,WH_5,SUP_2,West,17.0,289.0,14.0,267,0,15.0,26.38,0,0,14.16
2024-09-28,SKU_2,WH_5,SUP_2,West,0.0,289.0,14.0,267,0,15.0,26.38,0,0,N/A
2024-09-29,SKU_2,WH_5,SUP_2,North,6.0,,14.0,267,0,15.0,26.38,0,0,9.27
2024-09-30,SKU_2,WH_5,SUP_2,North,4.0,279.0,,267,0,15.0,26.38,0,0,2.98
2024-10-01,SKU_2,WH_5,SUP_2,South,4.0,275.0,14.0,267,0,15.0,26.38,0,0,8.81
2024-10-02,SKU_2,WH_5,SUP_2,East,12.0,263.0,14.0,267,0,15.0,26.38,0,0,8.29
2024-10-03,SKU_2,WH_5,SUP_2,East,7.0,750.0,14.0,267,494,15.0,26.38,0,0,11.28
2024-10-04,SKU_2,WH_5,SUP_2,East,11.0,739.0,14.0,267,0,15.0,26.38,0,0,10.17
2024-10-05,SKU_2,WH_5,SUP_2,West,10.0,729.0,14.0,267,0,15.0,26.38,0,0,9.0
2024-10-06,SKU_2,WH_5,SUP_2,East,7.0,722.0,14.0,267,0,15.0,26.38,0,0,8.39
2024-10-07,SKU_2,WH_5,SUP_2,South,12.0,,14.0,267,0,15.0,26.38,0,0,15.57
2024-10-08,SKU_2,WH_5,SUP_2,West,3.0,707.0,14.0,267,0,15.0,26.38,0,0,1.52
2024-10-09,SKU_2,WH_5,SUP_2,North,19.0,688.0,14.0,267,0,15.0,26.38,0,0,23.81
2024-10-10,SKU_2,WH_5,SUP_2,South,10.0,678.0,14.0,267,0,15.0,26.38,0,0,12.6
2024-10-11,SKU_2,WH_5,SUP_2,South,16.0,662.0,14.0,267,0,15.0,26.38,0,0,14.77
2024-10-12,SKU_2,WH_5,SUP_2,North,10.0,652.0,14.0,267,0,15.0,26.38,0,0,8.07
2024-10-13,SKU_2,WH_5,SUP_2,North,10.0,642.0,14.0,267,0,15.0,26.38,0,0,10.76
2024-10-14,SKU_2,WH_5,SUP_2,East,7.0,635.0,14.0,267,0,15.0,26.38,0,0,3.77
2024-10-15,SKU_2,WH_5,SUP_2,North,5.0,630.0,14.0,267,0,15.0,26.38,1,0,0.58
2024-10-16,SKU_2,WH_5,SUP_2,South,14.0,,14.0,267,0,15.0,26.38,1,0,
2024-10-17,SKU_2,WH_5,SUP_2,South,22.0,594.0,14.0,267,0,15.0,26.38,0,0,26.55
2024-10-18,SKU_2,WH_5,SUP_2,East,12.0,582.0,14.0,267,0,15.0,26.38,0,0,9.25
2024-10-19,SKU_2,WH_5,SUP_2,South,11.0,571.0,14.0,267,0,15.0,26.38,0,0,15.26
2024-10-20,SKU_2,WH_5,SUP_2,North,14.0,557.0,14.0,267,0,15.0,26.38,0,0,13.12
2024-10-21,SKU_2,WH_5,SUP_2,East,10.0,547.0,14.0,267,0,15.0,26.38,0,0,10.55
2024-10-22,SKU_2,WH_5,SUP_2,East,21.0,526.0,14.0,267,0,15.0,26.38,0,0,15.53
2024-10-23,SKU_2,WH_5,SUP_2,West,missing,524.0,14.0,267,0,15.0,26.38,0,0,7.01
2024-10-24,SKU_2,WH_5,SUP_2,South,0.0,524.0,14.0,267,0,15.0,26.38,0,0,4.41
2024-10-25,SKU_2,WH_5,SUP_2,North,13.0,511.0,14.0,267,0,15.0,26.38,0,0,14.97
2024-10-26,SKU_2,WH_5,SUP_2,South,15.0,496.0,14.0,267,0,15.0,26.38,0,0,15.54
2024-10-27,SKU_2,WH_5,SUP_2,East,12.0,484.0,14.0,267,0,15.0,26.38,0,0,11.81
2024-10-28,SKU_2,WH_5,SUP_2,East,10.0,474.0,,267,0,15.0,26.38,0,0,13.29
2024-10-29,SKU_2,WH_5,SUP_2,West,17.0,457.0,14.0,267,0,15.0,26.38,0,0,19.52
2024-10-30,SKU_2,WH_5,SUP_2,East,12.0,445.0,14.0,267,0,15.0,26.38,0,0,14.96
2024-10-31,SKU_2,WH_5,SUP_2,North,,421.0,14.0,267,0,15.0,26.38,0,0,29.04
2024-11-01,SKU_2,WH_5,SUP_2,East,18.0,403.0,14.0,267,0,15.0,26.38,0,0,13.7
2024-11-02,SKU_2,WH_5,SUP_2,North,4.0,399.0,14.0,267,0,15.0,26.38,0,0,4.68
2024-11-03,SKU_2,WH_5,SUP_2,North,19.0,380.0,14.0,267,0,15.0,26.38,0,0,17.11
2024-11-04,SKU_2,WH_5,SUP_2,West,18.0,362.0,14.0,267,0,15.0,26.38,0,0,19.64
2024-11-05,SKU_2,WH_5,SUP_2,North,3.0,359.0,14.0,267,0,15.0,26.38,0,0,4.45
2024-11-06,SKU_2,WH_5,SUP_2,South,18.0,341.0,14.0,267,0,15.0,26.38,0,0,14.53
2024-11-07,SKU_2,WH_5,SUP_2,West,4.0,337.0,14.0,267,0,15.0,26.38,0,0,
2024-11-08,SKU_2,WH_5,SUP_2,South,10.0,327.0,14.0,267,0,15.0,26.38,0,0,11.64
2024-11-09,SKU_2,WH_5,SUP_2,West,1.0,326.0,,267,0,15.0,26.38,0,0,1.84
2024-11-10,SKU_2,WH_5,SUP_2,South,15.0,311.0,,267,0,15.0,26.38,0,0,16.47
2024-11-11,SKU_2,WH_5,SUP_2,West,22.0,289.0,14.0,267,0,15.0,26.38,0,0,22.23
2024-11-12,SKU_2,WH_5,SUP_2,North,12.0,277.0,14.0,267,0,15.0,26.38,0,0,14.24
2024-11-13,SKU_2,WH_5,SUP_2,South,21.0,256.0,14.0,267,0,15.0,26.38,0,0,19.14
2024-11-14,SKU_2,WH_5,SUP_2,West,13.0,445.0,,267,202,15.0,26.38,0,0,
2024-11-15,SKU_2,WH_5,SUP_2,North,6.0,439.0,,267,0,15.0,26.38,0,0,8.2
2024-11-16,SKU_2,WH_5,SUP_2,North,10.0,429.0,14.0,267,0,15.0,26.38,0,0,13.66
2024-11-17,SKU_2,WH_5,SUP_2,North,9.0,420.0,14.0,267,0,15.0,26.38,0,0,9.44
2024-11-18,SKU_2,WH_5,SUP_2,South,9.0,411.0,14.0,267,0,15.0,26.38,0,0,
2024-11-19,SKU_2,WH_5,SUP_2,East,7.0,404.0,14.0,267,0,15.0,26.38,0,0,8.77
2024-11-20,SKU_2,WH_5,SUP_2,,11.0,393.0,14.0,267,0,15.0,26.38,0,0,13.34
2024-11-21,SKU_2,WH_5,SUP_2,East,11.0,382.0,14.0,267,0,15.0,26.38,0,0,8.67
2024-11-22,SKU_2,WH_5,SUP_2,East,9.0,373.0,14.0,267,0,15.0,26.38,0,0,14.23
2024-11-23,SKU_2,WH_5,SUP_2,South,14.0,359.0,14.0,267,0,15.0,26.38,0,0,12.75
2024-11-24,SKU_2,WH_5,SUP_2,East,18.0,341.0,14.0,267,0,15.0,26.38,0,0,20.22
2024-11-25,SKU_2,WH_5,SUP_2,West,13.0,328.0,14.0,267,0,15.0,26.38,0,0,12.88
2024-11-26,SKU_2,WH_5,SUP_2,West,11.0,317.0,14.0,267,0,15.0,26.38,0,0,12.6
2024-11-27,SKU_2,WH_5,SUP_2,South,14.0,,14.0,267,0,15.0,26.38,0,0,16.12
2024-11-28,SKU_2,WH_5,SUP_2,North,15.0,288.0,14.0,267,0,15.0,26.38,0,0,16.6
2024-11-29,SKU_2,WH_5,SUP_2,South,19.0,269.0,14.0,267,0,15.0,26.38,0,0,18.87
2024-11-30,SKU_2,WH_5,SUP_2,North,8.0,261.0,,267,0,15.0,26.38,0,0,8.4
2024-12-01,SKU_2,WH_5,SUP_2,West,14.0,660.0,14.0,267,413,15.0,26.38,1,0,13.51
2024-12-02,SKU_2,WH_5,SUP_2,,14.0,646.0,14.0,267,0,15.0,26.38,0,0,14.19
2024-12-03,SKU_2,WH_5,SUP_2,West,12.0,634.0,14.0,267,0,15.0,26.38,0,0,12.02
2024-12-04,SKU_2,WH_5,SUP_2,South,15.0,619.0,14.0,267,0,15.0,26.38,0,0,15.78
2024-12-05,SKU_2,WH_5,SUP_2,North,11.0,608.0,14.0,267,0,15.0,26.38,0,0,10.21
2024-12-06,SKU_2,WH_5,SUP_2,West,,592.0,14.0,267,0,15.0,26.38,0,0,9.89
2024-12-07,SKU_2,WH_5,SUP_2,??UNKNOWN??,21.0,571.0,14.0,267,0,15.0,26.38,0,0,30.2
2024-12-08,SKU_2,WH_5,SUP_2,West,12.0,559.0,14.0,267,0,15.0,26.38,0,0,9.75
2024-12-09,SKU_2,WH_5,SUP_2,South,16.0,543.0,14.0,267,0,15.0,26.38,0,0,12.75
2024-12-10,SKU_2,WH_5,SUP_2,South,17.0,526.0,14.0,267,0,15.0,26.38,0,0,18.78
2024-12-11,SKU_2,WH_5,SUP_2,West,14.0,512.0,14.0,267,0,15.0,26.38,0,0,17.15
2024-12-12,SKU_2,WH_5,SUP_2,East,28.0,484.0,14.0,267,0,15.0,26.38,0,0,28.62
2024-12-13,SKU_2,WH_5,SUP_2,East,,473.0,14.0,267,0,15.0,26.38,0,0,11.69
2024-12-14,SKU_2,WH_5,SUP_2,East,22.0,451.0,14.0,267,0,15.0,26.38,0,0,21.36
2024-12-15,SKU_2,WH_5,SUP_2,South,19.0,432.0,14.0,267,0,15.0,26.38,0,0,22.37
2024-12-16,SKU_2,WH_5,SUP_2,East,5.0,427.0,14.0,267,0,15.0,26.38,0,0,7.61
2024-12-17,SKU_2,WH_5,SUP_2,East,24.0,403.0,14.0,267,0,15.0,26.38,0,0,22.34
2024-12-18,SKU_2,WH_5,SUP_2,West,22.0,381.0,14.0,267,0,15.0,26.38,0,0,
2024-12-19,SKU_2,WH_5,SUP_2,West,13.0,368.0,14.0,267,0,15.0,26.38,1,0,12.89
2024-12-20,SKU_2,WH_5,SUP_2,West,19.0,349.0,14.0,267,0,15.0,26.38,0,0,21.5
2024-12-21,SKU_2,WH_5,SUP_2,East,23.0,326.0,14.0,267,0,15.0,26.38,0,0,25.61
2024-12-22,SKU_2,WH_5,SUP_2,West,23.0,303.0,14.0,267,0,15.0,26.38,0,0,32.3
2024-12-23,SKU_2,WH_5,SUP_2,North,25.0,278.0,14.0,267,0,15.0,26.38,0,0,24.31
2024-12-24,SKU_2,WH_5,SUP_2,East,29.0,249.0,14.0,267,0,15.0,26.38,0,0,33.43
2024-12-25,SKU_2,WH_5,SUP_2,North,,598.0,14.0,267,365,15.0,26.38,0,0,11.76
2024-12-26,SKU_2,WH_5,SUP_2,West,13.0,585.0,14.0,267,0,15.0,26.38,0,0,15.47
2024-12-27,SKU_2,WH_5,SUP_2,West,27.0,558.0,14.0,267,0,15.0,26.38,0,0,25.83
2024-12-28,SKU_2,WH_5,SUP_2,North,20.0,538.0,14.0,267,0,15.0,26.38,0,0,28.54
2024-12-29,SKU_2,WH_5,SUP_2,West,19.0,519.0,14.0,267,0,15.0,26.38,0,0,18.77
2024-12-30,SKU_2,WH_5,SUP_2,East,29.0,490.0,,267,0,15.0,26.38,0,0,29.31
2024-01-01,SKU_3,WH_1,SUP_8,South,10.0,650.0,14.0,240,0,7.72,13.54,0,0,11.33
2024-01-02,SKU_3,WH_1,SUP_8,North,8.0,642.0,14.0,240,0,7.72,13.54,0,0,7.36
2024-01-03,SKU_3,WH_1,SUP_8,,26.0,616.0,14.0,240,0,7.72,13.54,0,0,28.73
2024-01-04,SKU_3,WH_1,SUP_8,,18.0,598.0,14.0,240,0,7.72,13.54,0,0,21.64
2024-01-05,SKU_3,WH_1,SUP_8,,26.0,572.0,14.0,240,0,7.72,13.54,0,0,22.7
2024-01-06,SKU_3,WH_1,SUP_8,East,24.0,548.0,14.0,240,0,7.72,13.54,0,0,28.91
2024-01-07,SKU_3,WH_1,SUP_8,South,27.0,521.0,14.0,240,0,7.72,13.54,0,0,29.15
2024-01-08,SKU_3,WH_1,SUP_8,South,21.0,,14.0,240,0,7.72,13.54,0,0,21.14
2024-01-09,SKU_3,WH_1,SUP_8,South,27.0,473.0,14.0,240,0,7.72,13.54,0,0,26.56
2024-01-10,SKU_3,WH_1,SUP_8,South,20.0,453.0,14.0,240,0,7.72,13.54,0,0,19.08
2024-01-11,SKU_3,WH_1,SUP_8,North,25.0,428.0,14.0,240,0,7.72,13.54,0,0,28.17
not_a_date,SKU_3,WH_1,SUP_8,West,24.0,404.0,14.0,240,0,7.72,13.54,0,0,20.01
2024-01-13,SKU_3,WH_1,SUP_8,South,18.0,386.0,,240,0,7.72,13.54,0,0,15.25
2024-01-14,SKU_3,WH_1,SUP_8,,21.0,365.0,14.0,240,0,7.72,13.54,0,0,18.86
2024-01-15,SKU_3,WH_1,SUP_8,South,22.0,343.0,14.0,240,0,7.72,13.54,0,0,25.31
2024-01-16,SKU_3,WH_1,SUP_8,West,24.0,319.0,14.0,240,0,7.72,13.54,0,0,20.92
2024-01-17,SKU_3,WH_1,SUP_8,South,19.0,300.0,14.0,240,0,7.72,13.54,0,0,18.38
2024-01-18,SKU_3,WH_1,SUP_8,West,21.0,279.0,14.0,240,0,7.72,13.54,0,0,28.74
2024-01-19,SKU_3,WH_1,SUP_8,South,29.0,250.0,14.0,240,0,7.72,13.54,1,0,29.42
2024-01-20,SKU_3,WH_1,SUP_8,East,28.0,222.0,14.0,240,0,7.72,13.54,0,0,28.53
2024-01-21,SKU_3,WH_1,SUP_8,South,23.0,511.0,14.0,240,312,7.72,13.54,0,0,
2024-01-22,SKU_3,WH_1,SUP_8,West,23.0,488.0,14.0,240,0,7.72,13.54,0,0,20.69
2024-01-23,SKU_3,WH_1,SUP_8,North,26.0,462.0,14.0,240,0,7.72,13.54,0,0,24.51
2024-01-24,SKU_3,WH_1,SUP_8,North,22.0,440.0,14.0,240,0,7.72,13.54,0,0,19.89
2024-01-25,SKU_3,WH_1,SUP_8,South,24.0,416.0,14.0,240,0,7.72,13.54,0,0,22.37
2024-01-26,SKU_3,WH_1,SUP_8,South,27.0,389.0,14.0,240,0,7.72,13.54,0,0,23.32
2024-01-27,SKU_3,WH_1,SUP_8,East,22.0,367.0,14.0,240,0,7.72,13.54,0,0,24.72
2024-01-28,SKU_3,WH_1,SUP_8,South,31.0,336.0,14.0,240,0,7.72,13.54,0,0,27.18
2024-01-29,SKU_3,WH_1,SUP_8,East,20.0,316.0,14.0,240,0,7.72,13.54,0,0,17.22
2024-01-30,SKU_3,WH_1,SUP_8,West,19.0,297.0,14.0,240,0,7.72,13.54,0,0,21.18
2024-01-31,SKU_3,WH_1,SUP_8,North,29.0,268.0,14.0,240,0,7.72,13.54,0,0,30.38
2024-02-01,SKU_3,WH_1,SUP_8,South,24.0,244.0,14.0,240,0,7.72,13.54,0,0,N/A
2024-02-02,SKU_3,WH_1,SUP_8,South,17.0,227.0,14.0,240,0,7.72,13.54,0,0,18.84
2024-02-03,SKU_3,WH_1,SUP_8,South,31.0,440.0,14.0,240,244,7.72,13.54,0,0,28.32
2024-02-04,SKU_3,WH_1,SUP_8,East,22.0,418.0,14.0,240,0,7.72,13.54,0,0,26.12
2024-02-05,SKU_3,WH_1,SUP_8,West,23.0,395.0,14.0,240,0,7.72,13.54,0,0,24.44
2024-02-06,SKU_3,WH_1,SUP_8,South,28.0,367.0,14.0,240,0,7.72,13.54,0,0,29.63
2024-02-07,SKU_3,WH_1,SUP_8,East,20.0,347.0,14.0,240,0,7.72,13.54,0,0,17.03
2024-02-08,SKU_3,WH_1,SUP_8,West,20.0,327.0,14.0,240,0,7.72,13.54,0,0,20.66
2024-02-09,SKU_3,WH_1,SUP_8,South,24.0,303.0,14.0,240,0,7.72,13.54,0,0,24.02
2024-02-10,SKU_3,WH_1,SUP_8,North,28.0,275.0,14.0,240,0,7.72,13.54,0,0,26.26
2024-02-11,SKU_3,WH_1,SUP_8,North,21.0,254.0,14.0,240,0,7.72,13.54,0,0,N/A
2024-02-12,SKU_3,WH_1,SUP_8,North,27.0,227.0,14.0,240,0,7.72,13.54,0,0,29.85
2024-02-13,SKU_3,WH_1,SUP_8,South,37.0,457.0,14.0,240,267,7.72,13.54,0,0,39.01
2024-02-14,SKU_3,WH_1,SUP_8,North,26.0,431.0,14.0,240,0,7.72,13.54,0,0,21.83
2024-02-15,SKU_3,WH_1,SUP_8,East,21.0,410.0,14.0,240,0,7.72,13.54,0,0,21.38
2024-02-16,SKU_3,WH_1,SUP_8,West,39.0,371.0,14.0,240,0,7.72,13.54,0,0,44.14
2024-02-17,SKU_3,WH_1,SUP_8,West,24.0,347.0,14.0,240,0,7.72,13.54,0,0,21.6
2024-02-18,SKU_3,WH_1,SUP_8,East,32.0,315.0,14.0,240,0,7.72,13.54,0,0,30.59
2024-02-19,SKU_3,WH_1,SUP_8,West,missing,275.0,14.0,240,0,7.72,13.54,0,0,43.73
2024-02-20,SKU_3,WH_1,SUP_8,South,27.0,248.0,,240,0,7.72,13.54,0,0,24.16
2024-02-21,SKU_3,WH_1,SUP_8,South,33.0,215.0,14.0,240,0,7.72,13.54,1,0,35.75
2024-02-22,SKU_3,WH_1,SUP_8,North,,624.0,14.0,240,439,7.72,13.54,0,0,28.44
2024-02-23,SKU_3,WH_1,SUP_8,North,25.0,599.0,14.0,240,0,7.72,13.54,0,0,22.31
2024-02-24,SKU_3,WH_1,SUP_8,South,31.0,568.0,14.0,240,0,7.72,13.54,0,0,34.84
2024-02-25,SKU_3,WH_1,SUP_8,South,31.0,537.0,14.0,240,0,7.72,13.54,0,0,30.46
2024-02-26,SKU_3,WH_1,SUP_8,West,33.0,504.0,14.0,240,0,7.72,13.54,0,0,34.47
2024-02-27,SKU_3,WH_1,SUP_8,North,27.0,477.0,14.0,240,0,7.72,13.54,0,0,28.3
2024-02-28,SKU_3,WH_1,SUP_8,East,21.0,456.0,14.0,240,0,7.72,13.54,0,0,22.77
2024-02-29,SKU_3,WH_1,SUP_8,East,31.0,425.0,14.0,240,0,7.72,13.54,0,0,30.64
2024-03-01,SKU_3,WH_1,SUP_8,West,27.0,398.0,14.0,240,0,7.72,13.54,0,0,19.99
2024-03-02,SKU_3,WH_1,SUP_8,North,missing,375.0,14.0,240,0,7.72,13.54,0,0,21.56
2024-03-03,SKU_3,WH_1,SUP_8,North,48.0,327.0,14.0,240,0,7.72,13.54,1,0,40.97
2024-03-04,SKU_3,WH_1,SUP_8,North,26.0,301.0,14.0,240,0,7.72,13.54,0,0,18.54
2024-03-05,SKU_3,WH_1,SUP_8,West,44.0,,14.0,240,0,7.72,13.54,1,0,42.61
2024-03-06,SKU_3,WH_1,SUP_8,West,26.0,231.0,14.0,240,0,7.72,13.54,0,0,27.83
2024-03-07,SKU_3,WH_1,SUP_8,East,40.0,,14.0,240,374,7.72,13.54,1,0,36.19
2024-03-08,SKU_3,WH_1,SUP_8,North,27.0,538.0,14.0,240,0,7.72,13.54,1,0,26.64
2024-03-09,SKU_3,WH_1,SUP_8,West,30.0,508.0,14.0,240,0,7.72,13.54,0,0,26.35
2024-03-10,SKU_3,WH_1,SUP_8,East,40.0,468.0,14.0,240,0,7.72,13.54,1,0,38.99
2024-03-11,SKU_3,WH_1,SUP_8,West,22.0,446.0,14.0,240,0,7.72,13.54,0,0,16.81
2024-03-12,SKU_3,WH_1,SUP_8,,28.0,418.0,14.0,240,0,7.72,13.54,0,0,29.04
2024-03-13,SKU_3,WH_1,SUP_8,South,19.0,399.0,14.0,240,0,7.72,13.54,0,0,20.78
2024-03-14,SKU_3,WH_1,SUP_8,South,37.0,362.0,14.0,240,0,7.72,13.54,0,0,N/A
2024-03-15,SKU_3,WH_1,SUP_8,East,19.0,343.0,14.0,240,0,7.72,13.54,0,0,16.27
2024-03-16,SKU_3,WH_1,SUP_8,East,22.0,321.0,14.0,240,0,7.72,13.54,0,0,19.89
2024-03-17,SKU_3,WH_1,SUP_8,South,25.0,296.0,14.0,240,0,7.72,13.54,0,0,
2024-03-18,SKU_3,WH_1,SUP_8,West,33.0,263.0,14.0,240,0,7.72,13.54,0,0,33.68
2024-03-19,SKU_3,WH_1,SUP_8,East,28.0,235.0,14.0,240,0,7.72,13.54,1,0,28.5
2024-03-20,SKU_3,WH_1,SUP_8,North,33.0,693.0,14.0,240,491,7.72,13.54,0,0,31.99
2024-03-21,SKU_3,WH_1,SUP_8,North,34.0,659.0,14.0,240,0,7.72,13.54,0,0,31.17
2024-03-22,SKU_3,WH_1,SUP_8,South,23.0,636.0,14.0,240,0,7.72,13.54,0,0,21.83
2024-03-23,SKU_3,WH_1,SUP_8,West,33.0,603.0,14.0,240,0,7.72,13.54,0,0,31.47
2024-03-24,SKU_3,WH_1,SUP_8,East,32.0,571.0,14.0,240,0,7.72,13.54,0,0,34.29
2024-03-25,SKU_3,WH_1,SUP_8,West,35.0,536.0,14.0,240,0,7.72,13.54,0,0,38.08
2024-03-26,SKU_3,WH_1,SUP_8,West,23.0,513.0,14.0,240,0,7.72,13.54,0,0,25.08
2024-03-27,SKU_3,WH_1,SUP_8,North,,476.0,14.0,240,0,7.72,13.54,0,0,32.83
2024-03-28,SKU_3,WH_1,SUP_8,East,34.0,442.0,14.0,240,0,7.72,13.54,0,0,32.18
2024-03-29,SKU_3,WH_1,SUP_8,North,27.0,415.0,14.0,240,0,7.72,13.54,0,0,22.8
2024-03-30,SKU_3,WH_1,SUP_8,North,34.0,381.0,14.0,240,0,7.72,13.54,0,0,
2024-03-31,SKU_3,WH_1,SUP_8,West,32.0,349.0,14.0,240,0,7.72,13.54,0,0,35.41
2024-04-01,SKU_3,WH_1,SUP_8,West,25.0,324.0,14.0,240,0,7.72,13.54,0,0,27.97
2024-04-02,SKU_3,WH_1,SUP_8,South,25.0,299.0,14.0,240,0,7.72,13.54,0,0,24.0
2024-04-03,SKU_3,WH_1,SUP_8,??UNKNOWN??,35.0,264.0,14.0,240,0,7.72,13.54,0,0,31.68
2024-04-04,SKU_3,WH_1,SUP_8,South,29.0,235.0,14.0,240,0,7.72,13.54,0,0,27.47
2024-04-05,SKU_3,WH_1,SUP_8,North,35.0,429.0,14.0,240,229,7.72,13.54,0,0,31.63
2024-04-06,SKU_3,WH_1,SUP_8,West,24.0,405.0,14.0,240,0,7.72,13.54,0,0,
2024-04-07,SKU_3,WH_1,SUP_8,North,27.0,378.0,14.0,240,0,7.72,13.54,0,0,29.12
2024-04-08,SKU_3,WH_1,SUP_8,West,28.0,350.0,14.0,240,0,7.72,13.54,0,0,30.97
2024-04-09,SKU_3,WH_1,SUP_8,West,30.0,320.0,14.0,240,0,7.72,13.54,0,0,26.31
2024-04-10,SKU_3,WH_1,SUP_8,East,29.0,291.0,14.0,240,0,7.72,13.54,0,0,28.57
2024-04-11,SKU_3,WH_1,SUP_8,West,19.0,272.0,14.0,240,0,7.72,13.54,0,0,16.39
2024-04-12,SKU_3,WH_1,SUP_8,,55.0,217.0,14.0,240,0,7.72,13.54,1,0,54.19
2024-04-13,SKU_3,WH_1,SUP_8,South,35.0,604.0,14.0,240,422,7.72,13.54,0,0,34.79
2024-04-14,SKU_3,WH_1,SUP_8,West,44.0,560.0,14.0,240,0,7.72,13.54,1,0,46.27
2024-04-15,SKU_3,WH_1,SUP_8,West,33.0,527.0,14.0,240,0,7.72,13.54,0,0,31.39
2024-04-16,SKU_3,WH_1,SUP_8,West,46.0,481.0,14.0,240,0,7.72,13.54,1,0,41.25
2024-04-17,SKU_3,WH_1,SUP_8,,26.0,455.0,14.0,240,0,7.72,13.54,0,0,26.52
2024-04-18,SKU_3,WH_1,SUP_8,West,27.0,428.0,,240,0,7.72,13.54,0,0,29.42
2024-04-19,SKU_3,WH_1,SUP_8,,40.0,388.0,14.0,240,0,7.72,13.54,1,0,36.39
2024-04-20,SKU_3,WH_1,SUP_8,West,31.0,357.0,14.0,240,0,7.72,13.54,0,0,24.98
2024-04-21,SKU_3,WH_1,SUP_8,North,missing,335.0,14.0,240,0,7.72,13.54,0,0,21.98
2024-04-22,SKU_3,WH_1,SUP_8,East,25.0,310.0,14.0,240,0,7.72,13.54,0,0,31.66
2024-04-23,SKU_3,WH_1,SUP_8,South,,286.0,14.0,240,0,7.72,13.54,0,0,28.27
2024-04-24,SKU_3,WH_1,SUP_8,West,36.0,250.0,14.0,240,0,7.72,13.54,0,0,32.12
2024-04-25,SKU_3,WH_1,SUP_8,West,22.0,228.0,14.0,240,0,7.72,13.54,0,0,21.72
2024-04-26,SKU_3,WH_1,SUP_8,East,35.0,660.0,14.0,240,467,7.72,13.54,0,0,30.89
2024-04-27,SKU_3,WH_1,SUP_8,East,19.0,641.0,14.0,240,0,7.72,13.54,0,0,19.73
2024-04-28,SKU_3,WH_1,SUP_8,West,29.0,612.0,14.0,240,0,7.72,13.54,0,0,32.57
2024-04-29,SKU_3,WH_1,SUP_8,West,21.0,591.0,,240,0,7.72,13.54,0,0,18.92
2024-04-30,SKU_3,WH_1,SUP_8,North,29.0,562.0,14.0,240,0,7.72,13.54,0,0,27.01
2024-05-01,SKU_3,WH_1,SUP_8,West,25.0,537.0,14.0,240,0,7.72,13.54,0,0,23.16
2024-05-02,SKU_3,WH_1,SUP_8,South,30.0,507.0,14.0,240,0,7.72,13.54,0,0,36.28
2024-05-03,SKU_3,WH_1,SUP_8,West,32.0,475.0,14.0,240,0,7.72,13.54,0,0,36.88
2024-05-04,SKU_3,WH_1,SUP_8,North,32.0,443.0,14.0,240,0,7.72,13.54,0,0,35.53
2024-05-05,SKU_3,WH_1,SUP_8,South,24.0,419.0,14.0,240,0,7.72,13.54,0,0,26.4
2024-05-06,SKU_3,WH_1,SUP_8,North,25.0,394.0,14.0,240,0,7.72,13.54,0,0,24.08
2024-05-07,SKU_3,WH_1,SUP_8,North,missing,,14.0,240,0,7.72,13.54,0,0,31.6
2024-05-08,SKU_3,WH_1,SUP_8,North,20.0,347.0,14.0,240,0,7.72,13.54,0,0,20.44
2024-05-09,SKU_3,WH_1,SUP_8,,28.0,319.0,14.0,240,0,7.72,13.54,0,0,30.13
2024-05-10,SKU_3,WH_1,SUP_8,North,23.0,,14.0,240,0,7.72,13.54,0,0,21.62
2024-05-11,SKU_3,WH_1,SUP_8,??UNKNOWN??,37.0,259.0,14.0,240,0,7.72,13.54,0,0,34.93
2024-05-12,SKU_3,WH_1,SUP_8,South,37.0,222.0,14.0,240,0,7.72,13.54,0,0,35.59
2024-05-13,SKU_3,WH_1,SUP_8,North,29.0,553.0,14.0,240,360,7.72,13.54,0,0,28.37
2024-05-14,SKU_3,WH_1,SUP_8,West,11.0,542.0,14.0,240,0,7.72,13.54,0,0,11.8
2024-05-15,SKU_3,WH_1,SUP_8,East,27.0,515.0,14.0,240,0,7.72,13.54,0,0,26.36
2024-05-16,SKU_3,WH_1,SUP_8,,21.0,,14.0,240,0,7.72,13.54,0,0,20.38
2024-05-17,SKU_3,WH_1,SUP_8,South,23.0,471.0,14.0,240,0,7.72,13.54,0,0,24.93
2024-05-18,SKU_3,WH_1,SUP_8,West,,444.0,14.0,240,0,7.72,13.54,0,0,25.21
2024-05-19,SKU_3,WH_1,SUP_8,East,32.0,,14.0,240,0,7.72,13.54,0,0,35.48
2024-05-20,SKU_3,WH_1,SUP_8,South,40.0,372.0,14.0,240,0,7.72,13.54,1,0,43.83
2024-05-21,SKU_3,WH_1,SUP_8,East,24.0,348.0,14.0,240,0,7.72,13.54,0,0,26.26
2024-05-22,SKU_3,WH_1,SUP_8,North,14.0,334.0,14.0,240,0,7.72,13.54,0,0,10.22
2024-05-23,SKU_3,WH_1,SUP_8,North,28.0,306.0,14.0,240,0,7.72,13.54,0,0,29.31
2024-05-24,SKU_3,WH_1,SUP_8,South,35.0,271.0,14.0,240,0,7.72,13.54,0,0,34.39
2024-05-25,SKU_3,WH_1,SUP_8,North,19.0,252.0,14.0,240,0,7.72,13.54,0,0,11.71
2024-05-26,SKU_3,WH_1,SUP_8,West,27.0,225.0,14.0,240,0,7.72,13.54,0,0,26.09
2024-05-27,SKU_3,WH_1,SUP_8,South,24.0,588.0,14.0,240,387,7.72,13.54,0,0,28.86
2024-05-28,SKU_3,WH_1,SUP_8,North,37.0,551.0,,240,0,7.72,13.54,0,0,40.69
2024-05-29,SKU_3,WH_1,SUP_8,East,23.0,528.0,14.0,240,0,7.72,13.54,0,0,22.02
2024-05-30,SKU_3,WH_1,SUP_8,East,28.0,,14.0,240,0,7.72,13.54,0,0,29.44
2024-05-31,SKU_3,WH_1,SUP_8,West,21.0,479.0,14.0,240,0,7.72,13.54,0,0,16.65
2024-06-01,SKU_3,WH_1,SUP_8,North,23.0,456.0,14.0,240,0,7.72,13.54,0,0,16.3
2024-06-02,SKU_3,WH_1,SUP_8,West,12.0,444.0,14.0,240,0,7.72,13.54,0,0,11.41
2024-06-03,SKU_3,WH_1,SUP_8,North,18.0,426.0,,240,0,7.72,13.54,0,0,18.17
2024-06-04,SKU_3,WH_1,SUP_8,East,25.0,401.0,14.0,240,0,7.72,13.54,0,0,23.31
2024-06-05,SKU_3,WH_1,SUP_8,??UNKNOWN??,26.0,375.0,14.0,240,0,7.72,13.54,0,0,32.42
2024-06-06,SKU_3,WH_1,SUP_8,,27.0,348.0,14.0,240,0,7.72,13.54,0,0,21.94
2024-06-07,SKU_3,WH_1,SUP_8,South,18.0,330.0,14.0,240,0,7.72,13.54,0,0,18.93
2024-06-08,SKU_3,WH_1,SUP_8,East,22.0,308.0,14.0,240,0,7.72,13.54,0,0,20.71
2024-06-09,SKU_3,WH_1,SUP_8,West,20.0,288.0,14.0,240,0,7.72,13.54,0,0,22.6
2024-06-10,SKU_3,WH_1,SUP_8,West,24.0,264.0,14.0,240,0,7.72,13.54,0,0,18.52
2024-06-11,SKU_3,WH_1,SUP_8,North,21.0,243.0,14.0,240,0,7.72,13.54,0,0,21.08
2024-06-12,SKU_3,WH_1,SUP_8,East,,222.0,14.0,240,0,7.72,13.54,0,0,18.11
2024-06-13,SKU_3,WH_1,SUP_8,East,26.0,468.0,14.0,240,272,7.72,13.54,0,0,25.81
2024-06-14,SKU_3,WH_1,SUP_8,South,19.0,449.0,14.0,240,0,7.72,13.54,0,0,22.87
2024-06-15,SKU_3,WH_1,SUP_8,East,17.0,432.0,14.0,240,0,7.72,13.54,0,0,19.3
2024-06-16,SKU_3,WH_1,SUP_8,East,31.0,401.0,14.0,240,0,7.72,13.54,0,0,30.5
2024-06-17,SKU_3,WH_1,SUP_8,South,16.0,385.0,14.0,240,0,7.72,13.54,0,0,14.89
2024-06-18,SKU_3,WH_1,SUP_8,East,28.0,357.0,14.0,240,0,7.72,13.54,1,0,20.92
2024-06-19,SKU_3,WH_1,SUP_8,South,21.0,336.0,14.0,240,0,7.72,13.54,0,0,22.31
2024-06-20,SKU_3,WH_1,SUP_8,South,23.0,313.0,14.0,240,0,7.72,13.54,0,0,24.81
2024-06-21,SKU_3,WH_1,SUP_8,East,22.0,291.0,14.0,240,0,7.72,13.54,0,0,21.34
2024-06-22,SKU_3,WH_1,SUP_8,West,21.0,270.0,14.0,240,0,7.72,13.54,0,0,19.37
2024-06-23,SKU_3,WH_1,SUP_8,North,22.0,248.0,14.0,240,0,7.72,13.54,0,0,
2024-06-24,SKU_3,WH_1,SUP_8,East,15.0,233.0,14.0,240,0,7.72,13.54,0,0,17.59
2024-06-25,SKU_3,WH_1,SUP_8,West,15.0,587.0,14.0,240,369,7.72,13.54,0,0,18.98
2024-06-26,SKU_3,WH_1,SUP_8,South,23.0,564.0,14.0,240,0,7.72,13.54,0,0,23.93
2024-06-27,SKU_3,WH_1,SUP_8,West,25.0,539.0,14.0,240,0,7.72,13.54,0,0,31.44
2024-06-28,SKU_3,WH_1,SUP_8,East,22.0,517.0,14.0,240,0,7.72,13.54,0,0,22.76
2024-06-29,SKU_3,WH_1,SUP_8,South,21.0,496.0,14.0,240,0,7.72,13.54,0,0,23.02
2024-06-30,SKU_3,WH_1,SUP_8,South,19.0,477.0,14.0,240,0,7.72,13.54,1,0,
2024-07-01,SKU_3,WH_1,SUP_8,West,28.0,449.0,14.0,240,0,7.72,13.54,0,0,24.41
2024-07-02,SKU_3,WH_1,SUP_8,East,,433.0,14.0,240,0,7.72,13.54,0,0,19.39
2024-07-03,SKU_3,WH_1,SUP_8,West,23.0,410.0,14.0,240,0,7.72,13.54,1,0,27.23
2024-07-04,SKU_3,WH_1,SUP_8,West,18.0,392.0,14.0,240,0,7.72,13.54,1,0,20.12
2024-07-05,SKU_3,WH_1,SUP_8,South,19.0,373.0,14.0,240,0,7.72,13.54,0,0,15.82
2024-07-06,SKU_3,WH_1,SUP_8,East,,352.0,14.0,240,0,7.72,13.54,0,0,18.31
2024-07-07,SKU_3,WH_1,SUP_8,North,20.0,332.0,14.0,240,0,7.72,13.54,0,0,19.13
2024-07-08,SKU_3,WH_1,SUP_8,North,26.0,306.0,14.0,240,0,7.72,13.54,0,0,27.69
2024-07-09,SKU_3,WH_1,SUP_8,South,14.0,292.0,14.0,240,0,7.72,13.54,0,0,N/A
2024-07-10,SKU_3,WH_1,SUP_8,South,22.0,270.0,14.0,240,0,7.72,13.54,0,0,21.35
2024-07-11,SKU_3,WH_1,SUP_8,North,19.0,251.0,14.0,240,0,7.72,13.54,0,0,23.13
2024-07-12,SKU_3,WH_1,SUP_8,North,19.0,232.0,14.0,240,0,7.72,13.54,0,0,22.8
2024-07-13,SKU_3,WH_1,SUP_8,East,,581.0,14.0,240,367,7.72,13.54,0,0,17.09
2024-07-14,SKU_3,WH_1,SUP_8,North,22.0,559.0,14.0,240,0,7.72,13.54,0,0,22.44
2024-07-15,SKU_3,WH_1,SUP_8,West,16.0,543.0,14.0,240,0,7.72,13.54,0,0,11.54
2024-07-16,SKU_3,WH_1,SUP_8,South,17.0,526.0,14.0,240,0,7.72,13.54,0,0,15.37
2024-07-17,SKU_3,WH_1,SUP_8,North,18.0,508.0,14.0,240,0,7.72,13.54,0,0,12.66
2024-07-18,SKU_3,WH_1,SUP_8,,12.0,496.0,14.0,240,0,7.72,13.54,0,0,13.36
2024-07-19,SKU_3,WH_1,SUP_8,East,19.0,477.0,14.0,240,0,7.72,13.54,0,0,18.45
2024-07-20,SKU_3,WH_1,SUP_8,West,,466.0,14.0,240,0,7.72,13.54,1,0,12.66
2024-07-21,SKU_3,WH_1,SUP_8,North,16.0,450.0,14.0,240,0,7.72,13.54,0,0,17.39
2024-07-22,SKU_3,WH_1,SUP_8,South,9.0,441.0,14.0,240,0,7.72,13.54,0,0,
2024-07-23,SKU_3,WH_1,SUP_8,West,17.0,424.0,14.0,240,0,7.72,13.54,0,0,15.97
2024-07-24,SKU_3,WH_1,SUP_8,West,,404.0,14.0,240,0,7.72,13.54,1,0,18.43
2024-07-25,SKU_3,WH_1,SUP_8,North,11.0,393.0,14.0,240,0,7.72,13.54,0,0,7.07
2024-07-26,SKU_3,WH_1,SUP_8,North,16.0,377.0,14.0,240,0,7.72,13.54,0,0,9.46
2024-07-27,SKU_3,WH_1,SUP_8,East,25.0,352.0,14.0,240,0,7.72,13.54,0,0,29.09
2024-07-28,SKU_3,WH_1,SUP_8,South,11.0,341.0,14.0,240,0,7.72,13.54,0,0,6.4
2024-07-29,SKU_3,WH_1,SUP_8,East,-3.0,-338.0,14.0,240,0,-7.72,-13.54,0,0,-4.76
2024-07-30,SKU_3,WH_1,SUP_8,South,11.0,327.0,14.0,240,0,7.72,13.54,0,0,8.37
2024-07-31,SKU_3,WH_1,SUP_8,West,8.0,319.0,14.0,240,0,7.72,13.54,0,0,10.02
2024-08-01,SKU_3,WH_1,SUP_8,South,13.0,306.0,14.0,240,0,7.72,13.54,0,0,13.5
2024-08-02,SKU_3,WH_1,SUP_8,West,,292.0,14.0,240,0,7.72,13.54,0,0,12.69
2024-08-03,SKU_3,WH_1,SUP_8,North,208.0,2484.0,14.0,240,0,7.72,13.54,0,0,131.59460609934843
2024-08-04,SKU_3,WH_1,SUP_8,North,20.0,256.0,,240,0,7.72,13.54,0,0,13.42
2024-08-05,SKU_3,WH_1,SUP_8,East,14.0,242.0,14.0,240,0,7.72,13.54,0,0,13.98
2024-08-06,SKU_3,WH_1,SUP_8,West,16.0,226.0,14.0,240,0,7.72,13.54,1,0,15.8
2024-08-07,SKU_3,WH_1,SUP_8,South,13.0,477.0,14.0,240,264,7.72,13.54,0,0,11.93
2024-08-08,SKU_3,WH_1,SUP_8,East,11.0,466.0,14.0,240,0,7.72,13.54,0,0,
2024-08-09,SKU_3,WH_1,SUP_8,East,8.0,458.0,14.0,240,0,7.72,13.54,0,0,11.79
2024-08-10,SKU_3,WH_1,SUP_8,South,15.0,443.0,14.0,240,0,7.72,13.54,0,0,10.02
2024-08-11,SKU_3,WH_1,SUP_8,West,11.0,432.0,14.0,240,0,7.72,13.54,0,0,
2024-08-12,SKU_3,WH_1,SUP_8,South,16.0,416.0,14.0,240,0,7.72,13.54,0,0,18.11
2024-08-13,SKU_3,WH_1,SUP_8,South,10.0,406.0,14.0,240,0,7.72,13.54,0,0,15.02
2024-08-14,SKU_3,WH_1,SUP_8,East,7.0,399.0,,240,0,7.72,13.54,0,0,11.22
2024-08-15,SKU_3,WH_1,SUP_8,South,17.0,382.0,14.0,240,0,7.72,13.54,0,0,12.11
2024-08-16,SKU_3,WH_1,SUP_8,,22.0,360.0,14.0,240,0,7.72,13.54,0,0,22.33
2024-08-17,SKU_3,WH_1,SUP_8,South,10.0,350.0,14.0,240,0,7.72,13.54,0,0,9.42
2024-08-18,SKU_3,WH_1,SUP_8,North,16.0,334.0,14.0,240,0,7.72,13.54,0,0,17.1
2024-08-19,SKU_3,WH_1,SUP_8,South,18.0,316.0,14.0,240,0,7.72,13.54,1,0,22.76
2024-08-20,SKU_3,WH_1,SUP_8,South,23.0,293.0,14.0,240,0,7.72,13.54,1,0,20.48
2024-08-21,SKU_3,WH_1,SUP_8,,12.0,,14.0,240,0,7.72,13.54,0,0,9.61
2024-08-22,SKU_3,WH_1,SUP_8,North,20.0,261.0,14.0,240,0,7.72,13.54,0,0,21.68
2024-08-23,SKU_3,WH_1,SUP_8,North,15.0,246.0,14.0,240,0,7.72,13.54,0,0,12.29
2024-08-24,SKU_3,WH_1,SUP_8,,14.0,232.0,14.0,240,0,7.72,13.54,1,0,9.44
2024-08-25,SKU_3,WH_1,SUP_8,South,16.0,498.0,14.0,240,282,7.72,13.54,0,0,14.73
2024-08-26,SKU_3,WH_1,SUP_8,North,9.0,489.0,14.0,240,0,7.72,13.54,0,0,3.57
2024-08-27,SKU_3,WH_1,SUP_8,South,21.0,468.0,14.0,240,0,7.72,13.54,0,0,20.69
2024-08-28,SKU_3,WH_1,SUP_8,East,17.0,451.0,14.0,240,0,7.72,13.54,0,0,20.92
2024-08-29,SKU_3,WH_1,SUP_8,East,10.0,441.0,14.0,240,0,7.72,13.54,0,0,13.16
2024-08-30,SKU_3,WH_1,SUP_8,West,16.0,425.0,14.0,240,0,7.72,13.54,0,0,15.4
2024-08-31,SKU_3,WH_1,SUP_8,South,17.0,408.0,14.0,240,0,7.72,13.54,0,0,15.63
2024-09-01,SKU_3,WH_1,SUP_8,North,5.0,403.0,14.0,240,0,7.72,13.54,0,0,5.64
2024-09-02,SKU_3,WH_1,SUP_8,East,14.0,389.0,14.0,240,0,7.72,13.54,0,0,14.64
2024-09-03,SKU_3,WH_1,SUP_8,South,8.0,381.0,14.0,240,0,7.72,13.54,0,0,11.33
2024-09-04,SKU_3,WH_1,SUP_8,North,13.0,368.0,14.0,240,0,7.72,13.54,0,0,14.85
2024-09-05,SKU_3,WH_1,SUP_8,West,8.0,360.0,14.0,240,0,7.72,13.54,0,0,11.43
2024-09-06,SKU_3,WH_1,SUP_8,??UNKNOWN??,10.0,350.0,14.0,240,0,7.72,13.54,0,0,9.8
2024-09-07,SKU_3,WH_1,SUP_8,,10.0,340.0,14.0,240,0,7.72,13.54,0,0,10.31
2024-09-08,SKU_3,WH_1,SUP_8,South,13.0,327.0,14.0,240,0,7.72,13.54,0,0,8.13
2024-09-09,SKU_3,WH_1,SUP_8,,9.0,318.0,14.0,240,0,7.72,13.54,0,0,11.49
2024-09-10,SKU_3,WH_1,SUP_8,South,11.0,307.0,14.0,240,0,7.72,13.54,0,0,8.76
2024-09-11,SKU_3,WH_1,SUP_8,,6.0,301.0,14.0,240,0,7.72,13.54,0,0,4.67
2024-09-12,SKU_3,WH_1,SUP_8,South,12.0,289.0,14.0,240,0,7.72,13.54,0,0,12.47
2024-09-13,SKU_3,WH_1,SUP_8,South,11.0,278.0,14.0,240,0,7.72,13.54,0,0,14.25
2024-09-14,SKU_3,WH_1,SUP_8,East,10.0,268.0,14.0,240,0,7.72,13.54,0,0,11.22
2024-09-15,SKU_3,WH_1,SUP_8,North,22.0,246.0,14.0,240,0,7.72,13.54,0,0,24.17
2024-09-16,SKU_3,WH_1,SUP_8,North,8.0,238.0,14.0,240,0,7.72,13.54,0,0,8.09
2024-09-17,SKU_3,WH_1,SUP_8,East,15.0,560.0,14.0,240,337,7.72,13.54,0,0,14.31
2024-09-18,SKU_3,WH_1,SUP_8,East,12.0,548.0,14.0,240,0,7.72,13.54,0,0,17.36
2024-09-19,SKU_3,WH_1,SUP_8,West,3.0,545.0,14.0,240,0,7.72,13.54,0,0,0.0
2024-09-20,SKU_3,WH_1,SUP_8,East,11.0,534.0,14.0,240,0,7.72,13.54,1,0,11.72
2024-09-21,SKU_3,WH_1,SUP_8,North,8.0,526.0,14.0,240,0,7.72,13.54,0,0,10.61
2024-09-22,SKU_3,WH_1,SUP_8,North,12.0,514.0,14.0,240,0,7.72,13.54,0,0,9.04
2024-09-23,SKU_3,WH_1,SUP_8,East,0.0,514.0,14.0,240,0,7.72,13.54,1,0,0.0
2024-09-24,SKU_3,WH_1,SUP_8,South,12.0,502.0,,240,0,7.72,13.54,0,0,11.76
2024-09-25,SKU_3,WH_1,SUP_8,West,5.0,497.0,14.0,240,0,7.72,13.54,0,0,4.84
2024-09-26,SKU_3,WH_1,SUP_8,South,13.0,484.0,14.0,240,0,7.72,13.54,1,0,9.35
2024-09-27,SKU_3,WH_1,SUP_8,South,24.0,460.0,14.0,240,0,7.72,13.54,1,0,29.23
2024-09-28,SKU_3,WH_1,SUP_8,North,8.0,452.0,14.0,240,0,7.72,13.54,0,0,4.77
2024-09-29,SKU_3,WH_1,SUP_8,South,6.0,446.0,14.0,240,0,7.72,13.54,0,0,4.11
2024-09-30,SKU_3,WH_1,SUP_8,South,5.0,441.0,14.0,240,0,7.72,13.54,0,0,3.57
2024-10-01,SKU_3,WH_1,SUP_8,East,9.0,432.0,14.0,240,0,7.72,13.54,0,0,12.79
2024-10-02,SKU_3,WH_1,SUP_8,North,10.0,,14.0,240,0,7.72,13.54,0,0,14.2
2024-10-03,SKU_3,WH_1,SUP_8,South,2.0,420.0,,240,0,7.72,13.54,0,0,8.57
2024-10-04,SKU_3,WH_1,SUP_8,South,9.0,411.0,14.0,240,0,7.72,13.54,0,0,5.04
2024-10-05,SKU_3,WH_1,SUP_8,North,6.0,,,240,0,7.72,13.54,0,0,4.7
2024-10-06,SKU_3,WH_1,SUP_8,North,8.0,397.0,14.0,240,0,7.72,13.54,0,0,5.22
2024-10-07,SKU_3,WH_1,SUP_8,North,7.0,390.0,14.0,240,0,7.72,13.54,0,0,7.23
2024-10-08,SKU_3,WH_1,SUP_8,North,16.0,374.0,14.0,240,0,7.72,13.54,1,0,
2024-10-09,SKU_3,WH_1,SUP_8,East,10.0,,14.0,240,0,7.72,13.54,0,0,8.4
2024-10-10,SKU_3,WH_1,SUP_8,West,missing,356.0,14.0,240,0,7.72,13.54,0,0,9.87
2024-10-11,SKU_3,WH_1,SUP_8,West,11.0,345.0,14.0,240,0,7.72,13.54,1,0,11.96
2024-10-12,SKU_3,WH_1,SUP_8,South,15.0,330.0,14.0,240,0,7.72,13.54,0,0,21.77
2024-10-13,SKU_3,WH_1,SUP_8,East,1.0,329.0,14.0,240,0,7.72,13.54,0,0,0.0
2024-10-14,SKU_3,WH_1,SUP_8,,10.0,319.0,14.0,240,0,7.72,13.54,0,0,6.81
2024-10-15,SKU_3,WH_1,SUP_8,North,,311.0,14.0,240,0,7.72,13.54,0,0,10.84
2024-10-16,SKU_3,WH_1,SUP_8,South,0.0,311.0,14.0,240,0,7.72,13.54,0,0,0.0
2024-10-17,SKU_3,WH_1,SUP_8,East,8.0,,14.0,240,0,7.72,13.54,0,0,8.93
2024-10-18,SKU_3,WH_1,SUP_8,North,15.0,288.0,,240,0,7.72,13.54,0,0,13.48
2024-10-19,SKU_3,WH_1,SUP_8,South,18.0,270.0,14.0,240,0,7.72,13.54,0,0,16.97
2024-10-20,SKU_3,WH_1,SUP_8,North,11.0,259.0,14.0,240,0,7.72,13.54,0,0,9.6
2024-10-21,SKU_3,WH_1,SUP_8,North,0.0,259.0,14.0,240,0,7.72,13.54,0,0,0.0
2024-10-22,SKU_3,WH_1,SUP_8,East,15.0,244.0,14.0,240,0,7.72,13.54,0,0,10.04
2024-10-23,SKU_3,WH_1,SUP_8,North,9.0,235.0,14.0,240,0,7.72,13.54,0,0,8.04
2024-10-24,SKU_3,WH_1,SUP_8,North,16.0,597.0,14.0,240,378,7.72,13.54,0,0,13.54
2024-10-25,SKU_3,WH_1,SUP_8,West,16.0,581.0,14.0,240,0,7.72,13.54,0,0,19.87
2024-10-26,SKU_3,WH_1,SUP_8,South,19.0,562.0,14.0,240,0,7.72,13.54,0,0,21.32
2024-10-27,SKU_3,WH_1,SUP_8,East,15.0,547.0,14.0,240,0,7.72,13.54,0,0,9.25
2024-10-28,SKU_3,WH_1,SUP_8,West,8.0,539.0,14.0,240,0,7.72,13.54,0,0,9.44
2024-10-29,SKU_3,WH_1,SUP_8,South,11.0,528.0,14.0,240,0,7.72,13.54,0,0,14.0
2024-10-30,SKU_3,WH_1,SUP_8,North,14.0,514.0,14.0,240,0,7.72,13.54,0,0,15.67
2024-10-31,SKU_3,WH_1,SUP_8,South,17.0,497.0,14.0,240,0,7.72,13.54,0,0,18.54
2024-11-01,SKU_3,WH_1,SUP_8,North,6.0,491.0,14.0,240,0,7.72,13.54,0,0,4.2
2024-11-02,SKU_3,WH_1,SUP_8,West,13.0,478.0,14.0,240,0,7.72,13.54,0,0,12.42
2024-11-03,SKU_3,WH_1,SUP_8,South,11.0,467.0,14.0,240,0,7.72,13.54,0,0,13.7
2024-11-04,SKU_3,WH_1,SUP_8,East,7.0,460.0,14.0,240,0,7.72,13.54,0,0,11.61
2024-11-05,SKU_3,WH_1,SUP_8,South,17.0,443.0,14.0,240,0,7.72,13.54,0,0,22.27
2024-11-06,SKU_3,WH_1,SUP_8,North,8.0,435.0,14.0,240,0,7.72,13.54,0,0,13.59
2024-11-07,SKU_3,WH_1,SUP_8,North,8.0,,14.0,240,0,7.72,13.54,0,0,6.17
2024-11-08,SKU_3,WH_1,SUP_8,East,12.0,415.0,14.0,240,0,7.72,13.54,0,0,10.24
2024-11-09,SKU_3,WH_1,SUP_8,East,11.0,404.0,14.0,240,0,7.72,13.54,0,0,11.87
2024-11-10,SKU_3,WH_1,SUP_8,North,,390.0,14.0,240,0,7.72,13.54,0,0,16.23
2024-11-11,SKU_3,WH_1,SUP_8,West,19.0,371.0,14.0,240,0,7.72,13.54,0,0,21.21
2024-11-12,SKU_3,WH_1,SUP_8,South,,367.0,14.0,240,0,7.72,13.54,0,0,6.46
2024-11-13,SKU_3,WH_1,SUP_8,South,1.0,366.0,14.0,240,0,7.72,13.54,0,0,3.45
2024-11-14,SKU_3,WH_1,SUP_8,East,6.0,360.0,14.0,240,0,7.72,13.54,0,0,11.16
2024-11-15,SKU_3,WH_1,SUP_8,West,1.0,359.0,14.0,240,0,7.72,13.54,0,0,2.06
2024-11-16,SKU_3,WH_1,SUP_8,North,12.0,347.0,14.0,240,0,7.72,13.54,0,0,11.32
2024-11-17,SKU_3,WH_1,SUP_8,West,15.0,332.0,14.0,240,0,7.72,13.54,0,0,15.03
2024-11-18,SKU_3,WH_1,SUP_8,South,10.0,322.0,14.0,240,0,7.72,13.54,0,0,9.18
2024-11-19,SKU_3,WH_1,SUP_8,East,16.0,306.0,14.0,240,0,7.72,13.54,0,0,14.71
2024-11-20,SKU_3,WH_1,SUP_8,East,12.0,294.0,14.0,240,0,7.72,13.54,0,0,13.61
2024-11-21,SKU_3,WH_1,SUP_8,North,10.0,284.0,14.0,240,0,7.72,13.54,0,0,9.7
2024-11-22,SKU_3,WH_1,SUP_8,North,16.0,268.0,14.0,240,0,7.72,13.54,0,0,15.55
2024-11-23,SKU_3,WH_1,SUP_8,North,11.0,257.0,14.0,240,0,7.72,13.54,0,0,9.81
2024-11-24,SKU_3,WH_1,SUP_8,South,15.0,242.0,14.0,240,0,7.72,13.54,1,0,10.48
2024-11-25,SKU_3,WH_1,SUP_8,South,23.0,219.0,14.0,240,0,7.72,13.54,0,0,31.53
2024-11-26,SKU_3,WH_1,SUP_8,East,6.0,614.0,14.0,240,401,7.72,13.54,0,0,6.99
2024-11-27,SKU_3,WH_1,SUP_8,West,8.0,606.0,14.0,240,0,7.72,13.54,0,0,7.73
2024-11-28,SKU_3,WH_1,SUP_8,,16.0,590.0,14.0,240,0,7.72,13.54,0,0,
2024-11-29,SKU_3,WH_1,SUP_8,South,,568.0,14.0,240,0,7.72,13.54,0,0,19.4
2024-11-30,SKU_3,WH_1,SUP_8,East,20.0,548.0,14.0,240,0,7.72,13.54,0,0,19.62
2024-12-01,SKU_3,WH_1,SUP_8,North,8.0,540.0,14.0,240,0,7.72,13.54,0,0,5.64
2024-12-02,SKU_3,WH_1,SUP_8,South,27.0,513.0,14.0,240,0,7.72,13.54,1,0,23.03
2024-12-03,SKU_3,WH_1,SUP_8,South,16.0,497.0,14.0,240,0,7.72,13.54,0,0,8.98
2024-12-04,SKU_3,WH_1,SUP_8,North,29.0,468.0,14.0,240,0,7.72,13.54,1,0,31.16
2024-12-05,SKU_3,WH_1,SUP_8,West,15.0,453.0,14.0,240,0,7.72,13.54,0,0,16.95
2024-12-06,SKU_3,WH_1,SUP_8,East,25.0,428.0,,240,0,7.72,13.54,0,0,25.69
2024-12-07,SKU_3,WH_1,SUP_8,North,22.0,406.0,14.0,240,0,7.72,13.54,0,0,22.39
2024-12-08,SKU_3,WH_1,SUP_8,West,20.0,386.0,14.0,240,0,7.72,13.54,0,0,21.86
2024-12-09,SKU_3,WH_1,SUP_8,South,20.0,366.0,14.0,240,0,7.72,13.54,0,0,20.16
2024-12-10,SKU_3,WH_1,SUP_8,West,11.0,355.0,14.0,240,0,7.72,13.54,0,0,15.8
2024-12-11,SKU_3,WH_1,SUP_8,North,missing,333.0,14.0,240,0,7.72,13.54,0,0,22.0
2024-12-12,SKU_3,WH_1,SUP_8,South,22.0,311.0,14.0,240,0,7.72,13.54,0,0,21.12
2024-12-13,SKU_3,WH_1,SUP_8,East,26.0,285.0,14.0,240,0,7.72,13.54,0,0,26.05
2024-12-14,SKU_3,WH_1,SUP_8,,29.0,256.0,14.0,240,0,7.72,13.54,1,0,31.37
2024-12-15,SKU_3,WH_1,SUP_8,West,19.0,237.0,14.0,240,0,7.72,13.54,0,0,17.49
2024-12-16,SKU_3,WH_1,SUP_8,West,12.0,624.0,14.0,240,399,7.72,13.54,0,0,14.18
2024-12-17,SKU_3,WH_1,SUP_8,East,20.0,,14.0,240,0,7.72,13.54,0,0,22.19
2024-12-18,SKU_3,WH_1,SUP_8,South,13.0,591.0,14.0,240,0,7.72,13.54,0,0,8.62
2024-12-19,SKU_3,WH_1,SUP_8,East,19.0,572.0,,240,0,7.72,13.54,0,0,22.46
2024-12-20,SKU_3,WH_1,SUP_8,East,7.0,,14.0,240,0,7.72,13.54,0,0,9.18
2024-12-21,SKU_3,WH_1,SUP_8,South,25.0,540.0,14.0,240,0,7.72,13.54,0,0,22.85
2024-12-22,SKU_3,WH_1,SUP_8,North,10.0,530.0,14.0,240,0,7.72,13.54,0,0,7.24
2024-12-23,SKU_3,WH_1,SUP_8,West,32.0,498.0,14.0,240,0,7.72,13.54,1,0,35.47
2024-12-24,SKU_3,WH_1,SUP_8,East,17.0,481.0,14.0,240,0,7.72,13.54,0,0,
2024-12-25,SKU_3,WH_1,SUP_8,West,15.0,466.0,14.0,240,0,7.72,13.54,0,0,14.81
2024-12-26,SKU_3,WH_1,SUP_8,West,10.0,456.0,14.0,240,0,7.72,13.54,0,0,13.23
2024-12-27,SKU_3,WH_1,SUP_8,West,30.0,426.0,14.0,240,0,7.72,13.54,0,0,34.46
2024-12-28,SKU_3,WH_1,SUP_8,South,25.0,401.0,14.0,240,0,7.72,13.54,0,0,24.92
2024-12-29,SKU_3,WH_1,SUP_8,North,12.0,,14.0,240,0,7.72,13.54,0,0,13.41
2024-12-30,SKU_3,WH_1,SUP_8,East,22.0,367.0,,240,0,7.72,13.54,0,0,20.28
2024-01-01,SKU_3,WH_2,SUP_6,South,32.0,855.0,13.0,270,0,13.3,23.47,1,0,33.51
2024-01-02,SKU_3,WH_2,SUP_6,East,156.0,90.0,13.0,270,0,13.3,23.47,0,0,190.71368561041598
2024-01-03,SKU_3,WH_2,SUP_6,North,12.0,817.0,13.0,270,0,13.3,23.47,0,0,7.31
2024-01-04,SKU_3,WH_2,SUP_6,South,22.0,795.0,13.0,270,0,13.3,23.47,0,0,26.74
2024-01-05,SKU_3,WH_2,SUP_6,East,,769.0,13.0,270,0,13.3,23.47,0,0,26.27
2024-01-06,SKU_3,WH_2,SUP_6,North,,754.0,13.0,270,0,13.3,23.47,0,0,13.91
2024-01-07,SKU_3,WH_2,SUP_6,West,24.0,730.0,13.0,270,0,13.3,23.47,1,0,24.55
2024-01-08,SKU_3,WH_2,SUP_6,East,23.0,707.0,13.0,270,0,13.3,23.47,0,0,26.45
2024-01-09,SKU_3,WH_2,SUP_6,South,15.0,692.0,13.0,270,0,13.3,23.47,0,0,
2024-01-10,SKU_3,WH_2,SUP_6,,16.0,676.0,13.0,270,0,13.3,23.47,0,0,12.42
2024-01-11,SKU_3,WH_2,SUP_6,North,24.0,652.0,13.0,270,0,13.3,23.47,1,0,22.3
2024-01-12,SKU_3,WH_2,SUP_6,North,32.0,620.0,13.0,270,0,13.3,23.47,1,0,33.38
2024-01-13,SKU_3,WH_2,SUP_6,East,26.0,594.0,13.0,270,0,13.3,23.47,0,0,24.39
2024-01-14,SKU_3,WH_2,SUP_6,East,20.0,574.0,13.0,270,0,13.3,23.47,0,0,23.44
2024-01-15,SKU_3,WH_2,SUP_6,East,28.0,546.0,13.0,270,0,13.3,23.47,0,0,
2024-01-16,SKU_3,WH_2,SUP_6,North,28.0,518.0,13.0,270,0,13.3,23.47,0,0,26.57
2024-01-17,SKU_3,WH_2,SUP_6,,34.0,484.0,13.0,270,0,13.3,23.47,0,0,35.47
2024-01-18,SKU_3,WH_2,SUP_6,South,30.0,454.0,13.0,270,0,13.3,23.47,0,0,33.94
2024-01-19,SKU_3,WH_2,SUP_6,South,20.0,434.0,13.0,270,0,13.3,23.47,0,0,15.65
2024-01-20,SKU_3,WH_2,SUP_6,South,23.0,411.0,13.0,270,0,13.3,23.47,0,0,
2024-01-21,SKU_3,WH_2,SUP_6,??UNKNOWN??,31.0,380.0,13.0,270,0,13.3,23.47,0,0,25.63
2024-01-22,SKU_3,WH_2,SUP_6,North,18.0,362.0,13.0,270,0,13.3,23.47,0,0,16.41
2024-01-23,SKU_3,WH_2,SUP_6,,18.0,344.0,13.0,270,0,13.3,23.47,0,0,20.48
2024-01-24,SKU_3,WH_2,SUP_6,West,28.0,316.0,13.0,270,0,13.3,23.47,0,0,27.5
2024-01-25,SKU_3,WH_2,SUP_6,South,26.0,290.0,13.0,270,0,13.3,23.47,0,0,23.2
2024-01-26,SKU_3,WH_2,SUP_6,North,,270.0,,270,0,13.3,23.47,0,0,18.66
2024-01-27,SKU_3,WH_2,SUP_6,East,31.0,442.0,13.0,270,203,13.3,23.47,0,0,29.8
2024-01-28,SKU_3,WH_2,SUP_6,West,27.0,415.0,13.0,270,0,13.3,23.47,0,0,27.85
2024-01-29,SKU_3,WH_2,SUP_6,North,19.0,396.0,13.0,270,0,13.3,23.47,0,0,6.94
2024-01-30,SKU_3,WH_2,SUP_6,North,22.0,374.0,13.0,270,0,13.3,23.47,0,0,20.48
2024-01-31,SKU_3,WH_2,SUP_6,South,28.0,346.0,13.0,270,0,13.3,23.47,0,0,27.57
2024-02-01,SKU_3,WH_2,SUP_6,East,27.0,319.0,13.0,270,0,13.3,23.47,0,0,24.25
2024-02-02,SKU_3,WH_2,SUP_6,West,-19.0,-1.0,13.0,270,0,-13.3,-23.47,0,0,-20.97
2024-02-03,SKU_3,WH_2,SUP_6,East,32.0,268.0,13.0,270,0,13.3,23.47,0,0,30.59
2024-02-04,SKU_3,WH_2,SUP_6,North,17.0,464.0,13.0,270,213,13.3,23.47,0,0,19.35
2024-02-05,SKU_3,WH_2,SUP_6,South,19.0,445.0,13.0,270,0,13.3,23.47,0,0,24.66
2024-02-06,SKU_3,WH_2,SUP_6,East,28.0,417.0,13.0,270,0,13.3,23.47,1,0,29.58
2024-02-07,SKU_3,WH_2,SUP_6,South,28.0,389.0,13.0,270,0,13.3,23.47,1,0,28.65
2024-02-08,SKU_3,WH_2,SUP_6,East,28.0,361.0,13.0,270,0,13.3,23.47,0,0,20.64
2024-02-09,SKU_3,WH_2,SUP_6,South,23.0,338.0,13.0,270,0,13.3,23.47,0,0,32.12
2024-02-10,SKU_3,WH_2,SUP_6,East,24.0,314.0,13.0,270,0,13.3,23.47,0,0,22.56
2024-02-11,SKU_3,WH_2,SUP_6,South,32.0,282.0,13.0,270,0,13.3,23.47,0,0,35.37
2024-02-12,SKU_3,WH_2,SUP_6,North,21.0,261.0,13.0,270,0,13.3,23.47,0,0,17.93
2024-02-13,SKU_3,WH_2,SUP_6,North,28.0,451.0,,270,218,13.3,23.47,0,0,24.63
2024-02-14,SKU_3,WH_2,SUP_6,West,,418.0,13.0,270,0,13.3,23.47,0,0,27.58
2024-02-15,SKU_3,WH_2,SUP_6,West,22.0,396.0,13.0,270,0,13.3,23.47,0,0,
2024-02-16,SKU_3,WH_2,SUP_6,East,29.0,367.0,13.0,270,0,13.3,23.47,0,0,28.35
2024-02-17,SKU_3,WH_2,SUP_6,West,23.0,344.0,,270,0,13.3,23.47,0,0,19.98
2024-02-18,SKU_3,WH_2,SUP_6,South,21.0,323.0,13.0,270,0,13.3,23.47,0,0,19.0
2024-02-19,SKU_3,WH_2,SUP_6,South,31.0,292.0,13.0,270,0,13.3,23.47,0,0,32.77
2024-02-20,SKU_3,WH_2,SUP_6,North,27.0,265.0,13.0,270,0,13.3,23.47,0,0,31.29
2024-02-21,SKU_3,WH_2,SUP_6,West,32.0,565.0,13.0,270,332,13.3,23.47,0,0,33.1
2024-02-22,SKU_3,WH_2,SUP_6,South,34.0,531.0,13.0,270,0,13.3,23.47,0,0,34.51
2024-02-23,SKU_3,WH_2,SUP_6,South,26.0,505.0,13.0,270,0,13.3,23.47,0,0,
2024-02-24,SKU_3,WH_2,SUP_6,South,25.0,480.0,13.0,270,0,13.3,23.47,0,0,26.55
2024-02-25,SKU_3,WH_2,SUP_6,East,35.0,445.0,13.0,270,0,13.3,23.47,0,0,32.87
2024-02-26,SKU_3,WH_2,SUP_6,West,23.0,422.0,13.0,270,0,13.3,23.47,0,0,28.75
2024-02-27,SKU_3,WH_2,SUP_6,South,27.0,395.0,13.0,270,0,13.3,23.47,0,0,32.3
2024-02-28,SKU_3,WH_2,SUP_6,East,37.0,358.0,13.0,270,0,13.3,23.47,1,0,33.06
2024-02-29,SKU_3,WH_2,SUP_6,South,33.0,325.0,13.0,270,0,13.3,23.47,0,0,31.03
2024-03-01,SKU_3,WH_2,SUP_6,??UNKNOWN??,34.0,291.0,13.0,270,0,13.3,23.47,0,0,34.61
2024-03-02,SKU_3,WH_2,SUP_6,South,27.0,264.0,13.0,270,0,13.3,23.47,0,0,24.32
2024-03-03,SKU_3,WH_2,SUP_6,East,23.0,594.0,13.0,270,353,13.3,23.47,0,0,16.95
2024-03-04,SKU_3,WH_2,SUP_6,North,32.0,562.0,13.0,270,0,13.3,23.47,0,0,27.27
2024-03-05,SKU_3,WH_2,SUP_6,North,26.0,,13.0,270,0,13.3,23.47,0,0,26.29
2024-03-06,SKU_3,WH_2,SUP_6,East,30.0,506.0,13.0,270,0,13.3,23.47,0,0,27.52
2024-03-07,SKU_3,WH_2,SUP_6,East,29.0,477.0,13.0,270,0,13.3,23.47,0,0,31.75
2024-03-08,SKU_3,WH_2,SUP_6,??UNKNOWN??,28.0,449.0,13.0,270,0,13.3,23.47,0,0,34.53
2024-03-09,SKU_3,WH_2,SUP_6,East,41.0,408.0,13.0,270,0,13.3,23.47,1,0,40.75
2024-03-10,SKU_3,WH_2,SUP_6,South,29.0,379.0,13.0,270,0,13.3,23.47,0,0,31.04
2024-03-11,SKU_3,WH_2,SUP_6,North,45.0,334.0,13.0,270,0,13.3,23.47,1,0,39.57
2024-03-12,SKU_3,WH_2,SUP_6,East,33.0,301.0,13.0,270,0,13.3,23.47,0,0,42.71
2024-03-13,SKU_3,WH_2,SUP_6,West,30.0,271.0,13.0,270,0,13.3,23.47,0,0,25.66
2024-03-14,SKU_3,WH_2,SUP_6,West,29.0,242.0,,270,0,13.3,23.47,0,0,30.8
2024-03-15,SKU_3,WH_2,SUP_6,East,40.0,463.0,,270,261,13.3,23.47,0,0,43.61
2024-03-16,SKU_3,WH_2,SUP_6,East,26.0,437.0,13.0,270,0,13.3,23.47,0,0,27.2
2024-03-17,SKU_3,WH_2,SUP_6,East,26.0,411.0,,270,0,13.3,23.47,0,0,
2024-03-18,SKU_3,WH_2,SUP_6,West,,371.0,13.0,270,0,13.3,23.47,1,0,40.94
2024-03-19,SKU_3,WH_2,SUP_6,South,30.0,341.0,13.0,270,0,13.3,23.47,0,0,29.67
2024-03-20,SKU_3,WH_2,SUP_6,East,24.0,317.0,13.0,270,0,13.3,23.47,0,0,19.49
2024-03-21,SKU_3,WH_2,SUP_6,North,39.0,278.0,13.0,270,0,13.3,23.47,0,0,37.68
2024-03-22,SKU_3,WH_2,SUP_6,South,27.0,251.0,13.0,270,0,13.3,23.47,0,0,21.76
2024-03-23,SKU_3,WH_2,SUP_6,West,,470.0,,270,248,13.3,23.47,0,0,29.73
2024-03-24,SKU_3,WH_2,SUP_6,??UNKNOWN??,,445.0,13.0,270,0,13.3,23.47,0,0,22.94
2024-03-25,SKU_3,WH_2,SUP_6,,32.0,413.0,13.0,270,0,13.3,23.47,0,0,27.07
2024-03-26,SKU_3,WH_2,SUP_6,West,41.0,372.0,13.0,270,0,13.3,23.47,0,0,42.21
2024-03-27,SKU_3,WH_2,SUP_6,East,37.0,335.0,13.0,270,0,13.3,23.47,0,0,33.85
2024-03-28,SKU_3,WH_2,SUP_6,East,32.0,303.0,13.0,270,0,13.3,23.47,0,0,34.28
2024-03-29,SKU_3,WH_2,SUP_6,East,,278.0,13.0,270,0,13.3,23.47,0,0,22.03
2024-03-30,SKU_3,WH_2,SUP_6,North,25.0,253.0,13.0,270,0,13.3,23.47,0,0,22.73
2024-03-31,SKU_3,WH_2,SUP_6,West,31.0,438.0,13.0,270,216,13.3,23.47,0,0,34.07
2024-04-01,SKU_3,WH_2,SUP_6,East,38.0,400.0,13.0,270,0,13.3,23.47,0,0,42.25
2024-04-02,SKU_3,WH_2,SUP_6,West,35.0,365.0,13.0,270,0,13.3,23.47,1,0,37.14
2024-04-03,SKU_3,WH_2,SUP_6,East,28.0,337.0,13.0,270,0,13.3,23.47,0,0,
2024-04-04,SKU_3,WH_2,SUP_6,East,30.0,,,270,0,13.3,23.47,0,0,31.09
2024-04-05,SKU_3,WH_2,SUP_6,,26.0,281.0,13.0,270,0,13.3,23.47,0,0,26.06
2024-04-06,SKU_3,WH_2,SUP_6,South,31.0,250.0,13.0,270,0,13.3,23.47,0,0,30.67
2024-04-07,SKU_3,WH_2,SUP_6,West,31.0,516.0,13.0,270,297,13.3,23.47,0,0,31.55
2024-04-08,SKU_3,WH_2,SUP_6,South,39.0,477.0,13.0,270,0,13.3,23.47,0,0,39.25
2024-04-09,SKU_3,WH_2,SUP_6,West,22.0,455.0,13.0,270,0,13.3,23.47,0,0,24.98
2024-04-10,SKU_3,WH_2,SUP_6,North,18.0,437.0,13.0,270,0,13.3,23.47,0,0,16.76
2024-04-11,SKU_3,WH_2,SUP_6,East,32.0,405.0,13.0,270,0,13.3,23.47,0,0,30.91
2024-04-12,SKU_3,WH_2,SUP_6,East,29.0,376.0,13.0,270,0,13.3,23.47,0,0,30.32
2024-04-13,SKU_3,WH_2,SUP_6,,28.0,,13.0,270,0,13.3,23.47,0,0,27.53
2024-04-14,SKU_3,WH_2,SUP_6,East,31.0,317.0,13.0,270,0,13.3,23.47,0,0,31.3
2024-04-15,SKU_3,WH_2,SUP_6,West,39.0,278.0,13.0,270,0,13.3,23.47,1,0,36.99
2024-04-16,SKU_3,WH_2,SUP_6,East,33.0,245.0,13.0,270,0,13.3,23.47,0,0,
2024-04-17,SKU_3,WH_2,SUP_6,East,36.0,511.0,13.0,270,302,13.3,23.47,0,0,37.68
2024-04-18,SKU_3,WH_2,SUP_6,,32.0,479.0,13.0,270,0,13.3,23.47,0,0,34.79
2024-04-19,SKU_3,WH_2,SUP_6,East,35.0,444.0,13.0,270,0,13.3,23.47,0,0,40.28
2024-04-20,SKU_3,WH_2,SUP_6,West,32.0,412.0,,270,0,13.3,23.47,0,0,34.88
2024-04-21,SKU_3,WH_2,SUP_6,East,18.0,394.0,13.0,270,0,13.3,23.47,0,0,17.78
2024-04-22,SKU_3,WH_2,SUP_6,South,26.0,368.0,13.0,270,0,13.3,23.47,0,0,29.52
2024-04-23,SKU_3,WH_2,SUP_6,South,35.0,333.0,13.0,270,0,13.3,23.47,0,0,36.42
2024-04-24,SKU_3,WH_2,SUP_6,North,,,13.0,270,0,13.3,23.47,0,0,31.02
2024-04-25,SKU_3,WH_2,SUP_6,South,31.0,,13.0,270,0,13.3,23.47,0,0,33.92
2024-04-26,SKU_3,WH_2,SUP_6,South,25.0,743.0,13.0,270,498,13.3,23.47,0,0,26.25
2024-04-27,SKU_3,WH_2,SUP_6,South,29.0,714.0,13.0,270,0,13.3,23.47,0,0,28.33
2024-04-28,SKU_3,WH_2,SUP_6,North,29.0,685.0,13.0,270,0,13.3,23.47,0,0,29.99
2024-04-29,SKU_3,WH_2,SUP_6,East,40.0,645.0,13.0,270,0,13.3,23.47,0,0,40.64
2024-04-30,SKU_3,WH_2,SUP_6,West,missing,615.0,13.0,270,0,13.3,23.47,0,0,28.39
2024-05-01,SKU_3,WH_2,SUP_6,West,34.0,581.0,13.0,270,0,13.3,23.47,0,0,36.23
2024-05-02,SKU_3,WH_2,SUP_6,North,25.0,556.0,13.0,270,0,13.3,23.47,0,0,28.12
2024-05-03,SKU_3,WH_2,SUP_6,West,22.0,534.0,13.0,270,0,13.3,23.47,0,0,23.22
2024-05-04,SKU_3,WH_2,SUP_6,,18.0,516.0,13.0,270,0,13.3,23.47,0,0,N/A
2024-05-05,SKU_3,WH_2,SUP_6,North,37.0,479.0,13.0,270,0,13.3,23.47,0,0,38.05
2024-05-06,SKU_3,WH_2,SUP_6,East,44.0,435.0,13.0,270,0,13.3,23.47,0,0,48.03
2024-05-07,SKU_3,WH_2,SUP_6,North,31.0,404.0,13.0,270,0,13.3,23.47,0,0,28.05
2024-05-08,SKU_3,WH_2,SUP_6,West,28.0,376.0,13.0,270,0,13.3,23.47,0,0,30.58
2024-05-09,SKU_3,WH_2,SUP_6,North,25.0,351.0,13.0,270,0,13.3,23.47,0,0,33.79
2024-05-10,SKU_3,WH_2,SUP_6,West,31.0,320.0,13.0,270,0,13.3,23.47,0,0,30.84
2024-05-11,SKU_3,WH_2,SUP_6,South,28.0,292.0,13.0,270,0,13.3,23.47,0,0,26.62
2024-05-12,SKU_3,WH_2,SUP_6,North,35.0,257.0,13.0,270,0,13.3,23.47,0,0,41.58
2024-05-13,SKU_3,WH_2,SUP_6,West,29.0,520.0,13.0,270,292,13.3,23.47,0,0,30.1
2024-05-14,SKU_3,WH_2,SUP_6,North,28.0,492.0,13.0,270,0,13.3,23.47,0,0,31.93
2024-05-15,SKU_3,WH_2,SUP_6,North,48.0,444.0,13.0,270,0,13.3,23.47,1,0,46.13
2024-05-16,SKU_3,WH_2,SUP_6,West,31.0,,13.0,270,0,13.3,23.47,0,0,34.51
2024-05-17,SKU_3,WH_2,SUP_6,North,27.0,386.0,13.0,270,0,13.3,23.47,0,0,21.97
2024-05-18,SKU_3,WH_2,SUP_6,East,26.0,,13.0,270,0,13.3,23.47,0,0,27.65
2024-05-19,SKU_3,WH_2,SUP_6,South,22.0,338.0,13.0,270,0,13.3,23.47,0,0,24.28
2024-05-20,SKU_3,WH_2,SUP_6,West,24.0,314.0,13.0,270,0,13.3,23.47,0,0,21.87
2024-05-21,SKU_3,WH_2,SUP_6,East,30.0,284.0,13.0,270,0,13.3,23.47,0,0,32.78
2024-05-22,SKU_3,WH_2,SUP_6,South,25.0,259.0,,270,0,13.3,23.47,0,0,N/A
2024-05-23,SKU_3,WH_2,SUP_6,East,missing,501.0,13.0,270,272,13.3,23.47,0,0,
2024-05-24,SKU_3,WH_2,SUP_6,East,24.0,477.0,13.0,270,0,13.3,23.47,0,0,22.58
2024-05-25,SKU_3,WH_2,SUP_6,North,27.0,450.0,13.0,270,0,13.3,23.47,0,0,25.47
2024-05-26,SKU_3,WH_2,SUP_6,South,25.0,425.0,13.0,270,0,13.3,23.47,0,0,29.27
2024-05-27,SKU_3,WH_2,SUP_6,West,171.0,1218.0,13.0,270,0,13.3,23.47,0,0,75.1925116814652
2024-05-28,SKU_3,WH_2,SUP_6,South,21.0,385.0,13.0,270,0,13.3,23.47,0,0,23.12
2024-05-29,SKU_3,WH_2,SUP_6,South,24.0,361.0,13.0,270,0,13.3,23.47,0,0,24.33
2024-05-30,SKU_3,WH_2,SUP_6,East,29.0,332.0,,270,0,13.3,23.47,0,0,32.2
2024-05-31,SKU_3,WH_2,SUP_6,West,28.0,304.0,13.0,270,0,13.3,23.47,0,0,27.7
2024-06-01,SKU_3,WH_2,SUP_6,South,20.0,284.0,13.0,270,0,13.3,23.47,0,0,22.33
2024-06-02,SKU_3,WH_2,SUP_6,West,25.0,259.0,13.0,270,0,13.3,23.47,0,0,26.75
2024-06-03,SKU_3,WH_2,SUP_6,,40.0,490.0,13.0,270,271,13.3,23.47,1,0,41.52
2024-06-04,SKU_3,WH_2,SUP_6,East,32.0,458.0,13.0,270,0,13.3,23.47,0,0,34.68
2024-06-05,SKU_3,WH_2,SUP_6,South,21.0,437.0,13.0,270,0,13.3,23.47,0,0,20.75
2024-06-06,SKU_3,WH_2,SUP_6,East,27.0,410.0,13.0,270,0,13.3,23.47,1,0,29.28
2024-06-07,SKU_3,WH_2,SUP_6,South,23.0,387.0,13.0,270,0,13.3,23.47,0,0,24.3
2024-06-08,SKU_3,WH_2,SUP_6,North,20.0,367.0,13.0,270,0,13.3,23.47,0,0,24.98
2024-06-09,SKU_3,WH_2,SUP_6,East,21.0,346.0,13.0,270,0,13.3,23.47,0,0,14.1
2024-06-10,SKU_3,WH_2,SUP_6,South,14.0,332.0,13.0,270,0,13.3,23.47,0,0,12.88
2024-06-11,SKU_3,WH_2,SUP_6,South,23.0,309.0,13.0,270,0,13.3,23.47,1,0,21.15
2024-06-12,SKU_3,WH_2,SUP_6,North,20.0,289.0,13.0,270,0,13.3,23.47,0,0,18.43
2024-06-13,SKU_3,WH_2,SUP_6,East,17.0,272.0,13.0,270,0,13.3,23.47,0,0,13.86
2024-06-14,SKU_3,WH_2,SUP_6,South,23.0,249.0,13.0,270,0,13.3,23.47,0,0,20.15
2024-06-15,SKU_3,WH_2,SUP_6,North,21.0,573.0,13.0,270,345,13.3,23.47,0,0,21.88
2024-06-16,SKU_3,WH_2,SUP_6,North,24.0,549.0,13.0,270,0,13.3,23.47,0,0,24.37
2024-06-17,SKU_3,WH_2,SUP_6,South,30.0,519.0,13.0,270,0,13.3,23.47,0,0,29.33
2024-06-18,SKU_3,WH_2,SUP_6,East,17.0,502.0,13.0,270,0,13.3,23.47,0,0,16.01
2024-06-19,SKU_3,WH_2,SUP_6,South,17.0,485.0,13.0,270,0,13.3,23.47,0,0,21.55
2024-06-20,SKU_3,WH_2,SUP_6,East,14.0,,13.0,270,0,13.3,23.47,0,0,13.0
2024-06-21,SKU_3,WH_2,SUP_6,South,25.0,446.0,13.0,270,0,13.3,23.47,0,0,25.21
2024-06-22,SKU_3,WH_2,SUP_6,South,17.0,429.0,13.0,270,0,13.3,23.47,0,0,
2024-06-23,SKU_3,WH_2,SUP_6,West,16.0,413.0,13.0,270,0,13.3,23.47,0,0,16.17
2024-06-24,SKU_3,WH_2,SUP_6,North,23.0,390.0,13.0,270,0,13.3,23.47,0,0,25.35
2024-06-25,SKU_3,WH_2,SUP_6,East,15.0,375.0,13.0,270,0,13.3,23.47,0,0,16.94
2024-06-26,SKU_3,WH_2,SUP_6,South,26.0,349.0,13.0,270,0,13.3,23.47,0,0,33.87
2024-06-27,SKU_3,WH_2,SUP_6,South,15.0,334.0,13.0,270,0,13.3,23.47,0,0,12.84
2024-06-28,SKU_3,WH_2,SUP_6,West,,310.0,13.0,270,0,13.3,23.47,0,0,20.84
2024-06-29,SKU_3,WH_2,SUP_6,East,12.0,,13.0,270,0,13.3,23.47,0,0,17.67
2024-06-30,SKU_3,WH_2,SUP_6,North,15.0,283.0,13.0,270,0,13.3,23.47,0,0,16.91
2024-07-01,SKU_3,WH_2,SUP_6,North,,255.0,13.0,270,0,13.3,23.47,1,0,30.22
2024-07-02,SKU_3,WH_2,SUP_6,East,30.0,602.0,13.0,270,377,13.3,23.47,0,0,29.96
2024-07-03,SKU_3,WH_2,SUP_6,South,16.0,586.0,13.0,270,0,13.3,23.47,0,0,16.55
2024-07-04,SKU_3,WH_2,SUP_6,East,18.0,568.0,13.0,270,0,13.3,23.47,0,0,9.81
2024-07-05,SKU_3,WH_2,SUP_6,East,10.0,558.0,13.0,270,0,13.3,23.47,0,0,13.65
2024-07-06,SKU_3,WH_2,SUP_6,North,27.0,531.0,13.0,270,0,13.3,23.47,0,0,27.32
2024-07-07,SKU_3,WH_2,SUP_6,North,16.0,515.0,13.0,270,0,13.3,23.47,0,0,20.73
2024-07-08,SKU_3,WH_2,SUP_6,South,15.0,500.0,13.0,270,0,13.3,23.47,0,0,18.17
2024-07-09,SKU_3,WH_2,SUP_6,West,17.0,483.0,,270,0,13.3,23.47,0,0,8.5
2024-07-10,SKU_3,WH_2,SUP_6,South,25.0,458.0,13.0,270,0,13.3,23.47,0,0,24.31
2024-07-11,SKU_3,WH_2,SUP_6,North,19.0,439.0,13.0,270,0,13.3,23.47,0,0,14.87
2024-07-12,SKU_3,WH_2,SUP_6,North,19.0,420.0,13.0,270,0,13.3,23.47,0,0,
2024-07-13,SKU_3,WH_2,SUP_6,South,4.0,416.0,13.0,270,0,13.3,23.47,0,0,1.32
2024-07-14,SKU_3,WH_2,SUP_6,East,20.0,396.0,13.0,270,0,13.3,23.47,0,0,18.45
2024-07-15,SKU_3,WH_2,SUP_6,South,,371.0,13.0,270,0,13.3,23.47,0,0,22.78
2024-07-16,SKU_3,WH_2,SUP_6,South,33.0,338.0,13.0,270,0,13.3,23.47,0,0,39.24
2024-07-17,SKU_3,WH_2,SUP_6,South,,327.0,13.0,270,0,13.3,23.47,0,0,11.79
2024-07-18,SKU_3,WH_2,SUP_6,West,15.0,312.0,,270,0,13.3,23.47,0,0,15.26
2024-07-19,SKU_3,WH_2,SUP_6,North,17.0,295.0,,270,0,13.3,23.47,0,0,18.3
2024-07-20,SKU_3,WH_2,SUP_6,West,21.0,274.0,13.0,270,0,13.3,23.47,0,0,18.26
2024-07-21,SKU_3,WH_2,SUP_6,East,11.0,263.0,13.0,270,0,13.3,23.47,0,0,13.13
2024-07-22,SKU_3,WH_2,SUP_6,South,26.0,677.0,13.0,270,440,13.3,23.47,1,0,29.27
2024-07-23,SKU_3,WH_2,SUP_6,North,12.0,665.0,13.0,270,0,13.3,23.47,0,0,17.83
2024-07-24,SKU_3,WH_2,SUP_6,East,27.0,638.0,13.0,270,0,13.3,23.47,0,0,26.68
2024-07-25,SKU_3,WH_2,SUP_6,North,11.0,627.0,13.0,270,0,13.3,23.47,0,0,12.3
2024-07-26,SKU_3,WH_2,SUP_6,,16.0,611.0,13.0,270,0,13.3,23.47,0,0,16.36
2024-07-27,SKU_3,WH_2,SUP_6,North,20.0,591.0,,270,0,13.3,23.47,0,0,25.9
2024-07-28,SKU_3,WH_2,SUP_6,East,,580.0,,270,0,13.3,23.47,0,0,9.75
2024-07-29,SKU_3,WH_2,SUP_6,West,11.0,569.0,13.0,270,0,13.3,23.47,1,0,12.89
2024-07-30,SKU_3,WH_2,SUP_6,North,17.0,552.0,,270,0,13.3,23.47,0,0,20.13
2024-07-31,SKU_3,WH_2,SUP_6,,17.0,535.0,13.0,270,0,13.3,23.47,0,0,16.93
2024-08-01,SKU_3,WH_2,SUP_6,North,9.0,526.0,13.0,270,0,13.3,23.47,0,0,9.86
2024-08-02,SKU_3,WH_2,SUP_6,West,12.0,514.0,13.0,270,0,13.3,23.47,0,0,18.94
2024-08-03,SKU_3,WH_2,SUP_6,South,18.0,496.0,13.0,270,0,13.3,23.47,0,0,12.67
2024-08-04,SKU_3,WH_2,SUP_6,South,12.0,484.0,13.0,270,0,13.3,23.47,0,0,16.1
2024-08-05,SKU_3,WH_2,SUP_6,West,9.0,475.0,13.0,270,0,13.3,23.47,0,0,8.53
2024-08-06,SKU_3,WH_2,SUP_6,East,24.0,451.0,13.0,270,0,13.3,23.47,1,0,26.47
2024-08-07,SKU_3,WH_2,SUP_6,North,13.0,,13.0,270,0,13.3,23.47,0,0,22.55
2024-08-08,SKU_3,WH_2,SUP_6,South,8.0,430.0,13.0,270,0,13.3,23.47,0,0,7.92
2024-08-09,SKU_3,WH_2,SUP_6,East,2.0,428.0,13.0,270,0,13.3,23.47,0,0,3.61
2024-08-10,SKU_3,WH_2,SUP_6,North,1.0,427.0,13.0,270,0,13.3,23.47,0,0,3.1
2024-08-11,SKU_3,WH_2,SUP_6,West,8.0,419.0,13.0,270,0,13.3,23.47,0,0,9.11
2024-08-12,SKU_3,WH_2,SUP_6,East,13.0,406.0,13.0,270,0,13.3,23.47,0,0,13.69
2024-08-13,SKU_3,WH_2,SUP_6,North,15.0,391.0,13.0,270,0,13.3,23.47,0,0,12.81
2024-08-14,SKU_3,WH_2,SUP_6,East,10.0,381.0,13.0,270,0,13.3,23.47,0,0,10.27
2024-08-15,SKU_3,WH_2,SUP_6,West,16.0,365.0,13.0,270,0,13.3,23.47,0,0,18.25
2024-08-16,SKU_3,WH_2,SUP_6,West,missing,352.0,13.0,270,0,13.3,23.47,0,0,15.22
2024-08-17,SKU_3,WH_2,SUP_6,West,1.0,351.0,13.0,270,0,13.3,23.47,0,0,0.0
2024-08-18,SKU_3,WH_2,SUP_6,South,12.0,339.0,13.0,270,0,13.3,23.47,0,0,8.57
2024-08-19,SKU_3,WH_2,SUP_6,South,,339.0,13.0,270,0,13.3,23.47,0,0,2.62
2024-08-20,SKU_3,WH_2,SUP_6,West,15.0,324.0,13.0,270,0,13.3,23.47,0,0,15.12
2024-08-21,SKU_3,WH_2,SUP_6,,22.0,302.0,13.0,270,0,13.3,23.47,1,0,17.88
2024-08-22,SKU_3,WH_2,SUP_6,West,8.0,294.0,13.0,270,0,13.3,23.47,0,0,8.52
2024-08-23,SKU_3,WH_2,SUP_6,East,14.0,280.0,13.0,270,0,13.3,23.47,0,0,13.67
2024-08-24,SKU_3,WH_2,SUP_6,South,23.0,257.0,13.0,270,0,13.3,23.47,1,0,21.21
2024-08-25,SKU_3,WH_2,SUP_6,West,12.0,735.0,13.0,270,490,13.3,23.47,0,0,15.04
2024-08-26,SKU_3,WH_2,SUP_6,North,15.0,720.0,13.0,270,0,13.3,23.47,0,0,9.95
2024-08-27,SKU_3,WH_2,SUP_6,West,16.0,704.0,13.0,270,0,13.3,23.47,0,0,16.63
2024-08-28,SKU_3,WH_2,SUP_6,North,6.0,698.0,13.0,270,0,13.3,23.47,0,0,0.28
2024-08-29,SKU_3,WH_2,SUP_6,,0.0,698.0,13.0,270,0,13.3,23.47,0,0,6.21
2024-08-30,SKU_3,WH_2,SUP_6,,18.0,680.0,13.0,270,0,13.3,23.47,0,0,18.24
2024-08-31,SKU_3,WH_2,SUP_6,West,19.0,661.0,13.0,270,0,13.3,23.47,0,0,21.87
2024-09-01,SKU_3,WH_2,SUP_6,South,6.0,655.0,13.0,270,0,13.3,23.47,0,0,5.88
2024-09-02,SKU_3,WH_2,SUP_6,North,7.0,648.0,13.0,270,0,13.3,23.47,0,0,6.5
2024-09-03,SKU_3,WH_2,SUP_6,East,3.0,645.0,13.0,270,0,13.3,23.47,0,0,8.11
2024-09-04,SKU_3,WH_2,SUP_6,West,10.0,635.0,13.0,270,0,13.3,23.47,0,0,12.27
2024-09-05,SKU_3,WH_2,SUP_6,East,10.0,625.0,13.0,270,0,13.3,23.47,0,0,8.9
2024-09-06,SKU_3,WH_2,SUP_6,South,19.0,606.0,13.0,270,0,13.3,23.47,0,0,20.27
2024-09-07,SKU_3,WH_2,SUP_6,North,,593.0,13.0,270,0,13.3,23.47,1,0,13.19
2024-09-08,SKU_3,WH_2,SUP_6,West,15.0,578.0,13.0,270,0,13.3,23.47,0,0,14.79
2024-09-09,SKU_3,WH_2,SUP_6,East,20.0,558.0,13.0,270,0,13.3,23.47,0,0,19.79
2024-09-10,SKU_3,WH_2,SUP_6,North,15.0,543.0,13.0,270,0,13.3,23.47,1,0,
2024-09-11,SKU_3,WH_2,SUP_6,South,6.0,537.0,13.0,270,0,13.3,23.47,0,0,6.5
2024-09-12,SKU_3,WH_2,SUP_6,North,10.0,527.0,13.0,270,0,13.3,23.47,0,0,14.39
2024-09-13,SKU_3,WH_2,SUP_6,East,17.0,510.0,13.0,270,0,13.3,23.47,0,0,13.75
2024-09-14,SKU_3,WH_2,SUP_6,West,12.0,498.0,13.0,270,0,13.3,23.47,0,0,
2024-09-15,SKU_3,WH_2,SUP_6,,18.0,480.0,13.0,270,0,13.3,23.47,0,0,25.55
2024-09-16,SKU_3,WH_2,SUP_6,West,5.0,,13.0,270,0,13.3,23.47,0,0,5.33
2024-09-17,SKU_3,WH_2,SUP_6,,13.0,462.0,13.0,270,0,13.3,23.47,0,0,16.01
2024-09-18,SKU_3,WH_2,SUP_6,West,13.0,449.0,13.0,270,0,13.3,23.47,1,0,13.49
2024-09-19,SKU_3,WH_2,SUP_6,South,9.0,440.0,13.0,270,0,13.3,23.47,0,0,6.59
2024-09-20,SKU_3,WH_2,SUP_6,West,10.0,430.0,13.0,270,0,13.3,23.47,0,0,9.27
2024-09-21,SKU_3,WH_2,SUP_6,East,10.0,420.0,13.0,270,0,13.3,23.47,0,0,
2024-09-22,SKU_3,WH_2,SUP_6,West,14.0,406.0,13.0,270,0,13.3,23.47,0,0,10.17
2024-09-23,SKU_3,WH_2,SUP_6,South,16.0,390.0,13.0,270,0,13.3,23.47,1,0,14.74
2024-09-24,SKU_3,WH_2,SUP_6,South,13.0,377.0,13.0,270,0,13.3,23.47,0,0,15.88
2024-09-25,SKU_3,WH_2,SUP_6,South,12.0,365.0,13.0,270,0,13.3,23.47,0,0,13.45
2024-09-26,SKU_3,WH_2,SUP_6,South,5.0,360.0,13.0,270,0,13.3,23.47,0,0,6.05
2024-09-27,SKU_3,WH_2,SUP_6,North,14.0,346.0,13.0,270,0,13.3,23.47,0,0,11.37
2024-09-28,SKU_3,WH_2,SUP_6,East,2.0,344.0,13.0,270,0,13.3,23.47,0,0,
2024-09-29,SKU_3,WH_2,SUP_6,South,9.0,335.0,13.0,270,0,13.3,23.47,0,0,14.22
2024-09-30,SKU_3,WH_2,SUP_6,South,4.0,331.0,,270,0,13.3,23.47,0,0,0.0
2024-10-01,SKU_3,WH_2,SUP_6,North,15.0,316.0,13.0,270,0,13.3,23.47,0,0,16.23
2024-10-02,SKU_3,WH_2,SUP_6,West,0.0,,13.0,270,0,13.3,23.47,0,0,0.0
2024-10-03,SKU_3,WH_2,SUP_6,West,9.0,307.0,,270,0,13.3,23.47,1,0,14.3
2024-10-04,SKU_3,WH_2,SUP_6,North,0.0,307.0,13.0,270,0,13.3,23.47,0,0,0.0
2024-10-05,SKU_3,WH_2,SUP_6,South,9.0,298.0,13.0,270,0,13.3,23.47,0,0,5.78
2024-10-06,SKU_3,WH_2,SUP_6,South,16.0,282.0,13.0,270,0,13.3,23.47,0,0,15.86
2024-10-07,SKU_3,WH_2,SUP_6,North,7.0,275.0,13.0,270,0,13.3,23.47,0,0,4.98
2024-10-08,SKU_3,WH_2,SUP_6,East,6.0,269.0,13.0,270,0,13.3,23.47,1,0,9.9
2024-10-09,SKU_3,WH_2,SUP_6,South,15.0,683.0,13.0,270,429,13.3,23.47,0,0,12.12
2024-10-10,SKU_3,WH_2,SUP_6,South,11.0,672.0,13.0,270,0,13.3,23.47,0,0,11.1
2024-10-11,SKU_3,WH_2,SUP_6,East,0.0,672.0,13.0,270,0,13.3,23.47,1,0,0.0
2024-10-12,SKU_3,WH_2,SUP_6,North,11.0,661.0,13.0,270,0,13.3,23.47,0,0,10.29
2024-10-13,SKU_3,WH_2,SUP_6,West,17.0,644.0,13.0,270,0,13.3,23.47,0,0,25.89
2024-10-14,SKU_3,WH_2,SUP_6,North,17.0,627.0,13.0,270,0,13.3,23.47,0,0,17.56
2024-10-15,SKU_3,WH_2,SUP_6,South,19.0,608.0,13.0,270,0,13.3,23.47,0,0,24.49
2024-10-16,SKU_3,WH_2,SUP_6,East,10.0,598.0,13.0,270,0,13.3,23.47,0,0,5.51
2024-10-17,SKU_3,WH_2,SUP_6,West,14.0,,13.0,270,0,13.3,23.47,0,0,16.95
2024-10-18,SKU_3,WH_2,SUP_6,West,10.0,574.0,13.0,270,0,13.3,23.47,0,0,15.75
2024-10-19,SKU_3,WH_2,SUP_6,North,5.0,569.0,13.0,270,0,13.3,23.47,0,0,1.97
2024-10-20,SKU_3,WH_2,SUP_6,West,12.0,557.0,13.0,270,0,13.3,23.47,0,0,15.96
2024-10-21,SKU_3,WH_2,SUP_6,East,13.0,,13.0,270,0,13.3,23.47,0,0,16.51
2024-10-22,SKU_3,WH_2,SUP_6,South,4.0,540.0,13.0,270,0,13.3,23.47,0,0,4.17
2024-10-23,SKU_3,WH_2,SUP_6,West,,528.0,13.0,270,0,13.3,23.47,0,0,11.79
2024-10-24,SKU_3,WH_2,SUP_6,South,4.0,524.0,13.0,270,0,13.3,23.47,0,0,
2024-10-25,SKU_3,WH_2,SUP_6,South,14.0,,13.0,270,0,13.3,23.47,0,0,15.22
2024-10-26,SKU_3,WH_2,SUP_6,North,2.0,508.0,13.0,270,0,13.3,23.47,0,0,0.33
2024-10-27,SKU_3,WH_2,SUP_6,West,14.0,494.0,13.0,270,0,13.3,23.47,0,0,9.78
2024-10-28,SKU_3,WH_2,SUP_6,North,9.0,485.0,13.0,270,0,13.3,23.47,0,0,13.19
2024-10-29,SKU_3,WH_2,SUP_6,North,missing,474.0,13.0,270,0,13.3,23.47,0,0,7.56
2024-10-30,SKU_3,WH_2,SUP_6,South,7.0,467.0,13.0,270,0,13.3,23.47,0,0,6.54
2024-10-31,SKU_3,WH_2,SUP_6,South,7.0,460.0,13.0,270,0,13.3,23.47,0,0,
2024-11-01,SKU_3,WH_2,SUP_6,West,18.0,442.0,13.0,270,0,13.3,23.47,0,0,18.93
2024-11-02,SKU_3,WH_2,SUP_6,West,9.0,433.0,13.0,270,0,13.3,23.47,0,0,11.97
2024-11-03,SKU_3,WH_2,SUP_6,West,20.0,413.0,13.0,270,0,13.3,23.47,1,0,22.86
2024-11-04,SKU_3,WH_2,SUP_6,North,7.0,406.0,13.0,270,0,13.3,23.47,0,0,10.08
2024-11-05,SKU_3,WH_2,SUP_6,East,11.0,395.0,13.0,270,0,13.3,23.47,0,0,5.27
2024-11-06,SKU_3,WH_2,SUP_6,West,7.0,388.0,13.0,270,0,13.3,23.47,0,0,7.82
2024-11-07,SKU_3,WH_2,SUP_6,West,15.0,373.0,13.0,270,0,13.3,23.47,0,0,16.59
2024-11-08,SKU_3,WH_2,SUP_6,South,9.0,,13.0,270,0,13.3,23.47,0,0,6.27
2024-11-09,SKU_3,WH_2,SUP_6,North,,351.0,,270,0,13.3,23.47,1,0,12.16
2024-11-10,SKU_3,WH_2,SUP_6,North,16.0,335.0,13.0,270,0,13.3,23.47,0,0,17.56
2024-11-11,SKU_3,WH_2,SUP_6,East,14.0,321.0,13.0,270,0,13.3,23.47,0,0,7.76
2024-11-12,SKU_3,WH_2,SUP_6,,11.0,310.0,13.0,270,0,13.3,23.47,0,0,10.86
2024-11-13,SKU_3,WH_2,SUP_6,East,16.0,294.0,13.0,270,0,13.3,23.47,0,0,17.36
2024-11-14,SKU_3,WH_2,SUP_6,East,15.0,279.0,,270,0,13.3,23.47,0,0,14.11
2024-11-15,SKU_3,WH_2,SUP_6,North,11.0,268.0,13.0,270,0,13.3,23.47,0,0,9.87
2024-11-16,SKU_3,WH_2,SUP_6,,18.0,624.0,13.0,270,374,13.3,23.47,0,0,15.83
2024-11-17,SKU_3,WH_2,SUP_6,South,10.0,614.0,13.0,270,0,13.3,23.47,1,0,7.77
2024-11-18,SKU_3,WH_2,SUP_6,North,7.0,607.0,13.0,270,0,13.3,23.47,0,0,7.71
2024-11-19,SKU_3,WH_2,SUP_6,West,16.0,591.0,13.0,270,0,13.3,23.47,0,0,14.93
2024-11-20,SKU_3,WH_2,SUP_6,East,13.0,578.0,13.0,270,0,13.3,23.47,0,0,14.1
2024-11-21,SKU_3,WH_2,SUP_6,West,25.0,553.0,13.0,270,0,13.3,23.47,0,0,23.49
2024-11-22,SKU_3,WH_2,SUP_6,West,14.0,539.0,13.0,270,0,13.3,23.47,0,0,8.77
2024-11-23,SKU_3,WH_2,SUP_6,North,9.0,530.0,13.0,270,0,13.3,23.47,0,0,8.47
2024-11-24,SKU_3,WH_2,SUP_6,East,7.0,523.0,13.0,270,0,13.3,23.47,0,0,2.57
2024-11-25,SKU_3,WH_2,SUP_6,West,14.0,509.0,13.0,270,0,13.3,23.47,0,0,13.19
2024-11-26,SKU_3,WH_2,SUP_6,North,15.0,494.0,,270,0,13.3,23.47,0,0,10.81
2024-11-27,SKU_3,WH_2,SUP_6,South,18.0,476.0,13.0,270,0,13.3,23.47,0,0,19.28
2024-11-28,SKU_3,WH_2,SUP_6,North,22.0,454.0,13.0,270,0,13.3,23.47,0,0,26.12
2024-11-29,SKU_3,WH_2,SUP_6,West,11.0,443.0,13.0,270,0,13.3,23.47,0,0,17.83
2024-11-30,SKU_3,WH_2,SUP_6,North,8.0,435.0,13.0,270,0,13.3,23.47,0,0,8.42
2024-12-01,SKU_3,WH_2,SUP_6,West,18.0,417.0,13.0,270,0,13.3,23.47,0,0,18.22
2024-12-02,SKU_3,WH_2,SUP_6,North,18.0,399.0,13.0,270,0,13.3,23.47,0,0,19.02
2024-12-03,SKU_3,WH_2,SUP_6,North,2.0,397.0,13.0,270,0,13.3,23.47,0,0,3.16
2024-12-04,SKU_3,WH_2,SUP_6,West,10.0,387.0,13.0,270,0,13.3,23.47,0,0,9.83
2024-12-05,SKU_3,WH_2,SUP_6,,8.0,379.0,13.0,270,0,13.3,23.47,0,0,9.33
2024-12-06,SKU_3,WH_2,SUP_6,South,18.0,361.0,13.0,270,0,13.3,23.47,0,0,16.41
2024-12-07,SKU_3,WH_2,SUP_6,East,26.0,335.0,13.0,270,0,13.3,23.47,0,0,25.23
2024-12-08,SKU_3,WH_2,SUP_6,East,19.0,316.0,13.0,270,0,13.3,23.47,0,0,18.25
2024-12-09,SKU_3,WH_2,SUP_6,East,13.0,303.0,13.0,270,0,13.3,23.47,0,0,16.7
2024-12-10,SKU_3,WH_2,SUP_6,East,20.0,283.0,13.0,270,0,13.3,23.47,0,0,20.15
2024-12-11,SKU_3,WH_2,SUP_6,South,4.0,279.0,13.0,270,0,13.3,23.47,0,0,5.04
2024-12-12,SKU_3,WH_2,SUP_6,South,20.0,259.0,,270,0,13.3,23.47,0,0,21.07
2024-12-13,SKU_3,WH_2,SUP_6,North,16.0,719.0,13.0,270,476,13.3,23.47,0,0,18.01
2024-12-14,SKU_3,WH_2,SUP_6,South,20.0,699.0,13.0,270,0,13.3,23.47,0,0,20.57
2024-12-15,SKU_3,WH_2,SUP_6,East,14.0,685.0,13.0,270,0,13.3,23.47,0,0,19.26
2024-12-16,SKU_3,WH_2,SUP_6,North,18.0,667.0,13.0,270,0,13.3,23.47,0,0,20.03
2024-12-17,SKU_3,WH_2,SUP_6,South,11.0,656.0,,270,0,13.3,23.47,0,0,7.69
2024-12-18,SKU_3,WH_2,SUP_6,South,23.0,633.0,13.0,270,0,13.3,23.47,0,0,22.06
2024-12-19,SKU_3,WH_2,SUP_6,South,20.0,613.0,13.0,270,0,13.3,23.47,0,0,13.07
2024-12-20,SKU_3,WH_2,SUP_6,East,21.0,,13.0,270,0,13.3,23.47,0,0,24.43
2024-12-21,SKU_3,WH_2,SUP_6,North,16.0,576.0,13.0,270,0,13.3,23.47,0,0,16.88
2024-12-22,SKU_3,WH_2,SUP_6,East,24.0,552.0,13.0,270,0,13.3,23.47,0,0,29.7
2024-12-23,SKU_3,WH_2,SUP_6,North,23.0,529.0,13.0,270,0,13.3,23.47,0,0,24.86
2024-12-24,SKU_3,WH_2,SUP_6,North,23.0,506.0,13.0,270,0,13.3,23.47,0,0,20.61
2024-12-25,SKU_3,WH_2,SUP_6,North,23.0,483.0,13.0,270,0,13.3,23.47,0,0,28.71
2024-12-26,SKU_3,WH_2,SUP_6,South,21.0,462.0,13.0,270,0,13.3,23.47,0,0,20.47
2024-12-27,SKU_3,WH_2,SUP_6,East,3.0,459.0,13.0,270,0,13.3,23.47,0,0,0.48
2024-12-28,SKU_3,WH_2,SUP_6,North,12.0,447.0,13.0,270,0,13.3,23.47,0,0,6.18
2024-12-29,SKU_3,WH_2,SUP_6,West,15.0,432.0,13.0,270,0,13.3,23.47,0,0,19.28
2024-12-30,SKU_3,WH_2,SUP_6,North,13.0,419.0,13.0,270,0,13.3,23.47,0,0,13.5
2024-01-01,SKU_3,WH_3,SUP_8,North,14.0,973.0,9.0,249,0,6.21,9.91,0,0,13.94
2024-01-02,SKU_3,WH_3,SUP_8,East,22.0,951.0,,249,0,6.21,9.91,0,0,24.32
2024-01-03,SKU_3,WH_3,SUP_8,East,12.0,939.0,9.0,249,0,6.21,9.91,0,0,15.76
2024-01-04,SKU_3,WH_3,SUP_8,North,24.0,915.0,9.0,249,0,6.21,9.91,0,0,
2024-01-05,SKU_3,WH_3,SUP_8,West,23.0,892.0,9.0,249,0,6.21,9.91,0,0,19.34
2024-01-06,SKU_3,WH_3,SUP_8,North,17.0,875.0,9.0,249,0,6.21,9.91,0,0,9.72
2024-01-07,SKU_3,WH_3,SUP_8,North,missing,847.0,9.0,249,0,6.21,9.91,1,0,27.82
2024-01-08,SKU_3,WH_3,SUP_8,South,19.0,828.0,9.0,249,0,6.21,9.91,1,0,19.92
2024-01-09,SKU_3,WH_3,SUP_8,West,37.0,791.0,9.0,249,0,6.21,9.91,0,0,38.27
2024-01-10,SKU_3,WH_3,SUP_8,North,22.0,769.0,9.0,249,0,6.21,9.91,0,0,25.18
2024-01-11,SKU_3,WH_3,SUP_8,West,missing,749.0,9.0,249,0,6.21,9.91,0,0,21.89
2024-01-12,SKU_3,WH_3,SUP_8,East,25.0,724.0,9.0,249,0,6.21,9.91,0,0,26.02
2024-01-13,SKU_3,WH_3,SUP_8,South,31.0,693.0,,249,0,6.21,9.91,0,0,33.4
2024-01-14,SKU_3,WH_3,SUP_8,North,29.0,664.0,9.0,249,0,6.21,9.91,0,0,31.76
2024-01-15,SKU_3,WH_3,SUP_8,East,22.0,642.0,9.0,249,0,6.21,9.91,0,0,20.37
2024-01-16,SKU_3,WH_3,SUP_8,North,26.0,616.0,9.0,249,0,6.21,9.91,0,0,29.69
2024-01-17,SKU_3,WH_3,SUP_8,North,24.0,592.0,9.0,249,0,6.21,9.91,0,0,23.62
2024-01-18,SKU_3,WH_3,SUP_8,East,27.0,,9.0,249,0,6.21,9.91,0,0,
2024-01-19,SKU_3,WH_3,SUP_8,West,24.0,541.0,,249,0,6.21,9.91,1,0,31.97
2024-01-20,SKU_3,WH_3,SUP_8,South,25.0,516.0,,249,0,6.21,9.91,0,0,22.49
2024-01-21,SKU_3,WH_3,SUP_8,North,32.0,484.0,9.0,249,0,6.21,9.91,0,0,33.74
2024-01-22,SKU_3,WH_3,SUP_8,West,19.0,465.0,9.0,249,0,6.21,9.91,0,0,20.94
2024-01-23,SKU_3,WH_3,SUP_8,East,20.0,445.0,9.0,249,0,6.21,9.91,0,0,25.08
2024-01-24,SKU_3,WH_3,SUP_8,East,16.0,429.0,9.0,249,0,6.21,9.91,0,0,20.27
2024-01-25,SKU_3,WH_3,SUP_8,East,,413.0,9.0,249,0,6.21,9.91,0,0,13.51
2024-01-26,SKU_3,WH_3,SUP_8,West,13.0,400.0,9.0,249,0,6.21,9.91,0,0,10.13
2024-01-27,SKU_3,WH_3,SUP_8,North,30.0,370.0,9.0,249,0,6.21,9.91,0,0,28.65
2024-01-28,SKU_3,WH_3,SUP_8,East,22.0,348.0,9.0,249,0,6.21,9.91,0,0,19.37
2024-01-29,SKU_3,WH_3,SUP_8,West,27.0,321.0,9.0,249,0,6.21,9.91,1,0,18.71
2024-01-30,SKU_3,WH_3,SUP_8,East,19.0,,9.0,249,0,6.21,9.91,0,0,19.71
2024-01-31,SKU_3,WH_3,SUP_8,West,22.0,280.0,9.0,249,0,6.21,9.91,0,0,25.01
2024-02-01,SKU_3,WH_3,SUP_8,North,133.0,1566.0,9.0,249,0,6.21,9.91,0,0,142.9941991633939
2024-02-02,SKU_3,WH_3,SUP_8,East,24.0,237.0,9.0,249,0,6.21,9.91,0,0,26.57
2024-02-03,SKU_3,WH_3,SUP_8,West,26.0,515.0,9.0,249,304,6.21,9.91,0,0,
2024-02-04,SKU_3,WH_3,SUP_8,West,17.0,498.0,9.0,249,0,6.21,9.91,0,0,20.88
2024-02-05,SKU_3,WH_3,SUP_8,North,28.0,470.0,,249,0,6.21,9.91,0,0,24.3
2024-02-06,SKU_3,WH_3,SUP_8,East,11.0,459.0,9.0,249,0,6.21,9.91,0,0,10.39
2024-02-07,SKU_3,WH_3,SUP_8,North,20.0,439.0,9.0,249,0,6.21,9.91,0,0,19.37
2024-02-08,SKU_3,WH_3,SUP_8,South,24.0,415.0,9.0,249,0,6.21,9.91,0,0,25.22
2024-02-09,SKU_3,WH_3,SUP_8,North,22.0,,9.0,249,0,6.21,9.91,0,0,21.01
2024-02-10,SKU_3,WH_3,SUP_8,West,25.0,368.0,9.0,249,0,6.21,9.91,0,0,23.43
2024-02-11,SKU_3,WH_3,SUP_8,South,22.0,346.0,9.0,249,0,6.21,9.91,0,0,20.77
2024-02-12,SKU_3,WH_3,SUP_8,West,25.0,321.0,9.0,249,0,6.21,9.91,0,0,27.75
2024-02-13,SKU_3,WH_3,SUP_8,North,23.0,298.0,9.0,249,0,6.21,9.91,0,0,28.13
2024-02-14,SKU_3,WH_3,SUP_8,South,29.0,269.0,9.0,249,0,6.21,9.91,0,0,30.84
2024-02-15,SKU_3,WH_3,SUP_8,West,33.0,236.0,9.0,249,0,6.21,9.91,0,0,27.72
2024-02-16,SKU_3,WH_3,SUP_8,East,26.0,425.0,9.0,249,215,6.21,9.91,0,0,27.28
2024-02-17,SKU_3,WH_3,SUP_8,South,31.0,394.0,9.0,249,0,6.21,9.91,0,0,29.93
2024-02-18,SKU_3,WH_3,SUP_8,East,28.0,366.0,9.0,249,0,6.21,9.91,0,0,27.93
2024-02-19,SKU_3,WH_3,SUP_8,North,34.0,332.0,9.0,249,0,6.21,9.91,0,0,
2024-02-20,SKU_3,WH_3,SUP_8,North,27.0,305.0,9.0,249,0,6.21,9.91,0,0,28.37
2024-02-21,SKU_3,WH_3,SUP_8,East,31.0,274.0,9.0,249,0,6.21,9.91,0,0,34.47
2024-02-22,SKU_3,WH_3,SUP_8,South,27.0,247.0,9.0,249,0,6.21,9.91,0,0,24.03
2024-02-23,SKU_3,WH_3,SUP_8,North,27.0,524.0,9.0,249,304,6.21,9.91,0,0,26.2
2024-02-24,SKU_3,WH_3,SUP_8,North,35.0,489.0,9.0,249,0,6.21,9.91,0,0,35.77
2024-02-25,SKU_3,WH_3,SUP_8,,33.0,456.0,9.0,249,0,6.21,9.91,0,0,34.8
2024-02-26,SKU_3,WH_3,SUP_8,South,33.0,423.0,9.0,249,0,6.21,9.91,0,0,28.29
2024-02-27,SKU_3,WH_3,SUP_8,East,23.0,400.0,9.0,249,0,6.21,9.91,0,0,21.78
2024-02-28,SKU_3,WH_3,SUP_8,West,29.0,371.0,9.0,249,0,6.21,9.91,0,0,29.74
2024-02-29,SKU_3,WH_3,SUP_8,North,23.0,348.0,9.0,249,0,6.21,9.91,0,0,27.28
2024-03-01,SKU_3,WH_3,SUP_8,South,25.0,323.0,9.0,249,0,6.21,9.91,0,0,23.23
2024-03-02,SKU_3,WH_3,SUP_8,West,35.0,288.0,9.0,249,0,6.21,9.91,1,0,34.68
2024-03-03,SKU_3,WH_3,SUP_8,West,26.0,262.0,9.0,249,0,6.21,9.91,0,0,23.46
2024-03-04,SKU_3,WH_3,SUP_8,South,31.0,231.0,9.0,249,0,6.21,9.91,0,0,29.1
2024-03-05,SKU_3,WH_3,SUP_8,East,25.0,,9.0,249,403,6.21,9.91,0,0,25.85
2024-03-06,SKU_3,WH_3,SUP_8,,31.0,578.0,9.0,249,0,6.21,9.91,0,0,30.8
2024-03-07,SKU_3,WH_3,SUP_8,South,35.0,543.0,9.0,249,0,6.21,9.91,0,0,34.58
2024-03-08,SKU_3,WH_3,SUP_8,East,15.0,528.0,9.0,249,0,6.21,9.91,0,0,12.66
2024-03-09,SKU_3,WH_3,SUP_8,North,21.0,507.0,9.0,249,0,6.21,9.91,0,0,18.71
2024-03-10,SKU_3,WH_3,SUP_8,West,21.0,486.0,9.0,249,0,6.21,9.91,0,0,20.5
2024-03-11,SKU_3,WH_3,SUP_8,West,24.0,462.0,9.0,249,0,6.21,9.91,0,0,24.09
2024-03-12,SKU_3,WH_3,SUP_8,South,29.0,433.0,9.0,249,0,6.21,9.91,0,0,
2024-03-13,SKU_3,WH_3,SUP_8,North,35.0,398.0,9.0,249,0,6.21,9.91,0,0,38.64
2024-03-14,SKU_3,WH_3,SUP_8,South,33.0,365.0,9.0,249,0,6.21,9.91,0,0,30.39
2024-03-15,SKU_3,WH_3,SUP_8,East,35.0,330.0,9.0,249,0,6.21,9.91,1,0,34.33
2024-03-16,SKU_3,WH_3,SUP_8,East,28.0,302.0,9.0,249,0,6.21,9.91,0,0,25.58
2024-03-17,SKU_3,WH_3,SUP_8,North,36.0,266.0,9.0,249,0,6.21,9.91,1,0,36.45
2024-03-18,SKU_3,WH_3,SUP_8,West,27.0,239.0,9.0,249,0,6.21,9.91,0,0,24.39
2024-03-19,SKU_3,WH_3,SUP_8,East,27.0,610.0,9.0,249,398,6.21,9.91,0,0,27.52
2024-03-20,SKU_3,WH_3,SUP_8,West,36.0,574.0,9.0,249,0,6.21,9.91,0,0,36.66
2024-03-21,SKU_3,WH_3,SUP_8,North,28.0,546.0,9.0,249,0,6.21,9.91,0,0,31.09
2024-03-22,SKU_3,WH_3,SUP_8,,30.0,516.0,9.0,249,0,6.21,9.91,0,0,33.01
2024-03-23,SKU_3,WH_3,SUP_8,,34.0,482.0,9.0,249,0,6.21,9.91,0,0,32.9
2024-03-24,SKU_3,WH_3,SUP_8,North,37.0,445.0,9.0,249,0,6.21,9.91,0,0,35.62
2024-03-25,SKU_3,WH_3,SUP_8,North,27.0,418.0,9.0,249,0,6.21,9.91,0,0,25.15
2024-03-26,SKU_3,WH_3,SUP_8,West,26.0,392.0,9.0,249,0,6.21,9.91,0,0,24.17
2024-03-27,SKU_3,WH_3,SUP_8,West,24.0,368.0,9.0,249,0,6.21,9.91,0,0,25.06
2024-03-28,SKU_3,WH_3,SUP_8,East,23.0,345.0,9.0,249,0,6.21,9.91,0,0,27.35
2024-03-29,SKU_3,WH_3,SUP_8,,20.0,325.0,9.0,249,0,6.21,9.91,0,0,N/A
2024-03-30,SKU_3,WH_3,SUP_8,West,31.0,294.0,,249,0,6.21,9.91,0,0,29.6
2024-03-31,SKU_3,WH_3,SUP_8,East,32.0,262.0,9.0,249,0,6.21,9.91,0,0,
2024-04-01,SKU_3,WH_3,SUP_8,North,33.0,229.0,9.0,249,0,6.21,9.91,0,0,36.17
2024-04-02,SKU_3,WH_3,SUP_8,South,31.0,570.0,9.0,249,372,6.21,9.91,0,0,32.12
2024-04-03,SKU_3,WH_3,SUP_8,East,25.0,545.0,9.0,249,0,6.21,9.91,0,0,26.08
2024-04-04,SKU_3,WH_3,SUP_8,West,28.0,,9.0,249,0,6.21,9.91,0,0,21.72
2024-04-05,SKU_3,WH_3,SUP_8,West,26.0,491.0,,249,0,6.21,9.91,0,0,25.15
2024-04-06,SKU_3,WH_3,SUP_8,East,31.0,460.0,9.0,249,0,6.21,9.91,0,0,29.59
2024-04-07,SKU_3,WH_3,SUP_8,West,32.0,428.0,9.0,249,0,6.21,9.91,0,0,35.01
2024-04-08,SKU_3,WH_3,SUP_8,East,29.0,399.0,9.0,249,0,6.21,9.91,0,0,25.65
2024-04-09,SKU_3,WH_3,SUP_8,,40.0,359.0,9.0,249,0,6.21,9.91,1,0,43.56
2024-04-10,SKU_3,WH_3,SUP_8,South,29.0,330.0,9.0,249,0,6.21,9.91,0,0,28.1
2024-04-11,SKU_3,WH_3,SUP_8,South,23.0,307.0,9.0,249,0,6.21,9.91,1,0,24.91
2024-04-12,SKU_3,WH_3,SUP_8,East,26.0,281.0,9.0,249,0,6.21,9.91,0,0,28.72
2024-04-13,SKU_3,WH_3,SUP_8,West,28.0,253.0,9.0,249,0,6.21,9.91,0,0,
2024-04-14,SKU_3,WH_3,SUP_8,West,25.0,228.0,9.0,249,0,6.21,9.91,0,0,21.72
2024-04-15,SKU_3,WH_3,SUP_8,East,30.0,441.0,9.0,249,243,6.21,9.91,0,0,30.12
2024-04-16,SKU_3,WH_3,SUP_8,West,27.0,414.0,9.0,249,0,6.21,9.91,0,0,29.94
2024-04-17,SKU_3,WH_3,SUP_8,North,25.0,,9.0,249,0,6.21,9.91,0,0,25.52
2024-04-18,SKU_3,WH_3,SUP_8,South,,,9.0,249,0,6.21,9.91,1,0,39.55
2024-04-19,SKU_3,WH_3,SUP_8,North,33.0,315.0,9.0,249,0,6.21,9.91,0,0,
2024-04-20,SKU_3,WH_3,SUP_8,,,291.0,9.0,249,0,6.21,9.91,0,0,26.1
2024-04-21,SKU_3,WH_3,SUP_8,North,31.0,260.0,9.0,249,0,6.21,9.91,1,0,30.57
2024-04-22,SKU_3,WH_3,SUP_8,West,35.0,225.0,9.0,249,0,6.21,9.91,0,0,30.16
2024-04-23,SKU_3,WH_3,SUP_8,West,33.0,489.0,9.0,249,297,6.21,9.91,0,0,
2024-04-24,SKU_3,WH_3,SUP_8,East,missing,448.0,9.0,249,0,6.21,9.91,1,0,40.12
2024-04-25,SKU_3,WH_3,SUP_8,,28.0,420.0,9.0,249,0,6.21,9.91,0,0,23.93
2024-04-26,SKU_3,WH_3,SUP_8,West,35.0,385.0,9.0,249,0,6.21,9.91,0,0,36.31
2024-04-27,SKU_3,WH_3,SUP_8,,26.0,,9.0,249,0,6.21,9.91,0,0,24.08
2024-04-28,SKU_3,WH_3,SUP_8,West,44.0,315.0,9.0,249,0,6.21,9.91,1,0,40.78
2024-04-29,SKU_3,WH_3,SUP_8,North,,292.0,9.0,249,0,6.21,9.91,0,0,
2024-04-30,SKU_3,WH_3,SUP_8,North,25.0,267.0,9.0,249,0,6.21,9.91,0,0,23.75
2024-05-01,SKU_3,WH_3,SUP_8,,27.0,240.0,9.0,249,0,6.21,9.91,0,0,30.53
2024-05-02,SKU_3,WH_3,SUP_8,North,35.0,456.0,9.0,249,251,6.21,9.91,0,0,30.67
2024-05-03,SKU_3,WH_3,SUP_8,South,34.0,422.0,9.0,249,0,6.21,9.91,0,0,
2024-05-04,SKU_3,WH_3,SUP_8,West,25.0,397.0,9.0,249,0,6.21,9.91,0,0,22.2
2024-05-05,SKU_3,WH_3,SUP_8,South,22.0,375.0,9.0,249,0,6.21,9.91,0,0,24.54
2024-05-06,SKU_3,WH_3,SUP_8,East,30.0,345.0,9.0,249,0,6.21,9.91,0,0,27.62
2024-05-07,SKU_3,WH_3,SUP_8,East,31.0,314.0,9.0,249,0,6.21,9.91,0,0,32.26
2024-05-08,SKU_3,WH_3,SUP_8,North,37.0,277.0,9.0,249,0,6.21,9.91,0,0,43.7
2024-05-09,SKU_3,WH_3,SUP_8,East,27.0,250.0,,249,0,6.21,9.91,0,0,22.19
2024-05-10,SKU_3,WH_3,SUP_8,South,44.0,206.0,9.0,249,0,6.21,9.91,1,0,41.52
2024-05-11,SKU_3,WH_3,SUP_8,East,35.0,595.0,9.0,249,424,6.21,9.91,0,0,33.19
2024-05-12,SKU_3,WH_3,SUP_8,West,33.0,562.0,9.0,249,0,6.21,9.91,0,0,33.92
2024-05-13,SKU_3,WH_3,SUP_8,West,,531.0,9.0,249,0,6.21,9.91,1,0,29.25
2024-05-14,SKU_3,WH_3,SUP_8,North,25.0,506.0,9.0,249,0,6.21,9.91,0,0,21.79
2024-05-15,SKU_3,WH_3,SUP_8,West,20.0,486.0,9.0,249,0,6.21,9.91,0,0,20.12
2024-05-16,SKU_3,WH_3,SUP_8,East,28.0,458.0,9.0,249,0,6.21,9.91,1,0,24.58
2024-05-17,SKU_3,WH_3,SUP_8,South,50.0,408.0,9.0,249,0,6.21,9.91,1,0,49.91
2024-05-18,SKU_3,WH_3,SUP_8,South,27.0,381.0,9.0,249,0,6.21,9.91,0,0,28.43
2024-05-19,SKU_3,WH_3,SUP_8,South,26.0,355.0,9.0,249,0,6.21,9.91,0,0,29.55
2024-05-20,SKU_3,WH_3,SUP_8,South,,328.0,9.0,249,0,6.21,9.91,0,0,29.56
2024-05-21,SKU_3,WH_3,SUP_8,North,28.0,300.0,9.0,249,0,6.21,9.91,0,0,28.57
2024-05-22,SKU_3,WH_3,SUP_8,West,30.0,270.0,9.0,249,0,6.21,9.91,0,0,32.33
2024-05-23,SKU_3,WH_3,SUP_8,West,27.0,,,249,0,6.21,9.91,0,0,28.53
2024-05-24,SKU_3,WH_3,SUP_8,North,26.0,,9.0,249,287,6.21,9.91,0,0,28.99
2024-05-25,SKU_3,WH_3,SUP_8,West,23.0,481.0,9.0,249,0,6.21,9.91,0,0,23.25
2024-05-26,SKU_3,WH_3,SUP_8,East,23.0,458.0,9.0,249,0,6.21,9.91,0,0,28.67
2024-05-27,SKU_3,WH_3,SUP_8,North,30.0,428.0,9.0,249,0,6.21,9.91,0,0,31.27
2024-05-28,SKU_3,WH_3,SUP_8,South,28.0,400.0,9.0,249,0,6.21,9.91,0,0,29.96
2024-05-29,SKU_3,WH_3,SUP_8,East,17.0,,9.0,249,0,6.21,9.91,0,0,13.24
2024-05-30,SKU_3,WH_3,SUP_8,West,22.0,361.0,9.0,249,0,6.21,9.91,0,0,20.18
2024-05-31,SKU_3,WH_3,SUP_8,West,15.0,346.0,9.0,249,0,6.21,9.91,0,0,16.59
2024-06-01,SKU_3,WH_3,SUP_8,East,20.0,326.0,9.0,249,0,6.21,9.91,0,0,16.3
2024-06-02,SKU_3,WH_3,SUP_8,West,20.0,306.0,9.0,249,0,6.21,9.91,0,0,24.59
2024-06-03,SKU_3,WH_3,SUP_8,East,22.0,284.0,9.0,249,0,6.21,9.91,0,0,23.09
2024-06-04,SKU_3,WH_3,SUP_8,East,32.0,252.0,9.0,249,0,6.21,9.91,0,0,N/A
2024-06-05,SKU_3,WH_3,SUP_8,North,31.0,221.0,9.0,249,0,6.21,9.91,0,0,29.54
2024-06-06,SKU_3,WH_3,SUP_8,North,14.0,506.0,9.0,249,299,6.21,9.91,0,0,15.26
2024-06-07,SKU_3,WH_3,SUP_8,West,12.0,494.0,9.0,249,0,6.21,9.91,0,0,4.06
2024-06-08,SKU_3,WH_3,SUP_8,South,22.0,472.0,9.0,249,0,6.21,9.91,0,0,
2024-06-09,SKU_3,WH_3,SUP_8,West,20.0,452.0,9.0,249,0,6.21,9.91,0,0,14.37
2024-06-10,SKU_3,WH_3,SUP_8,,34.0,418.0,9.0,249,0,6.21,9.91,0,0,36.53
2024-06-11,SKU_3,WH_3,SUP_8,South,24.0,394.0,9.0,249,0,6.21,9.91,0,0,30.42
2024-06-12,SKU_3,WH_3,SUP_8,??UNKNOWN??,11.0,383.0,9.0,249,0,6.21,9.91,0,0,10.28
2024-06-13,SKU_3,WH_3,SUP_8,South,28.0,355.0,9.0,249,0,6.21,9.91,1,0,
2024-06-14,SKU_3,WH_3,SUP_8,South,17.0,338.0,9.0,249,0,6.21,9.91,0,0,20.77
2024-06-15,SKU_3,WH_3,SUP_8,North,18.0,320.0,,249,0,6.21,9.91,0,0,19.68
2024-06-16,SKU_3,WH_3,SUP_8,East,24.0,296.0,9.0,249,0,6.21,9.91,0,0,25.9
2024-06-17,SKU_3,WH_3,SUP_8,South,28.0,268.0,9.0,249,0,6.21,9.91,0,0,28.44
2024-06-18,SKU_3,WH_3,SUP_8,West,16.0,,9.0,249,0,6.21,9.91,0,0,16.24
2024-06-19,SKU_3,WH_3,SUP_8,South,15.0,237.0,9.0,249,0,6.21,9.91,0,0,15.77
2024-06-20,SKU_3,WH_3,SUP_8,,,610.0,9.0,249,408,6.21,9.91,1,0,34.56
2024-06-21,SKU_3,WH_3,SUP_8,North,26.0,584.0,9.0,249,0,6.21,9.91,0,0,
2024-06-22,SKU_3,WH_3,SUP_8,South,20.0,564.0,9.0,249,0,6.21,9.91,0,0,21.57
2024-06-23,SKU_3,WH_3,SUP_8,North,22.0,542.0,9.0,249,0,6.21,9.91,0,0,20.33
2024-06-24,SKU_3,WH_3,SUP_8,East,22.0,520.0,9.0,249,0,6.21,9.91,0,0,22.5
2024-06-25,SKU_3,WH_3,SUP_8,South,21.0,499.0,9.0,249,0,6.21,9.91,0,0,26.96
2024-06-26,SKU_3,WH_3,SUP_8,North,13.0,486.0,9.0,249,0,6.21,9.91,0,0,13.97
2024-06-27,SKU_3,WH_3,SUP_8,North,18.0,468.0,9.0,249,0,6.21,9.91,0,0,20.72
2024-06-28,SKU_3,WH_3,SUP_8,West,26.0,442.0,9.0,249,0,6.21,9.91,0,0,23.88
2024-06-29,SKU_3,WH_3,SUP_8,North,20.0,422.0,9.0,249,0,6.21,9.91,0,0,21.52
2024-06-30,SKU_3,WH_3,SUP_8,North,19.0,403.0,9.0,249,0,6.21,9.91,0,0,17.44
2024-07-01,SKU_3,WH_3,SUP_8,North,21.0,382.0,9.0,249,0,6.21,9.91,0,0,26.42
2024-07-02,SKU_3,WH_3,SUP_8,West,25.0,357.0,9.0,249,0,6.21,9.91,0,0,22.77
2024-07-03,SKU_3,WH_3,SUP_8,East,19.0,338.0,9.0,249,0,6.21,9.91,0,0,14.45
2024-07-04,SKU_3,WH_3,SUP_8,North,18.0,320.0,9.0,249,0,6.21,9.91,1,0,24.27
2024-07-05,SKU_3,WH_3,SUP_8,West,18.0,302.0,9.0,249,0,6.21,9.91,0,0,20.94
2024-07-06,SKU_3,WH_3,SUP_8,West,18.0,284.0,9.0,249,0,6.21,9.91,0,0,22.55
2024-07-07,SKU_3,WH_3,SUP_8,West,21.0,263.0,9.0,249,0,6.21,9.91,0,0,19.02
2024-07-08,SKU_3,WH_3,SUP_8,West,19.0,244.0,9.0,249,0,6.21,9.91,0,0,20.54
2024-07-09,SKU_3,WH_3,SUP_8,North,15.0,603.0,9.0,249,374,6.21,9.91,0,0,12.92
2024-07-10,SKU_3,WH_3,SUP_8,South,16.0,587.0,9.0,249,0,6.21,9.91,0,0,11.41
2024-07-11,SKU_3,WH_3,SUP_8,South,15.0,572.0,9.0,249,0,6.21,9.91,0,0,11.75
2024-07-12,SKU_3,WH_3,SUP_8,South,20.0,552.0,9.0,249,0,6.21,9.91,0,0,24.67
2024-07-13,SKU_3,WH_3,SUP_8,North,16.0,,9.0,249,0,6.21,9.91,0,0,19.78
2024-07-14,SKU_3,WH_3,SUP_8,East,17.0,519.0,9.0,249,0,6.21,9.91,0,0,20.95
2024-07-15,SKU_3,WH_3,SUP_8,West,24.0,495.0,9.0,249,0,6.21,9.91,0,0,23.33
2024-07-16,SKU_3,WH_3,SUP_8,South,22.0,473.0,,249,0,6.21,9.91,1,0,22.67
2024-07-17,SKU_3,WH_3,SUP_8,South,17.0,456.0,9.0,249,0,6.21,9.91,0,0,14.36
2024-07-18,SKU_3,WH_3,SUP_8,South,25.0,431.0,9.0,249,0,6.21,9.91,0,0,27.18
2024-07-19,SKU_3,WH_3,SUP_8,East,12.0,419.0,9.0,249,0,6.21,9.91,0,0,9.16
2024-07-20,SKU_3,WH_3,SUP_8,West,7.0,412.0,9.0,249,0,6.21,9.91,0,0,1.9
2024-07-21,SKU_3,WH_3,SUP_8,South,23.0,389.0,9.0,249,0,6.21,9.91,0,0,25.34
2024-07-22,SKU_3,WH_3,SUP_8,North,18.0,371.0,9.0,249,0,6.21,9.91,0,0,21.51
2024-07-23,SKU_3,WH_3,SUP_8,South,7.0,364.0,9.0,249,0,6.21,9.91,0,0,1.78
2024-07-24,SKU_3,WH_3,SUP_8,West,14.0,350.0,9.0,249,0,6.21,9.91,0,0,13.32
2024-07-25,SKU_3,WH_3,SUP_8,West,0.0,350.0,9.0,249,0,6.21,9.91,1,0,1.02
2024-07-26,SKU_3,WH_3,SUP_8,South,23.0,327.0,9.0,249,0,6.21,9.91,0,0,25.58
2024-07-27,SKU_3,WH_3,SUP_8,West,15.0,312.0,,249,0,6.21,9.91,0,0,12.74
2024-07-28,SKU_3,WH_3,SUP_8,West,18.0,294.0,9.0,249,0,6.21,9.91,0,0,16.92
2024-07-29,SKU_3,WH_3,SUP_8,West,19.0,275.0,9.0,249,0,6.21,9.91,0,0,16.2
2024-07-30,SKU_3,WH_3,SUP_8,South,31.0,244.0,9.0,249,0,6.21,9.91,1,0,
2024-07-31,SKU_3,WH_3,SUP_8,West,19.0,508.0,9.0,249,283,6.21,9.91,0,0,
2024-08-01,SKU_3,WH_3,SUP_8,South,19.0,489.0,9.0,249,0,6.21,9.91,0,0,22.53
2024-08-02,SKU_3,WH_3,SUP_8,North,21.0,468.0,9.0,249,0,6.21,9.91,0,0,19.41
2024-08-03,SKU_3,WH_3,SUP_8,South,11.0,457.0,9.0,249,0,6.21,9.91,0,0,11.13
2024-08-04,SKU_3,WH_3,SUP_8,West,16.0,441.0,9.0,249,0,6.21,9.91,0,0,14.06
2024-08-05,SKU_3,WH_3,SUP_8,West,12.0,429.0,9.0,249,0,6.21,9.91,0,0,12.2
2024-08-06,SKU_3,WH_3,SUP_8,West,11.0,418.0,9.0,249,0,6.21,9.91,0,0,11.8
2024-08-07,SKU_3,WH_3,SUP_8,,15.0,403.0,9.0,249,0,6.21,9.91,0,0,
2024-08-08,SKU_3,WH_3,SUP_8,South,22.0,381.0,9.0,249,0,6.21,9.91,0,0,18.3
2024-08-09,SKU_3,WH_3,SUP_8,North,10.0,371.0,9.0,249,0,6.21,9.91,0,0,11.59
2024-08-10,SKU_3,WH_3,SUP_8,North,11.0,,9.0,249,0,6.21,9.91,0,0,5.32
2024-08-11,SKU_3,WH_3,SUP_8,East,4.0,356.0,9.0,249,0,6.21,9.91,0,0,7.66
2024-08-12,SKU_3,WH_3,SUP_8,East,8.0,348.0,9.0,249,0,6.21,9.91,0,0,8.58
2024-08-13,SKU_3,WH_3,SUP_8,,20.0,328.0,9.0,249,0,6.21,9.91,0,0,19.86
2024-08-14,SKU_3,WH_3,SUP_8,East,12.0,316.0,9.0,249,0,6.21,9.91,0,0,11.15
2024-08-15,SKU_3,WH_3,SUP_8,East,10.0,306.0,9.0,249,0,6.21,9.91,0,0,12.15
2024-08-16,SKU_3,WH_3,SUP_8,South,19.0,287.0,9.0,249,0,6.21,9.91,0,0,22.05
2024-08-17,SKU_3,WH_3,SUP_8,South,11.0,276.0,9.0,249,0,6.21,9.91,0,0,8.19
2024-08-18,SKU_3,WH_3,SUP_8,East,10.0,266.0,9.0,249,0,6.21,9.91,1,0,9.78
2024-08-19,SKU_3,WH_3,SUP_8,East,5.0,261.0,9.0,249,0,6.21,9.91,0,0,5.96
2024-08-20,SKU_3,WH_3,SUP_8,North,9.0,252.0,9.0,249,0,6.21,9.91,0,0,8.98
2024-08-21,SKU_3,WH_3,SUP_8,West,12.0,240.0,9.0,249,0,6.21,9.91,0,0,11.47
2024-08-22,SKU_3,WH_3,SUP_8,South,15.0,654.0,9.0,249,429,6.21,9.91,0,0,12.74
2024-08-23,SKU_3,WH_3,SUP_8,South,14.0,640.0,9.0,249,0,6.21,9.91,1,0,12.49
2024-08-24,SKU_3,WH_3,SUP_8,,15.0,625.0,9.0,249,0,6.21,9.91,0,0,15.04
2024-08-25,SKU_3,WH_3,SUP_8,East,14.0,,9.0,249,0,6.21,9.91,0,0,18.92
2024-08-26,SKU_3,WH_3,SUP_8,North,4.0,607.0,9.0,249,0,6.21,9.91,0,0,3.51
2024-08-27,SKU_3,WH_3,SUP_8,East,13.0,594.0,9.0,249,0,6.21,9.91,0,0,12.21
2024-08-28,SKU_3,WH_3,SUP_8,West,16.0,578.0,9.0,249,0,6.21,9.91,0,0,14.79
2024-08-29,SKU_3,WH_3,SUP_8,East,9.0,569.0,9.0,249,0,6.21,9.91,0,0,5.16
2024-08-30,SKU_3,WH_3,SUP_8,East,10.0,559.0,9.0,249,0,6.21,9.91,0,0,10.34
2024-08-31,SKU_3,WH_3,SUP_8,West,15.0,544.0,,249,0,6.21,9.91,0,0,14.05
2024-09-01,SKU_3,WH_3,SUP_8,West,27.0,517.0,9.0,249,0,6.21,9.91,1,0,27.0
2024-09-02,SKU_3,WH_3,SUP_8,East,10.0,507.0,9.0,249,0,6.21,9.91,0,0,10.35
2024-09-03,SKU_3,WH_3,SUP_8,East,19.0,488.0,9.0,249,0,6.21,9.91,0,0,16.04
2024-09-04,SKU_3,WH_3,SUP_8,North,6.0,482.0,9.0,249,0,6.21,9.91,0,0,5.54
2024-09-05,SKU_3,WH_3,SUP_8,South,13.0,469.0,9.0,249,0,6.21,9.91,0,0,15.84
2024-09-06,SKU_3,WH_3,SUP_8,East,7.0,462.0,9.0,249,0,6.21,9.91,0,0,2.69
2024-09-07,SKU_3,WH_3,SUP_8,North,18.0,444.0,9.0,249,0,6.21,9.91,0,0,18.85
2024-09-08,SKU_3,WH_3,SUP_8,West,9.0,435.0,9.0,249,0,6.21,9.91,0,0,13.66
2024-09-09,SKU_3,WH_3,SUP_8,East,7.0,428.0,9.0,249,0,6.21,9.91,0,0,6.35
2024-09-10,SKU_3,WH_3,SUP_8,East,6.0,422.0,9.0,249,0,6.21,9.91,0,0,10.34
2024-09-11,SKU_3,WH_3,SUP_8,West,8.0,414.0,9.0,249,0,6.21,9.91,0,0,15.26
2024-09-12,SKU_3,WH_3,SUP_8,South,13.0,401.0,9.0,249,0,6.21,9.91,0,0,13.4
2024-09-13,SKU_3,WH_3,SUP_8,??UNKNOWN??,13.0,388.0,9.0,249,0,6.21,9.91,1,0,11.95
2024-09-14,SKU_3,WH_3,SUP_8,South,14.0,374.0,9.0,249,0,6.21,9.91,0,0,14.3
2024-09-15,SKU_3,WH_3,SUP_8,North,7.0,367.0,9.0,249,0,6.21,9.91,0,0,6.88
2024-09-16,SKU_3,WH_3,SUP_8,East,5.0,362.0,9.0,249,0,6.21,9.91,0,0,8.67
2024-09-17,SKU_3,WH_3,SUP_8,North,12.0,350.0,9.0,249,0,6.21,9.91,0,0,15.38
2024-09-18,SKU_3,WH_3,SUP_8,South,2.0,348.0,9.0,249,0,6.21,9.91,0,0,0.0
2024-09-19,SKU_3,WH_3,SUP_8,South,5.0,343.0,9.0,249,0,6.21,9.91,0,0,7.79
2024-09-20,SKU_3,WH_3,SUP_8,,14.0,329.0,9.0,249,0,6.21,9.91,1,0,13.98
2024-09-21,SKU_3,WH_3,SUP_8,West,6.0,323.0,9.0,249,0,6.21,9.91,0,0,3.79
2024-09-22,SKU_3,WH_3,SUP_8,West,7.0,316.0,9.0,249,0,6.21,9.91,0,0,6.79
2024-09-23,SKU_3,WH_3,SUP_8,West,1.0,,9.0,249,0,6.21,9.91,0,0,1.36
2024-09-24,SKU_3,WH_3,SUP_8,East,9.0,306.0,9.0,249,0,6.21,9.91,0,0,5.29
2024-09-25,SKU_3,WH_3,SUP_8,East,,297.0,9.0,249,0,6.21,9.91,0,0,11.68
2024-09-26,SKU_3,WH_3,SUP_8,West,13.0,284.0,9.0,249,0,6.21,9.91,1,0,16.54
2024-09-27,SKU_3,WH_3,SUP_8,North,0.0,284.0,9.0,249,0,6.21,9.91,1,0,0.0
2024-09-28,SKU_3,WH_3,SUP_8,North,13.0,271.0,9.0,249,0,6.21,9.91,0,0,15.32
2024-09-29,SKU_3,WH_3,SUP_8,West,9.0,262.0,9.0,249,0,6.21,9.91,0,0,9.34
2024-09-30,SKU_3,WH_3,SUP_8,West,14.0,248.0,9.0,249,0,6.21,9.91,0,0,10.29
2024-10-01,SKU_3,WH_3,SUP_8,West,6.0,709.0,,249,467,6.21,9.91,1,0,0.87
2024-10-02,SKU_3,WH_3,SUP_8,South,0.0,709.0,9.0,249,0,6.21,9.91,1,0,0.14
2024-10-03,SKU_3,WH_3,SUP_8,North,10.0,699.0,9.0,249,0,6.21,9.91,0,0,17.07
2024-10-04,SKU_3,WH_3,SUP_8,North,10.0,689.0,9.0,249,0,6.21,9.91,0,0,13.83
2024-10-05,SKU_3,WH_3,SUP_8,South,5.0,684.0,9.0,249,0,6.21,9.91,0,0,3.29
2024-10-06,SKU_3,WH_3,SUP_8,,12.0,672.0,9.0,249,0,6.21,9.91,0,0,14.89
2024-10-07,SKU_3,WH_3,SUP_8,South,13.0,659.0,9.0,249,0,6.21,9.91,0,0,13.47
2024-10-08,SKU_3,WH_3,SUP_8,East,0.0,659.0,9.0,249,0,6.21,9.91,0,0,0.0
2024-10-09,SKU_3,WH_3,SUP_8,East,17.0,642.0,9.0,249,0,6.21,9.91,0,0,12.74
2024-10-10,SKU_3,WH_3,SUP_8,South,22.0,620.0,9.0,249,0,6.21,9.91,0,0,23.65
2024-10-11,SKU_3,WH_3,SUP_8,South,19.0,601.0,,249,0,6.21,9.91,1,0,22.46
2024-10-12,SKU_3,WH_3,SUP_8,East,10.0,591.0,9.0,249,0,6.21,9.91,0,0,11.16
2024-10-13,SKU_3,WH_3,SUP_8,East,19.0,572.0,9.0,249,0,6.21,9.91,0,0,19.58
2024-10-14,SKU_3,WH_3,SUP_8,East,15.0,557.0,9.0,249,0,6.21,9.91,0,0,16.45
2024-10-15,SKU_3,WH_3,SUP_8,South,,549.0,9.0,249,0,6.21,9.91,0,0,7.21
2024-10-16,SKU_3,WH_3,SUP_8,North,11.0,538.0,9.0,249,0,6.21,9.91,0,0,
2024-10-17,SKU_3,WH_3,SUP_8,West,13.0,525.0,9.0,249,0,6.21,9.91,0,0,14.89
2024-10-18,SKU_3,WH_3,SUP_8,North,12.0,513.0,9.0,249,0,6.21,9.91,0,0,12.43
2024-10-19,SKU_3,WH_3,SUP_8,West,9.0,504.0,9.0,249,0,6.21,9.91,0,0,N/A
2024-10-20,SKU_3,WH_3,SUP_8,West,8.0,496.0,9.0,249,0,6.21,9.91,0,0,13.34
2024-10-21,SKU_3,WH_3,SUP_8,East,12.0,484.0,9.0,249,0,6.21,9.91,0,0,17.34
2024-10-22,SKU_3,WH_3,SUP_8,West,3.0,481.0,,249,0,6.21,9.91,0,0,0.0
2024-10-23,SKU_3,WH_3,SUP_8,East,16.0,465.0,9.0,249,0,6.21,9.91,1,0,
2024-10-24,SKU_3,WH_3,SUP_8,East,17.0,448.0,9.0,249,0,6.21,9.91,0,0,8.99
2024-10-25,SKU_3,WH_3,SUP_8,South,2.0,446.0,9.0,249,0,6.21,9.91,1,0,
2024-10-26,SKU_3,WH_3,SUP_8,North,6.0,440.0,9.0,249,0,6.21,9.91,0,0,4.98
2024-10-27,SKU_3,WH_3,SUP_8,,15.0,425.0,9.0,249,0,6.21,9.91,0,0,13.85
2024-10-28,SKU_3,WH_3,SUP_8,West,7.0,418.0,9.0,249,0,6.21,9.91,0,0,7.12
2024-10-29,SKU_3,WH_3,SUP_8,??UNKNOWN??,5.0,413.0,9.0,249,0,6.21,9.91,1,0,7.2
2024-10-30,SKU_3,WH_3,SUP_8,South,5.0,408.0,9.0,249,0,6.21,9.91,0,0,1.36
2024-10-31,SKU_3,WH_3,SUP_8,South,9.0,399.0,9.0,249,0,6.21,9.91,0,0,7.53
2024-11-01,SKU_3,WH_3,SUP_8,West,13.0,386.0,9.0,249,0,6.21,9.91,0,0,14.78
2024-11-02,SKU_3,WH_3,SUP_8,South,0.0,386.0,9.0,249,0,6.21,9.91,0,0,6.28
2024-11-03,SKU_3,WH_3,SUP_8,West,15.0,371.0,9.0,249,0,6.21,9.91,0,0,17.94
2024-11-04,SKU_3,WH_3,SUP_8,East,20.0,351.0,9.0,249,0,6.21,9.91,0,0,21.41
2024-11-05,SKU_3,WH_3,SUP_8,,17.0,334.0,9.0,249,0,6.21,9.91,0,0,15.86
2024-11-06,SKU_3,WH_3,SUP_8,North,29.0,305.0,9.0,249,0,6.21,9.91,1,0,30.9
2024-11-07,SKU_3,WH_3,SUP_8,North,15.0,290.0,9.0,249,0,6.21,9.91,1,0,21.34
2024-11-08,SKU_3,WH_3,SUP_8,East,23.0,267.0,9.0,249,0,6.21,9.91,1,0,24.4
2024-11-09,SKU_3,WH_3,SUP_8,South,14.0,253.0,9.0,249,0,6.21,9.91,0,0,11.85
2024-11-10,SKU_3,WH_3,SUP_8,West,11.0,242.0,9.0,249,0,6.21,9.91,0,0,10.22
2024-11-11,SKU_3,WH_3,SUP_8,,6.0,454.0,9.0,249,218,6.21,9.91,0,0,4.33
2024-11-12,SKU_3,WH_3,SUP_8,West,,447.0,9.0,249,0,6.21,9.91,0,0,4.71
2024-11-13,SKU_3,WH_3,SUP_8,North,16.0,431.0,9.0,249,0,6.21,9.91,0,0,15.71
2024-11-14,SKU_3,WH_3,SUP_8,West,6.0,425.0,9.0,249,0,6.21,9.91,0,0,3.08
2024-11-15,SKU_3,WH_3,SUP_8,West,27.0,398.0,,249,0,6.21,9.91,1,0,30.7
2024-11-16,SKU_3,WH_3,SUP_8,East,19.0,379.0,9.0,249,0,6.21,9.91,0,0,17.99
2024-11-17,SKU_3,WH_3,SUP_8,West,17.0,362.0,9.0,249,0,6.21,9.91,0,0,19.63
2024-11-18,SKU_3,WH_3,SUP_8,East,13.0,349.0,,249,0,6.21,9.91,0,0,9.15
2024-11-19,SKU_3,WH_3,SUP_8,South,,322.0,9.0,249,0,6.21,9.91,0,0,26.77
2024-11-20,SKU_3,WH_3,SUP_8,North,9.0,313.0,9.0,249,0,6.21,9.91,0,0,13.86
2024-11-21,SKU_3,WH_3,SUP_8,West,23.0,290.0,9.0,249,0,6.21,9.91,1,0,20.3
2024-11-22,SKU_3,WH_3,SUP_8,North,22.0,268.0,9.0,249,0,6.21,9.91,0,0,20.65
2024-11-23,SKU_3,WH_3,SUP_8,South,15.0,253.0,9.0,249,0,6.21,9.91,0,0,14.77
2024-11-24,SKU_3,WH_3,SUP_8,South,15.0,238.0,9.0,249,0,6.21,9.91,0,0,18.43
2024-11-25,SKU_3,WH_3,SUP_8,North,10.0,627.0,9.0,249,399,6.21,9.91,0,0,10.26
2024-11-26,SKU_3,WH_3,SUP_8,East,18.0,609.0,9.0,249,0,6.21,9.91,0,0,18.58
2024-11-27,SKU_3,WH_3,SUP_8,South,12.0,597.0,9.0,249,0,6.21,9.91,0,0,15.49
2024-11-28,SKU_3,WH_3,SUP_8,North,20.0,577.0,9.0,249,0,6.21,9.91,0,0,19.83
2024-11-29,SKU_3,WH_3,SUP_8,North,,560.0,9.0,249,0,6.21,9.91,0,0,17.38
2024-11-30,SKU_3,WH_3,SUP_8,South,16.0,544.0,9.0,249,0,6.21,9.91,0,0,
2024-12-01,SKU_3,WH_3,SUP_8,East,19.0,525.0,9.0,249,0,6.21,9.91,0,0,19.51
2024-12-02,SKU_3,WH_3,SUP_8,West,21.0,504.0,9.0,249,0,6.21,9.91,0,0,19.87
2024-12-03,SKU_3,WH_3,SUP_8,North,18.0,486.0,9.0,249,0,6.21,9.91,0,0,12.98
2024-12-04,SKU_3,WH_3,SUP_8,North,9.0,477.0,9.0,249,0,6.21,9.91,0,0,4.41
2024-12-05,SKU_3,WH_3,SUP_8,East,18.0,459.0,9.0,249,0,6.21,9.91,0,0,19.63
2024-12-06,SKU_3,WH_3,SUP_8,West,11.0,448.0,9.0,249,0,6.21,9.91,0,0,14.57
2024-12-07,SKU_3,WH_3,SUP_8,North,4.0,,9.0,249,0,6.21,9.91,0,0,4.71
2024-12-08,SKU_3,WH_3,SUP_8,West,21.0,,9.0,249,0,6.21,9.91,0,0,18.27
2024-12-09,SKU_3,WH_3,SUP_8,West,16.0,407.0,9.0,249,0,6.21,9.91,0,0,16.62
2024-12-10,SKU_3,WH_3,SUP_8,North,21.0,386.0,9.0,249,0,6.21,9.91,0,0,
2024-12-11,SKU_3,WH_3,SUP_8,North,19.0,367.0,9.0,249,0,6.21,9.91,0,0,20.44
2024-12-12,SKU_3,WH_3,SUP_8,South,20.0,347.0,9.0,249,0,6.21,9.91,0,0,22.15
not_a_date,SKU_3,WH_3,SUP_8,,9.0,338.0,9.0,249,0,6.21,9.91,0,0,10.12
2024-12-14,SKU_3,WH_3,SUP_8,South,22.0,316.0,9.0,249,0,6.21,9.91,0,0,24.18
2024-12-15,SKU_3,WH_3,SUP_8,South,,299.0,9.0,249,0,6.21,9.91,0,0,20.18
2024-12-16,SKU_3,WH_3,SUP_8,East,14.0,285.0,9.0,249,0,6.21,9.91,0,0,14.29
2024-12-17,SKU_3,WH_3,SUP_8,East,33.0,252.0,9.0,249,0,6.21,9.91,0,0,30.38
2024-12-18,SKU_3,WH_3,SUP_8,South,17.0,235.0,,249,0,6.21,9.91,0,0,13.79
2024-12-19,SKU_3,WH_3,SUP_8,South,15.0,487.0,9.0,249,267,6.21,9.91,0,0,17.33
2024-12-20,SKU_3,WH_3,SUP_8,West,13.0,474.0,9.0,249,0,6.21,9.91,0,0,13.84
2024-12-21,SKU_3,WH_3,SUP_8,South,16.0,458.0,9.0,249,0,6.21,9.91,0,0,15.84
2024-12-22,SKU_3,WH_3,SUP_8,West,21.0,437.0,9.0,249,0,6.21,9.91,0,0,20.37
2024-12-23,SKU_3,WH_3,SUP_8,West,15.0,422.0,9.0,249,0,6.21,9.91,0,0,12.77
2024-12-24,SKU_3,WH_3,SUP_8,West,19.0,403.0,9.0,249,0,6.21,9.91,0,0,19.31
2024-12-25,SKU_3,WH_3,SUP_8,North,26.0,377.0,9.0,249,0,6.21,9.91,0,0,21.72
2024-12-26,SKU_3,WH_3,SUP_8,East,26.0,351.0,9.0,249,0,6.21,9.91,0,0,22.7
2024-12-27,SKU_3,WH_3,SUP_8,South,18.0,333.0,9.0,249,0,6.21,9.91,0,0,16.01
2024-12-28,SKU_3,WH_3,SUP_8,South,19.0,314.0,9.0,249,0,6.21,9.91,0,0,26.22
2024-12-29,SKU_3,WH_3,SUP_8,South,18.0,296.0,9.0,249,0,6.21,9.91,0,0,20.77
2024-12-30,SKU_3,WH_3,SUP_8,East,21.0,275.0,9.0,249,0,6.21,9.91,0,0,21.29
2024-01-01,SKU_3,WH_4,SUP_4,North,25.0,517.0,10.0,355,0,13.16,22.11,0,0,20.86
2024-01-02,SKU_3,WH_4,SUP_4,East,20.0,497.0,10.0,355,0,13.16,22.11,0,0,16.01
2024-01-03,SKU_3,WH_4,SUP_4,North,29.0,468.0,10.0,355,0,13.16,22.11,0,0,23.18
2024-01-04,SKU_3,WH_4,SUP_4,South,13.0,455.0,10.0,355,0,13.16,22.11,0,0,11.37
2024-01-05,SKU_3,WH_4,SUP_4,East,,433.0,10.0,355,0,13.16,22.11,0,0,18.77
2024-01-06,SKU_3,WH_4,SUP_4,East,30.0,403.0,10.0,355,0,13.16,22.11,0,0,27.05
2024-01-07,SKU_3,WH_4,SUP_4,,26.0,,10.0,355,0,13.16,22.11,1,0,29.25
2024-01-08,SKU_3,WH_4,SUP_4,West,12.0,365.0,10.0,355,0,13.16,22.11,0,0,13.08
2024-01-09,SKU_3,WH_4,SUP_4,North,28.0,337.0,10.0,355,0,13.16,22.11,0,0,32.64
2024-01-10,SKU_3,WH_4,SUP_4,East,25.0,725.0,10.0,355,413,13.16,22.11,0,0,25.91
2024-01-11,SKU_3,WH_4,SUP_4,West,28.0,697.0,10.0,355,0,13.16,22.11,0,0,25.67
2024-01-12,SKU_3,WH_4,SUP_4,North,30.0,,10.0,355,0,13.16,22.11,0,0,
2024-01-13,SKU_3,WH_4,SUP_4,South,19.0,648.0,10.0,355,0,13.16,22.11,0,0,20.94
2024-01-14,SKU_3,WH_4,SUP_4,South,37.0,611.0,10.0,355,0,13.16,22.11,1,0,39.71
2024-01-15,SKU_3,WH_4,SUP_4,East,18.0,593.0,10.0,355,0,13.16,22.11,0,0,20.89
2024-01-16,SKU_3,WH_4,SUP_4,East,32.0,561.0,10.0,355,0,13.16,22.11,0,0,26.69
2024-01-17,SKU_3,WH_4,SUP_4,West,16.0,545.0,10.0,355,0,13.16,22.11,0,0,21.54
2024-01-18,SKU_3,WH_4,SUP_4,East,19.0,526.0,,355,0,13.16,22.11,0,0,20.22
2024-01-19,SKU_3,WH_4,SUP_4,North,26.0,500.0,10.0,355,0,13.16,22.11,0,0,25.72
2024-01-20,SKU_3,WH_4,SUP_4,North,22.0,478.0,10.0,355,0,13.16,22.11,0,0,23.61
2024-01-21,SKU_3,WH_4,SUP_4,North,21.0,457.0,10.0,355,0,13.16,22.11,0,0,19.94
2024-01-22,SKU_3,WH_4,SUP_4,East,23.0,434.0,10.0,355,0,13.16,22.11,0,0,19.61
2024-01-23,SKU_3,WH_4,SUP_4,North,21.0,,10.0,355,0,13.16,22.11,0,0,28.64
2024-01-24,SKU_3,WH_4,SUP_4,West,29.0,384.0,10.0,355,0,13.16,22.11,0,0,25.55
2024-01-25,SKU_3,WH_4,SUP_4,West,20.0,364.0,10.0,355,0,13.16,22.11,0,0,20.34
2024-01-26,SKU_3,WH_4,SUP_4,West,23.0,341.0,10.0,355,0,13.16,22.11,0,0,22.18
2024-01-27,SKU_3,WH_4,SUP_4,South,28.0,660.0,10.0,355,347,13.16,22.11,0,0,29.56
2024-01-28,SKU_3,WH_4,SUP_4,West,28.0,632.0,10.0,355,0,13.16,22.11,0,0,30.46
2024-01-29,SKU_3,WH_4,SUP_4,North,224.0,4200.0,10.0,355,0,13.16,22.11,0,0,229.85960313613216
2024-01-30,SKU_3,WH_4,SUP_4,East,29.0,571.0,10.0,355,0,13.16,22.11,0,0,32.28
2024-01-31,SKU_3,WH_4,SUP_4,West,25.0,546.0,10.0,355,0,13.16,22.11,0,0,26.43
2024-02-01,SKU_3,WH_4,SUP_4,North,37.0,509.0,10.0,355,0,13.16,22.11,1,0,36.16
2024-02-02,SKU_3,WH_4,SUP_4,South,27.0,482.0,10.0,355,0,13.16,22.11,0,0,22.09
2024-02-03,SKU_3,WH_4,SUP_4,South,21.0,461.0,10.0,355,0,13.16,22.11,0,0,22.61
2024-02-04,SKU_3,WH_4,SUP_4,West,23.0,438.0,10.0,355,0,13.16,22.11,1,0,21.75
2024-02-05,SKU_3,WH_4,SUP_4,East,16.0,422.0,10.0,355,0,13.16,22.11,0,0,16.63
2024-02-06,SKU_3,WH_4,SUP_4,North,20.0,402.0,10.0,355,0,13.16,22.11,0,0,26.57
2024-02-07,SKU_3,WH_4,SUP_4,East,31.0,371.0,10.0,355,0,13.16,22.11,0,0,34.97
2024-02-08,SKU_3,WH_4,SUP_4,West,26.0,345.0,10.0,355,0,13.16,22.11,0,0,26.05
2024-02-09,SKU_3,WH_4,SUP_4,East,19.0,558.0,10.0,355,232,13.16,22.11,0,0,20.11
2024-02-10,SKU_3,WH_4,SUP_4,North,,530.0,10.0,355,0,13.16,22.11,0,0,27.16
2024-02-11,SKU_3,WH_4,SUP_4,East,32.0,498.0,10.0,355,0,13.16,22.11,0,0,26.23
2024-02-12,SKU_3,WH_4,SUP_4,,28.0,470.0,10.0,355,0,13.16,22.11,0,0,31.56
2024-02-13,SKU_3,WH_4,SUP_4,South,17.0,453.0,10.0,355,0,13.16,22.11,0,0,
2024-02-14,SKU_3,WH_4,SUP_4,West,36.0,417.0,10.0,355,0,13.16,22.11,0,0,37.1
2024-02-15,SKU_3,WH_4,SUP_4,West,22.0,395.0,10.0,355,0,13.16,22.11,0,0,26.33
2024-02-16,SKU_3,WH_4,SUP_4,North,44.0,351.0,10.0,355,0,13.16,22.11,1,0,39.06
2024-02-17,SKU_3,WH_4,SUP_4,South,29.0,,10.0,355,453,13.16,22.11,0,0,24.42
2024-02-18,SKU_3,WH_4,SUP_4,North,30.0,745.0,10.0,355,0,13.16,22.11,0,0,26.58
2024-02-19,SKU_3,WH_4,SUP_4,South,25.0,720.0,10.0,355,0,13.16,22.11,0,0,20.91
2024-02-20,SKU_3,WH_4,SUP_4,South,22.0,698.0,10.0,355,0,13.16,22.11,0,0,19.87
2024-02-21,SKU_3,WH_4,SUP_4,North,31.0,667.0,10.0,355,0,13.16,22.11,0,0,26.72
2024-02-22,SKU_3,WH_4,SUP_4,West,33.0,634.0,10.0,355,0,13.16,22.11,0,0,31.5
2024-02-23,SKU_3,WH_4,SUP_4,South,27.0,607.0,10.0,355,0,13.16,22.11,0,0,25.44
2024-02-24,SKU_3,WH_4,SUP_4,South,21.0,586.0,10.0,355,0,13.16,22.11,0,0,23.56
2024-02-25,SKU_3,WH_4,SUP_4,West,17.0,569.0,10.0,355,0,13.16,22.11,0,0,15.74
2024-02-26,SKU_3,WH_4,SUP_4,West,22.0,547.0,10.0,355,0,13.16,22.11,0,0,20.79
2024-02-27,SKU_3,WH_4,SUP_4,South,,519.0,10.0,355,0,13.16,22.11,0,0,25.64
2024-02-28,SKU_3,WH_4,SUP_4,North,24.0,495.0,10.0,355,0,13.16,22.11,0,0,17.29
2024-02-29,SKU_3,WH_4,SUP_4,North,29.0,466.0,10.0,355,0,13.16,22.11,0,0,24.68
2024-03-01,SKU_3,WH_4,SUP_4,North,33.0,433.0,10.0,355,0,13.16,22.11,0,0,32.23
2024-03-02,SKU_3,WH_4,SUP_4,East,32.0,401.0,10.0,355,0,13.16,22.11,0,0,35.47
2024-03-03,SKU_3,WH_4,SUP_4,East,26.0,375.0,10.0,355,0,13.16,22.11,0,0,24.03
2024-03-04,SKU_3,WH_4,SUP_4,West,45.0,330.0,10.0,355,0,13.16,22.11,0,0,44.89
2024-03-05,SKU_3,WH_4,SUP_4,East,25.0,517.0,10.0,355,212,13.16,22.11,0,0,N/A
2024-03-06,SKU_3,WH_4,SUP_4,,35.0,482.0,10.0,355,0,13.16,22.11,0,0,35.29
2024-03-07,SKU_3,WH_4,SUP_4,North,30.0,452.0,10.0,355,0,13.16,22.11,0,0,31.72
2024-03-08,SKU_3,WH_4,SUP_4,North,25.0,427.0,10.0,355,0,13.16,22.11,0,0,24.19
2024-03-09,SKU_3,WH_4,SUP_4,West,28.0,399.0,10.0,355,0,13.16,22.11,1,0,26.82
2024-03-10,SKU_3,WH_4,SUP_4,South,25.0,374.0,10.0,355,0,13.16,22.11,0,0,19.6
2024-03-11,SKU_3,WH_4,SUP_4,South,35.0,339.0,10.0,355,0,13.16,22.11,1,0,36.75
2024-03-12,SKU_3,WH_4,SUP_4,North,29.0,535.0,10.0,355,225,13.16,22.11,0,0,28.47
2024-03-13,SKU_3,WH_4,SUP_4,South,28.0,507.0,10.0,355,0,13.16,22.11,0,0,29.83
2024-03-14,SKU_3,WH_4,SUP_4,East,17.0,490.0,10.0,355,0,13.16,22.11,0,0,18.33
2024-03-15,SKU_3,WH_4,SUP_4,North,30.0,460.0,10.0,355,0,13.16,22.11,0,0,32.44
2024-03-16,SKU_3,WH_4,SUP_4,North,40.0,420.0,10.0,355,0,13.16,22.11,0,0,
2024-03-17,SKU_3,WH_4,SUP_4,East,29.0,391.0,10.0,355,0,13.16,22.11,0,0,31.79
2024-03-18,SKU_3,WH_4,SUP_4,West,missing,367.0,10.0,355,0,13.16,22.11,0,0,35.33
2024-03-19,SKU_3,WH_4,SUP_4,North,36.0,331.0,10.0,355,0,13.16,22.11,0,0,38.17
2024-03-20,SKU_3,WH_4,SUP_4,North,27.0,784.0,10.0,355,480,13.16,22.11,0,0,29.67
2024-03-21,SKU_3,WH_4,SUP_4,West,22.0,762.0,10.0,355,0,13.16,22.11,0,0,23.69
2024-03-22,SKU_3,WH_4,SUP_4,North,30.0,732.0,10.0,355,0,13.16,22.11,0,0,33.74
2024-03-23,SKU_3,WH_4,SUP_4,South,,704.0,10.0,355,0,13.16,22.11,0,0,29.76
2024-03-24,SKU_3,WH_4,SUP_4,North,26.0,678.0,10.0,355,0,13.16,22.11,0,0,22.07
2024-03-25,SKU_3,WH_4,SUP_4,North,33.0,645.0,10.0,355,0,13.16,22.11,0,0,32.56
2024-03-26,SKU_3,WH_4,SUP_4,South,37.0,608.0,10.0,355,0,13.16,22.11,0,0,33.67
2024-03-27,SKU_3,WH_4,SUP_4,South,30.0,578.0,10.0,355,0,13.16,22.11,0,0,31.44
2024-03-28,SKU_3,WH_4,SUP_4,East,34.0,544.0,10.0,355,0,13.16,22.11,0,0,35.92
2024-03-29,SKU_3,WH_4,SUP_4,East,30.0,514.0,10.0,355,0,13.16,22.11,0,0,26.27
2024-03-30,SKU_3,WH_4,SUP_4,East,36.0,478.0,10.0,355,0,13.16,22.11,0,0,37.54
2024-03-31,SKU_3,WH_4,SUP_4,West,32.0,446.0,10.0,355,0,13.16,22.11,0,0,33.16
2024-04-01,SKU_3,WH_4,SUP_4,South,22.0,424.0,10.0,355,0,13.16,22.11,0,0,
2024-04-02,SKU_3,WH_4,SUP_4,East,missing,399.0,10.0,355,0,13.16,22.11,0,0,20.27
2024-04-03,SKU_3,WH_4,SUP_4,North,27.0,372.0,10.0,355,0,13.16,22.11,0,0,24.38
2024-04-04,SKU_3,WH_4,SUP_4,East,31.0,341.0,10.0,355,0,13.16,22.11,0,0,31.35
2024-04-05,SKU_3,WH_4,SUP_4,,39.0,637.0,,355,335,13.16,22.11,1,0,39.66
2024-04-06,SKU_3,WH_4,SUP_4,,22.0,615.0,10.0,355,0,13.16,22.11,0,0,15.41
2024-04-07,SKU_3,WH_4,SUP_4,West,21.0,594.0,10.0,355,0,13.16,22.11,0,0,19.67
2024-04-08,SKU_3,WH_4,SUP_4,North,29.0,565.0,10.0,355,0,13.16,22.11,0,0,34.56
2024-04-09,SKU_3,WH_4,SUP_4,South,26.0,539.0,10.0,355,0,13.16,22.11,0,0,27.63
2024-04-10,SKU_3,WH_4,SUP_4,South,27.0,512.0,10.0,355,0,13.16,22.11,0,0,29.78
2024-04-11,SKU_3,WH_4,SUP_4,South,28.0,484.0,,355,0,13.16,22.11,0,0,28.54
2024-04-12,SKU_3,WH_4,SUP_4,West,32.0,452.0,10.0,355,0,13.16,22.11,0,0,33.37
2024-04-13,SKU_3,WH_4,SUP_4,North,,419.0,10.0,355,0,13.16,22.11,0,0,28.81
2024-04-14,SKU_3,WH_4,SUP_4,East,31.0,388.0,10.0,355,0,13.16,22.11,0,0,38.38
2024-04-15,SKU_3,WH_4,SUP_4,North,20.0,368.0,10.0,355,0,13.16,22.11,0,0,
2024-04-16,SKU_3,WH_4,SUP_4,West,26.0,342.0,10.0,355,0,13.16,22.11,0,0,23.08
2024-04-17,SKU_3,WH_4,SUP_4,,25.0,772.0,10.0,355,455,13.16,22.11,0,0,29.17
2024-04-18,SKU_3,WH_4,SUP_4,South,15.0,757.0,10.0,355,0,13.16,22.11,0,0,16.16
2024-04-19,SKU_3,WH_4,SUP_4,South,29.0,728.0,10.0,355,0,13.16,22.11,1,0,24.93
2024-04-20,SKU_3,WH_4,SUP_4,East,28.0,700.0,10.0,355,0,13.16,22.11,0,0,30.26
2024-04-21,SKU_3,WH_4,SUP_4,South,40.0,660.0,10.0,355,0,13.16,22.11,1,0,39.29
2024-04-22,SKU_3,WH_4,SUP_4,South,35.0,625.0,10.0,355,0,13.16,22.11,1,0,33.18
2024-04-23,SKU_3,WH_4,SUP_4,South,33.0,592.0,10.0,355,0,13.16,22.11,0,0,34.79
2024-04-24,SKU_3,WH_4,SUP_4,South,20.0,,10.0,355,0,13.16,22.11,0,0,21.67
2024-04-25,SKU_3,WH_4,SUP_4,West,35.0,537.0,10.0,355,0,13.16,22.11,1,0,38.8
2024-04-26,SKU_3,WH_4,SUP_4,North,23.0,514.0,10.0,355,0,13.16,22.11,0,0,25.25
2024-04-27,SKU_3,WH_4,SUP_4,,32.0,482.0,10.0,355,0,13.16,22.11,0,0,32.09
2024-04-28,SKU_3,WH_4,SUP_4,North,35.0,447.0,10.0,355,0,13.16,22.11,0,0,36.27
2024-04-29,SKU_3,WH_4,SUP_4,North,27.0,420.0,10.0,355,0,13.16,22.11,0,0,29.96
2024-04-30,SKU_3,WH_4,SUP_4,South,26.0,394.0,10.0,355,0,13.16,22.11,0,0,26.71
2024-05-01,SKU_3,WH_4,SUP_4,North,31.0,363.0,10.0,355,0,13.16,22.11,1,0,33.81
2024-05-02,SKU_3,WH_4,SUP_4,East,27.0,336.0,10.0,355,0,13.16,22.11,1,0,24.0
2024-05-03,SKU_3,WH_4,SUP_4,West,30.0,748.0,10.0,355,442,13.16,22.11,0,0,31.53
2024-05-04,SKU_3,WH_4,SUP_4,West,26.0,722.0,10.0,355,0,13.16,22.11,0,0,
2024-05-05,SKU_3,WH_4,SUP_4,East,36.0,686.0,,355,0,13.16,22.11,0,0,36.67
2024-05-06,SKU_3,WH_4,SUP_4,West,31.0,,,355,0,13.16,22.11,0,0,
2024-05-07,SKU_3,WH_4,SUP_4,West,23.0,632.0,10.0,355,0,13.16,22.11,1,0,20.34
2024-05-08,SKU_3,WH_4,SUP_4,East,26.0,606.0,10.0,355,0,13.16,22.11,0,0,26.55
2024-05-09,SKU_3,WH_4,SUP_4,East,27.0,579.0,10.0,355,0,13.16,22.11,0,0,28.23
2024-05-10,SKU_3,WH_4,SUP_4,North,23.0,556.0,10.0,355,0,13.16,22.11,0,0,24.76
2024-05-11,SKU_3,WH_4,SUP_4,East,27.0,529.0,10.0,355,0,13.16,22.11,0,0,24.09
2024-05-12,SKU_3,WH_4,SUP_4,North,37.0,492.0,10.0,355,0,13.16,22.11,1,0,35.07
2024-05-13,SKU_3,WH_4,SUP_4,East,22.0,470.0,10.0,355,0,13.16,22.11,0,0,26.85
2024-05-14,SKU_3,WH_4,SUP_4,West,30.0,440.0,10.0,355,0,13.16,22.11,0,0,29.14
2024-05-15,SKU_3,WH_4,SUP_4,South,27.0,413.0,,355,0,13.16,22.11,0,0,28.0
2024-05-16,SKU_3,WH_4,SUP_4,South,,385.0,10.0,355,0,13.16,22.11,0,0,34.04
2024-05-17,SKU_3,WH_4,SUP_4,South,30.0,355.0,10.0,355,0,13.16,22.11,0,0,26.52
2024-05-18,SKU_3,WH_4,SUP_4,North,23.0,806.0,10.0,355,474,13.16,22.11,0,0,27.43
2024-05-19,SKU_3,WH_4,SUP_4,South,19.0,787.0,10.0,355,0,13.16,22.11,0,0,20.33
2024-05-20,SKU_3,WH_4,SUP_4,South,25.0,762.0,10.0,355,0,13.16,22.11,0,0,24.32
2024-05-21,SKU_3,WH_4,SUP_4,South,24.0,738.0,10.0,355,0,13.16,22.11,0,0,23.56
2024-05-22,SKU_3,WH_4,SUP_4,East,28.0,710.0,10.0,355,0,13.16,22.11,0,0,27.07
2024-05-23,SKU_3,WH_4,SUP_4,??UNKNOWN??,22.0,688.0,10.0,355,0,13.16,22.11,1,0,27.24
2024-05-24,SKU_3,WH_4,SUP_4,West,29.0,659.0,10.0,355,0,13.16,22.11,0,0,26.29
2024-05-25,SKU_3,WH_4,SUP_4,West,,642.0,10.0,355,0,13.16,22.11,0,0,15.18
2024-05-26,SKU_3,WH_4,SUP_4,,26.0,616.0,10.0,355,0,13.16,22.11,0,0,23.16
2024-05-27,SKU_3,WH_4,SUP_4,North,,581.0,10.0,355,0,13.16,22.11,0,0,34.08
2024-05-28,SKU_3,WH_4,SUP_4,North,28.0,553.0,10.0,355,0,13.16,22.11,0,0,24.67
2024-05-29,SKU_3,WH_4,SUP_4,East,17.0,536.0,10.0,355,0,13.16,22.11,0,0,17.14
2024-05-30,SKU_3,WH_4,SUP_4,North,18.0,518.0,10.0,355,0,13.16,22.11,0,0,17.61
2024-05-31,SKU_3,WH_4,SUP_4,West,21.0,497.0,10.0,355,0,13.16,22.11,0,0,
2024-06-01,SKU_3,WH_4,SUP_4,,28.0,469.0,10.0,355,0,13.16,22.11,1,0,28.35
2024-06-02,SKU_3,WH_4,SUP_4,North,27.0,442.0,10.0,355,0,13.16,22.11,0,0,27.38
2024-06-03,SKU_3,WH_4,SUP_4,West,27.0,415.0,10.0,355,0,13.16,22.11,0,0,30.7
2024-06-04,SKU_3,WH_4,SUP_4,South,19.0,396.0,10.0,355,0,13.16,22.11,0,0,19.97
2024-06-05,SKU_3,WH_4,SUP_4,East,30.0,366.0,10.0,355,0,13.16,22.11,0,0,30.86
2024-06-06,SKU_3,WH_4,SUP_4,West,31.0,335.0,10.0,355,0,13.16,22.11,1,0,34.86
2024-06-07,SKU_3,WH_4,SUP_4,East,29.0,796.0,10.0,355,490,13.16,22.11,1,0,26.05
2024-06-08,SKU_3,WH_4,SUP_4,East,30.0,766.0,10.0,355,0,13.16,22.11,0,0,26.99
2024-06-09,SKU_3,WH_4,SUP_4,East,37.0,729.0,10.0,355,0,13.16,22.11,1,0,30.78
2024-06-10,SKU_3,WH_4,SUP_4,,28.0,701.0,10.0,355,0,13.16,22.11,0,0,24.33
2024-06-11,SKU_3,WH_4,SUP_4,South,20.0,681.0,10.0,355,0,13.16,22.11,0,0,16.85
2024-06-12,SKU_3,WH_4,SUP_4,North,22.0,659.0,10.0,355,0,13.16,22.11,0,0,21.36
2024-06-13,SKU_3,WH_4,SUP_4,West,35.0,624.0,10.0,355,0,13.16,22.11,1,0,35.76
2024-06-14,SKU_3,WH_4,SUP_4,West,32.0,592.0,10.0,355,0,13.16,22.11,0,0,31.78
2024-06-15,SKU_3,WH_4,SUP_4,South,16.0,576.0,10.0,355,0,13.16,22.11,0,0,17.76
2024-06-16,SKU_3,WH_4,SUP_4,East,15.0,,10.0,355,0,13.16,22.11,0,0,17.25
2024-06-17,SKU_3,WH_4,SUP_4,South,37.0,524.0,,355,0,13.16,22.11,1,0,34.09
2024-06-18,SKU_3,WH_4,SUP_4,East,24.0,500.0,10.0,355,0,13.16,22.11,0,0,24.43
2024-06-19,SKU_3,WH_4,SUP_4,East,24.0,476.0,10.0,355,0,13.16,22.11,0,0,16.81
2024-06-20,SKU_3,WH_4,SUP_4,East,,456.0,,355,0,13.16,22.11,0,0,24.1
2024-06-21,SKU_3,WH_4,SUP_4,East,19.0,437.0,10.0,355,0,13.16,22.11,0,0,23.57
2024-06-22,SKU_3,WH_4,SUP_4,East,16.0,421.0,10.0,355,0,13.16,22.11,0,0,15.09
2024-06-23,SKU_3,WH_4,SUP_4,West,22.0,399.0,10.0,355,0,13.16,22.11,0,0,21.53
2024-06-24,SKU_3,WH_4,SUP_4,West,31.0,368.0,10.0,355,0,13.16,22.11,1,0,31.78
2024-06-25,SKU_3,WH_4,SUP_4,,18.0,350.0,10.0,355,0,13.16,22.11,0,0,20.41
2024-06-26,SKU_3,WH_4,SUP_4,,21.0,575.0,10.0,355,246,13.16,22.11,0,0,19.35
2024-06-27,SKU_3,WH_4,SUP_4,West,,549.0,10.0,355,0,13.16,22.11,0,0,25.21
2024-06-28,SKU_3,WH_4,SUP_4,South,,530.0,10.0,355,0,13.16,22.11,0,0,17.17
2024-06-29,SKU_3,WH_4,SUP_4,North,29.0,501.0,10.0,355,0,13.16,22.11,1,0,35.52
2024-06-30,SKU_3,WH_4,SUP_4,East,24.0,477.0,10.0,355,0,13.16,22.11,0,0,29.02
2024-07-01,SKU_3,WH_4,SUP_4,East,18.0,459.0,10.0,355,0,13.16,22.11,0,0,16.27
2024-07-02,SKU_3,WH_4,SUP_4,West,17.0,442.0,10.0,355,0,13.16,22.11,0,0,20.21
2024-07-03,SKU_3,WH_4,SUP_4,North,28.0,414.0,10.0,355,0,13.16,22.11,0,0,31.93
2024-07-04,SKU_3,WH_4,SUP_4,South,21.0,393.0,10.0,355,0,13.16,22.11,0,0,23.95
2024-07-05,SKU_3,WH_4,SUP_4,North,27.0,366.0,10.0,355,0,13.16,22.11,0,0,23.69
2024-07-06,SKU_3,WH_4,SUP_4,West,20.0,346.0,10.0,355,0,13.16,22.11,0,0,20.06
2024-07-07,SKU_3,WH_4,SUP_4,East,19.0,812.0,10.0,355,485,13.16,22.11,0,0,
2024-07-08,SKU_3,WH_4,SUP_4,West,20.0,792.0,10.0,355,0,13.16,22.11,0,0,20.92
2024-07-09,SKU_3,WH_4,SUP_4,South,13.0,779.0,10.0,355,0,13.16,22.11,0,0,10.01
2024-07-10,SKU_3,WH_4,SUP_4,North,13.0,766.0,10.0,355,0,13.16,22.11,0,0,
2024-07-11,SKU_3,WH_4,SUP_4,South,10.0,756.0,10.0,355,0,13.16,22.11,0,0,10.46
2024-07-12,SKU_3,WH_4,SUP_4,South,16.0,740.0,10.0,355,0,13.16,22.11,0,0,17.56
2024-07-13,SKU_3,WH_4,SUP_4,North,14.0,726.0,10.0,355,0,13.16,22.11,0,0,8.25
2024-07-14,SKU_3,WH_4,SUP_4,North,17.0,,10.0,355,0,13.16,22.11,0,0,20.41
2024-07-15,SKU_3,WH_4,SUP_4,North,17.0,692.0,10.0,355,0,13.16,22.11,0,0,17.19
2024-07-16,SKU_3,WH_4,SUP_4,East,27.0,665.0,10.0,355,0,13.16,22.11,1,0,27.91
2024-07-17,SKU_3,WH_4,SUP_4,South,14.0,651.0,10.0,355,0,13.16,22.11,0,0,7.61
2024-07-18,SKU_3,WH_4,SUP_4,North,20.0,631.0,10.0,355,0,13.16,22.11,0,0,23.53
2024-07-19,SKU_3,WH_4,SUP_4,North,16.0,615.0,10.0,355,0,13.16,22.11,1,0,18.64
2024-07-20,SKU_3,WH_4,SUP_4,West,22.0,593.0,10.0,355,0,13.16,22.11,0,0,26.88
2024-07-21,SKU_3,WH_4,SUP_4,East,-17.0,-576.0,10.0,355,0,-13.16,-22.11,0,0,-19.23
2024-07-22,SKU_3,WH_4,SUP_4,North,20.0,556.0,10.0,355,0,13.16,22.11,0,0,22.52
2024-07-23,SKU_3,WH_4,SUP_4,West,22.0,534.0,,355,0,13.16,22.11,0,0,21.15
2024-07-24,SKU_3,WH_4,SUP_4,West,7.0,527.0,10.0,355,0,13.16,22.11,0,0,10.88
2024-07-25,SKU_3,WH_4,SUP_4,West,,509.0,10.0,355,0,13.16,22.11,0,0,15.6
2024-07-26,SKU_3,WH_4,SUP_4,West,17.0,492.0,10.0,355,0,13.16,22.11,0,0,17.04
2024-07-27,SKU_3,WH_4,SUP_4,West,23.0,,10.0,355,0,13.16,22.11,0,0,25.29
2024-07-28,SKU_3,WH_4,SUP_4,West,24.0,445.0,,355,0,13.16,22.11,1,0,23.69
2024-07-29,SKU_3,WH_4,SUP_4,West,11.0,434.0,10.0,355,0,13.16,22.11,0,0,8.14
2024-07-30,SKU_3,WH_4,SUP_4,North,19.0,415.0,10.0,355,0,13.16,22.11,0,0,18.1
2024-07-31,SKU_3,WH_4,SUP_4,South,15.0,400.0,10.0,355,0,13.16,22.11,0,0,22.43
2024-08-01,SKU_3,WH_4,SUP_4,East,7.0,393.0,10.0,355,0,13.16,22.11,0,0,6.56
2024-08-02,SKU_3,WH_4,SUP_4,North,17.0,376.0,10.0,355,0,13.16,22.11,0,0,21.34
2024-08-03,SKU_3,WH_4,SUP_4,South,16.0,360.0,10.0,355,0,13.16,22.11,0,0,17.63
2024-08-04,SKU_3,WH_4,SUP_4,North,11.0,349.0,10.0,355,0,13.16,22.11,0,0,14.37
2024-08-05,SKU_3,WH_4,SUP_4,South,20.0,558.0,10.0,355,229,13.16,22.11,0,0,13.93
2024-08-06,SKU_3,WH_4,SUP_4,South,15.0,543.0,10.0,355,0,13.16,22.11,1,0,15.56
2024-08-07,SKU_3,WH_4,SUP_4,West,4.0,539.0,10.0,355,0,13.16,22.11,0,0,4.75
2024-08-08,SKU_3,WH_4,SUP_4,South,6.0,533.0,10.0,355,0,13.16,22.11,0,0,7.57
2024-08-09,SKU_3,WH_4,SUP_4,South,20.0,513.0,10.0,355,0,13.16,22.11,0,0,19.53
2024-08-10,SKU_3,WH_4,SUP_4,North,12.0,501.0,10.0,355,0,13.16,22.11,0,0,7.94
2024-08-11,SKU_3,WH_4,SUP_4,East,12.0,489.0,10.0,355,0,13.16,22.11,0,0,12.01
2024-08-12,SKU_3,WH_4,SUP_4,South,7.0,482.0,10.0,355,0,13.16,22.11,0,0,9.71
2024-08-13,SKU_3,WH_4,SUP_4,East,21.0,461.0,10.0,355,0,13.16,22.11,0,0,14.94
2024-08-14,SKU_3,WH_4,SUP_4,South,12.0,449.0,10.0,355,0,13.16,22.11,0,0,9.85
2024-08-15,SKU_3,WH_4,SUP_4,West,7.0,442.0,10.0,355,0,13.16,22.11,0,0,3.87
2024-08-16,SKU_3,WH_4,SUP_4,East,8.0,434.0,10.0,355,0,13.16,22.11,0,0,6.31
2024-08-17,SKU_3,WH_4,SUP_4,South,16.0,418.0,10.0,355,0,13.16,22.11,0,0,14.74
2024-08-18,SKU_3,WH_4,SUP_4,West,16.0,,10.0,355,0,13.16,22.11,0,0,13.81
2024-08-19,SKU_3,WH_4,SUP_4,West,14.0,388.0,10.0,355,0,13.16,22.11,0,0,13.51
2024-08-20,SKU_3,WH_4,SUP_4,,78.0,3375.0,10.0,355,0,13.16,22.11,0,0,63.625005897686215
2024-08-21,SKU_3,WH_4,SUP_4,South,8.0,367.0,10.0,355,0,13.16,22.11,0,0,13.01
2024-08-22,SKU_3,WH_4,SUP_4,South,16.0,351.0,10.0,355,0,13.16,22.11,0,0,13.16
2024-08-23,SKU_3,WH_4,SUP_4,South,15.0,597.0,10.0,355,261,13.16,22.11,0,0,13.17
2024-08-24,SKU_3,WH_4,SUP_4,East,7.0,590.0,10.0,355,0,13.16,22.11,0,0,1.94
2024-08-25,SKU_3,WH_4,SUP_4,East,18.0,572.0,10.0,355,0,13.16,22.11,1,0,15.96
2024-08-26,SKU_3,WH_4,SUP_4,West,8.0,564.0,10.0,355,0,13.16,22.11,0,0,8.06
2024-08-27,SKU_3,WH_4,SUP_4,East,5.0,559.0,10.0,355,0,13.16,22.11,0,0,8.61
2024-08-28,SKU_3,WH_4,SUP_4,,,556.0,10.0,355,0,13.16,22.11,0,0,5.5
2024-08-29,SKU_3,WH_4,SUP_4,East,12.0,544.0,10.0,355,0,13.16,22.11,0,0,19.19
2024-08-30,SKU_3,WH_4,SUP_4,West,16.0,,10.0,355,0,13.16,22.11,0,0,12.36
2024-08-31,SKU_3,WH_4,SUP_4,West,6.0,522.0,10.0,355,0,13.16,22.11,0,0,3.62
2024-09-01,SKU_3,WH_4,SUP_4,West,11.0,511.0,10.0,355,0,13.16,22.11,0,0,11.71
2024-09-02,SKU_3,WH_4,SUP_4,East,15.0,496.0,10.0,355,0,13.16,22.11,1,0,16.36
2024-09-03,SKU_3,WH_4,SUP_4,North,5.0,491.0,10.0,355,0,13.16,22.11,0,0,0.0
2024-09-04,SKU_3,WH_4,SUP_4,North,16.0,475.0,10.0,355,0,13.16,22.11,0,0,15.7
2024-09-05,SKU_3,WH_4,SUP_4,West,132.0,4176.0,10.0,355,0,13.16,22.11,1,0,73.60534991957515
2024-09-06,SKU_3,WH_4,SUP_4,North,13.0,451.0,10.0,355,0,13.16,22.11,0,0,
2024-09-07,SKU_3,WH_4,SUP_4,South,19.0,432.0,10.0,355,0,13.16,22.11,0,0,23.29
2024-09-08,SKU_3,WH_4,SUP_4,West,15.0,417.0,10.0,355,0,13.16,22.11,0,0,13.0
2024-09-09,SKU_3,WH_4,SUP_4,West,16.0,401.0,10.0,355,0,13.16,22.11,0,0,15.82
2024-09-10,SKU_3,WH_4,SUP_4,West,11.0,390.0,10.0,355,0,13.16,22.11,0,0,10.01
2024-09-11,SKU_3,WH_4,SUP_4,East,11.0,379.0,,355,0,13.16,22.11,0,0,8.94
2024-09-12,SKU_3,WH_4,SUP_4,North,12.0,367.0,10.0,355,0,13.16,22.11,0,0,9.45
2024-09-13,SKU_3,WH_4,SUP_4,West,,360.0,10.0,355,0,13.16,22.11,0,0,1.83
2024-09-14,SKU_3,WH_4,SUP_4,East,9.0,351.0,,355,0,13.16,22.11,0,0,6.84
2024-09-15,SKU_3,WH_4,SUP_4,,7.0,580.0,10.0,355,236,13.16,22.11,0,0,4.66
2024-09-16,SKU_3,WH_4,SUP_4,South,2.0,578.0,10.0,355,0,13.16,22.11,0,0,7.18
2024-09-17,SKU_3,WH_4,SUP_4,South,4.0,574.0,10.0,355,0,13.16,22.11,0,0,5.17
2024-09-18,SKU_3,WH_4,SUP_4,East,13.0,561.0,10.0,355,0,13.16,22.11,0,0,14.66
2024-09-19,SKU_3,WH_4,SUP_4,West,10.0,551.0,10.0,355,0,13.16,22.11,0,0,12.6
not_a_date,SKU_3,WH_4,SUP_4,South,12.0,539.0,10.0,355,0,13.16,22.11,0,0,7.48
2024-09-21,SKU_3,WH_4,SUP_4,West,,533.0,10.0,355,0,13.16,22.11,0,0,0.0
2024-09-22,SKU_3,WH_4,SUP_4,North,13.0,520.0,10.0,355,0,13.16,22.11,0,0,16.9
2024-09-23,SKU_3,WH_4,SUP_4,East,16.0,504.0,10.0,355,0,13.16,22.11,0,0,16.96
2024-09-24,SKU_3,WH_4,SUP_4,South,6.0,498.0,10.0,355,0,13.16,22.11,0,0,
2024-09-25,SKU_3,WH_4,SUP_4,West,6.0,492.0,10.0,355,0,13.16,22.11,1,0,3.56
2024-09-26,SKU_3,WH_4,SUP_4,North,6.0,486.0,10.0,355,0,13.16,22.11,0,0,6.91
2024-09-27,SKU_3,WH_4,SUP_4,West,4.0,482.0,10.0,355,0,13.16,22.11,0,0,2.86
2024-09-28,SKU_3,WH_4,SUP_4,East,16.0,466.0,10.0,355,0,13.16,22.11,0,0,21.71
2024-09-29,SKU_3,WH_4,SUP_4,West,4.0,462.0,10.0,355,0,13.16,22.11,0,0,
2024-09-30,SKU_3,WH_4,SUP_4,East,13.0,449.0,10.0,355,0,13.16,22.11,0,0,13.4
2024-10-01,SKU_3,WH_4,SUP_4,East,0.0,449.0,10.0,355,0,13.16,22.11,0,0,0.0
2024-10-02,SKU_3,WH_4,SUP_4,South,7.0,442.0,10.0,355,0,13.16,22.11,0,0,8.84
2024-10-03,SKU_3,WH_4,SUP_4,East,18.0,424.0,10.0,355,0,13.16,22.11,0,0,18.21
2024-10-04,SKU_3,WH_4,SUP_4,North,14.0,410.0,10.0,355,0,13.16,22.11,0,0,12.97
2024-10-05,SKU_3,WH_4,SUP_4,South,12.0,,10.0,355,0,13.16,22.11,0,0,9.99
2024-10-06,SKU_3,WH_4,SUP_4,South,9.0,,10.0,355,0,13.16,22.11,0,0,1.3
2024-10-07,SKU_3,WH_4,SUP_4,,9.0,380.0,10.0,355,0,13.16,22.11,0,0,9.16
2024-10-08,SKU_3,WH_4,SUP_4,East,6.0,374.0,10.0,355,0,13.16,22.11,1,0,10.77
2024-10-09,SKU_3,WH_4,SUP_4,South,6.0,368.0,10.0,355,0,13.16,22.11,0,0,1.69
2024-10-10,SKU_3,WH_4,SUP_4,South,10.0,358.0,10.0,355,0,13.16,22.11,0,0,3.15
2024-10-11,SKU_3,WH_4,SUP_4,North,8.0,350.0,10.0,355,0,13.16,22.11,0,0,9.6
2024-10-12,SKU_3,WH_4,SUP_4,East,9.0,691.0,10.0,355,350,13.16,22.11,0,0,10.13
2024-10-13,SKU_3,WH_4,SUP_4,West,11.0,680.0,10.0,355,0,13.16,22.11,0,0,13.77
2024-10-14,SKU_3,WH_4,SUP_4,West,13.0,667.0,10.0,355,0,13.16,22.11,0,0,12.36
2024-10-15,SKU_3,WH_4,SUP_4,East,16.0,651.0,10.0,355,0,13.16,22.11,1,0,18.9
2024-10-16,SKU_3,WH_4,SUP_4,West,6.0,645.0,10.0,355,0,13.16,22.11,0,0,8.96
2024-10-17,SKU_3,WH_4,SUP_4,West,18.0,627.0,10.0,355,0,13.16,22.11,1,0,16.92
2024-10-18,SKU_3,WH_4,SUP_4,East,,618.0,10.0,355,0,13.16,22.11,0,0,6.44
2024-10-19,SKU_3,WH_4,SUP_4,South,9.0,609.0,10.0,355,0,13.16,22.11,0,0,7.92
2024-10-20,SKU_3,WH_4,SUP_4,North,0.0,609.0,10.0,355,0,13.16,22.11,0,0,2.02
2024-10-21,SKU_3,WH_4,SUP_4,South,14.0,595.0,10.0,355,0,13.16,22.11,0,0,11.32
2024-10-22,SKU_3,WH_4,SUP_4,North,13.0,582.0,10.0,355,0,13.16,22.11,0,0,10.81
2024-10-23,SKU_3,WH_4,SUP_4,South,12.0,570.0,10.0,355,0,13.16,22.11,0,0,17.11
2024-10-24,SKU_3,WH_4,SUP_4,East,11.0,559.0,10.0,355,0,13.16,22.11,0,0,6.96
not_a_date,SKU_3,WH_4,SUP_4,West,21.0,538.0,10.0,355,0,13.16,22.11,0,0,18.86
2024-10-26,SKU_3,WH_4,SUP_4,West,13.0,525.0,10.0,355,0,13.16,22.11,0,0,16.28
2024-10-27,SKU_3,WH_4,SUP_4,South,10.0,515.0,,355,0,13.16,22.11,0,0,10.51
2024-10-28,SKU_3,WH_4,SUP_4,West,4.0,511.0,,355,0,13.16,22.11,0,0,2.19
2024-10-29,SKU_3,WH_4,SUP_4,South,8.0,503.0,10.0,355,0,13.16,22.11,0,0,N/A
2024-10-30,SKU_3,WH_4,SUP_4,West,19.0,484.0,10.0,355,0,13.16,22.11,1,0,24.39
2024-10-31,SKU_3,WH_4,SUP_4,West,12.0,472.0,10.0,355,0,13.16,22.11,0,0,15.78
2024-11-01,SKU_3,WH_4,SUP_4,South,15.0,457.0,10.0,355,0,13.16,22.11,0,0,15.76
2024-11-02,SKU_3,WH_4,SUP_4,North,16.0,441.0,10.0,355,0,13.16,22.11,0,0,16.88
2024-11-03,SKU_3,WH_4,SUP_4,South,12.0,429.0,10.0,355,0,13.16,22.11,0,0,9.69
2024-11-04,SKU_3,WH_4,SUP_4,East,13.0,416.0,10.0,355,0,13.16,22.11,1,0,17.5
2024-11-05,SKU_3,WH_4,SUP_4,,20.0,396.0,10.0,355,0,13.16,22.11,0,0,14.9
2024-11-06,SKU_3,WH_4,SUP_4,West,7.0,389.0,10.0,355,0,13.16,22.11,0,0,7.11
2024-11-07,SKU_3,WH_4,SUP_4,West,,366.0,,355,0,13.16,22.11,0,0,15.13
2024-11-08,SKU_3,WH_4,SUP_4,East,9.0,357.0,10.0,355,0,13.16,22.11,0,0,11.9
2024-11-09,SKU_3,WH_4,SUP_4,North,19.0,,10.0,355,0,13.16,22.11,0,0,11.45
2024-11-10,SKU_3,WH_4,SUP_4,West,19.0,720.0,10.0,355,401,13.16,22.11,1,0,
2024-11-11,SKU_3,WH_4,SUP_4,West,2.0,718.0,10.0,355,0,13.16,22.11,0,0,0.18
2024-11-12,SKU_3,WH_4,SUP_4,South,3.0,715.0,10.0,355,0,13.16,22.11,0,0,3.6
2024-11-13,SKU_3,WH_4,SUP_4,West,14.0,701.0,10.0,355,0,13.16,22.11,0,0,17.03
2024-11-14,SKU_3,WH_4,SUP_4,East,22.0,679.0,10.0,355,0,13.16,22.11,0,0,23.71
2024-11-15,SKU_3,WH_4,SUP_4,,17.0,662.0,10.0,355,0,13.16,22.11,0,0,16.79
2024-11-16,SKU_3,WH_4,SUP_4,East,6.0,656.0,10.0,355,0,13.16,22.11,0,0,2.47
2024-11-17,SKU_3,WH_4,SUP_4,South,18.0,638.0,10.0,355,0,13.16,22.11,1,0,21.43
2024-11-18,SKU_3,WH_4,SUP_4,East,9.0,629.0,10.0,355,0,13.16,22.11,0,0,2.92
2024-11-19,SKU_3,WH_4,SUP_4,South,15.0,614.0,10.0,355,0,13.16,22.11,0,0,18.29
2024-11-20,SKU_3,WH_4,SUP_4,West,11.0,603.0,,355,0,13.16,22.11,0,0,10.59
2024-11-21,SKU_3,WH_4,SUP_4,North,10.0,593.0,10.0,355,0,13.16,22.11,0,0,3.63
2024-11-22,SKU_3,WH_4,SUP_4,East,16.0,577.0,10.0,355,0,13.16,22.11,0,0,
2024-11-23,SKU_3,WH_4,SUP_4,North,18.0,559.0,10.0,355,0,13.16,22.11,0,0,21.25
2024-11-24,SKU_3,WH_4,SUP_4,East,21.0,538.0,10.0,355,0,13.16,22.11,0,0,21.09
2024-11-25,SKU_3,WH_4,SUP_4,West,6.0,532.0,10.0,355,0,13.16,22.11,0,0,8.9
2024-11-26,SKU_3,WH_4,SUP_4,South,9.0,523.0,10.0,355,0,13.16,22.11,0,0,8.92
2024-11-27,SKU_3,WH_4,SUP_4,West,17.0,506.0,10.0,355,0,13.16,22.11,0,0,24.26
2024-11-28,SKU_3,WH_4,SUP_4,West,missing,,10.0,355,0,13.16,22.11,0,0,20.77
2024-11-29,SKU_3,WH_4,SUP_4,West,16.0,471.0,10.0,355,0,13.16,22.11,0,0,18.13
2024-11-30,SKU_3,WH_4,SUP_4,South,14.0,457.0,10.0,355,0,13.16,22.11,0,0,13.65
2024-12-01,SKU_3,WH_4,SUP_4,North,140.0,3129.0,10.0,355,0,13.16,22.11,0,0,59.15463692147278
2024-12-02,SKU_3,WH_4,SUP_4,East,16.0,431.0,10.0,355,0,13.16,22.11,0,0,14.96
2024-12-03,SKU_3,WH_4,SUP_4,East,15.0,416.0,10.0,355,0,13.16,22.11,0,0,18.36
2024-12-04,SKU_3,WH_4,SUP_4,West,19.0,397.0,10.0,355,0,13.16,22.11,0,0,17.56
2024-12-05,SKU_3,WH_4,SUP_4,North,17.0,380.0,10.0,355,0,13.16,22.11,0,0,17.06
2024-12-06,SKU_3,WH_4,SUP_4,South,20.0,360.0,10.0,355,0,13.16,22.11,0,0,21.36
2024-12-07,SKU_3,WH_4,SUP_4,South,18.0,342.0,10.0,355,0,13.16,22.11,0,0,22.43
2024-12-08,SKU_3,WH_4,SUP_4,South,17.0,702.0,10.0,355,377,13.16,22.11,0,0,19.0
2024-12-09,SKU_3,WH_4,SUP_4,West,23.0,679.0,10.0,355,0,13.16,22.11,1,0,21.29
2024-12-10,SKU_3,WH_4,SUP_4,North,14.0,665.0,10.0,355,0,13.16,22.11,0,0,14.34
2024-12-11,SKU_3,WH_4,SUP_4,West,16.0,649.0,10.0,355,0,13.16,22.11,0,0,
2024-12-12,SKU_3,WH_4,SUP_4,West,14.0,635.0,10.0,355,0,13.16,22.11,0,0,8.83
2024-12-13,SKU_3,WH_4,SUP_4,North,13.0,622.0,10.0,355,0,13.16,22.11,0,0,13.91
2024-12-14,SKU_3,WH_4,SUP_4,West,27.0,595.0,10.0,355,0,13.16,22.11,0,0,27.44
2024-12-15,SKU_3,WH_4,SUP_4,East,12.0,,10.0,355,0,13.16,22.11,0,0,11.41
2024-12-16,SKU_3,WH_4,SUP_4,West,16.0,567.0,10.0,355,0,13.16,22.11,0,0,17.25
2024-12-17,SKU_3,WH_4,SUP_4,South,10.0,557.0,10.0,355,0,13.16,22.11,0,0,8.77
2024-12-18,SKU_3,WH_4,SUP_4,South,23.0,534.0,10.0,355,0,13.16,22.11,0,0,
2024-12-19,SKU_3,WH_4,SUP_4,West,15.0,519.0,,355,0,13.16,22.11,1,0,13.58
2024-12-20,SKU_3,WH_4,SUP_4,West,14.0,505.0,10.0,355,0,13.16,22.11,0,0,11.58
2024-12-21,SKU_3,WH_4,SUP_4,North,missing,,10.0,355,0,13.16,22.11,0,0,21.21
2024-12-22,SKU_3,WH_4,SUP_4,South,22.0,462.0,10.0,355,0,13.16,22.11,0,0,23.28
2024-12-23,SKU_3,WH_4,SUP_4,West,11.0,451.0,10.0,355,0,13.16,22.11,0,0,15.48
2024-12-24,SKU_3,WH_4,SUP_4,West,31.0,420.0,10.0,355,0,13.16,22.11,0,0,30.76
2024-12-25,SKU_3,WH_4,SUP_4,North,21.0,399.0,,355,0,13.16,22.11,0,0,20.77
2024-12-26,SKU_3,WH_4,SUP_4,West,18.0,381.0,10.0,355,0,13.16,22.11,1,0,20.33
2024-12-27,SKU_3,WH_4,SUP_4,,14.0,367.0,10.0,355,0,13.16,22.11,0,0,9.13
2024-12-28,SKU_3,WH_4,SUP_4,South,25.0,342.0,10.0,355,0,13.16,22.11,0,0,30.45
2024-12-29,SKU_3,WH_4,SUP_4,East,21.0,600.0,10.0,355,279,13.16,22.11,0,0,22.07
2024-12-30,SKU_3,WH_4,SUP_4,East,20.0,580.0,10.0,355,0,13.16,22.11,0,0,21.62
not_a_date,SKU_3,WH_5,SUP_3,North,22.0,674.0,7.0,253,0,16.03,21.85,1,0,20.22
2024-01-02,SKU_3,WH_5,SUP_3,South,21.0,653.0,7.0,253,0,16.03,21.85,0,0,19.05
2024-01-03,SKU_3,WH_5,SUP_3,North,28.0,625.0,7.0,253,0,16.03,21.85,1,0,28.41
2024-01-04,SKU_3,WH_5,SUP_3,West,18.0,607.0,,253,0,16.03,21.85,0,0,17.25
2024-01-05,SKU_3,WH_5,SUP_3,South,31.0,576.0,7.0,253,0,16.03,21.85,1,0,31.04
2024-01-06,SKU_3,WH_5,SUP_3,South,36.0,540.0,7.0,253,0,16.03,21.85,1,0,
2024-01-07,SKU_3,WH_5,SUP_3,South,22.0,518.0,7.0,253,0,16.03,21.85,0,0,21.36
2024-01-08,SKU_3,WH_5,SUP_3,North,,495.0,7.0,253,0,16.03,21.85,0,0,20.91
2024-01-09,SKU_3,WH_5,SUP_3,North,23.0,472.0,7.0,253,0,16.03,21.85,0,0,22.47
2024-01-10,SKU_3,WH_5,SUP_3,North,25.0,447.0,7.0,253,0,16.03,21.85,0,0,29.27
2024-01-11,SKU_3,WH_5,SUP_3,North,16.0,431.0,7.0,253,0,16.03,21.85,0,0,15.55
2024-01-12,SKU_3,WH_5,SUP_3,East,27.0,404.0,7.0,253,0,16.03,21.85,0,0,27.83
2024-01-13,SKU_3,WH_5,SUP_3,South,29.0,375.0,7.0,253,0,16.03,21.85,0,0,28.71
2024-01-14,SKU_3,WH_5,SUP_3,North,26.0,349.0,7.0,253,0,16.03,21.85,1,0,23.09
2024-01-15,SKU_3,WH_5,SUP_3,,16.0,333.0,7.0,253,0,16.03,21.85,0,0,21.02
2024-01-16,SKU_3,WH_5,SUP_3,East,22.0,311.0,7.0,253,0,16.03,21.85,0,0,18.29
2024-01-17,SKU_3,WH_5,SUP_3,North,19.0,292.0,7.0,253,0,16.03,21.85,0,0,20.12
2024-01-18,SKU_3,WH_5,SUP_3,North,,264.0,7.0,253,0,16.03,21.85,0,0,26.68
2024-01-19,SKU_3,WH_5,SUP_3,North,27.0,237.0,7.0,253,0,16.03,21.85,0,0,25.58
2024-01-20,SKU_3,WH_5,SUP_3,North,20.0,601.0,7.0,253,384,16.03,21.85,0,0,23.5
2024-01-21,SKU_3,WH_5,SUP_3,North,44.0,557.0,7.0,253,0,16.03,21.85,1,0,43.06
2024-01-22,SKU_3,WH_5,SUP_3,North,25.0,532.0,7.0,253,0,16.03,21.85,0,0,26.56
2024-01-23,SKU_3,WH_5,SUP_3,East,25.0,,7.0,253,0,16.03,21.85,0,0,22.24
2024-01-24,SKU_3,WH_5,SUP_3,,26.0,481.0,7.0,253,0,16.03,21.85,0,0,26.18
2024-01-25,SKU_3,WH_5,SUP_3,North,26.0,455.0,7.0,253,0,16.03,21.85,1,0,23.42
2024-01-26,SKU_3,WH_5,SUP_3,West,20.0,435.0,7.0,253,0,16.03,21.85,0,0,
2024-01-27,SKU_3,WH_5,SUP_3,North,26.0,409.0,7.0,253,0,16.03,21.85,0,0,25.74
2024-01-28,SKU_3,WH_5,SUP_3,West,19.0,390.0,,253,0,16.03,21.85,0,0,19.9
2024-01-29,SKU_3,WH_5,SUP_3,South,26.0,,7.0,253,0,16.03,21.85,0,0,23.36
2024-01-30,SKU_3,WH_5,SUP_3,??UNKNOWN??,28.0,336.0,7.0,253,0,16.03,21.85,0,0,24.31
2024-01-31,SKU_3,WH_5,SUP_3,East,31.0,305.0,7.0,253,0,16.03,21.85,0,0,32.56
2024-02-01,SKU_3,WH_5,SUP_3,East,24.0,281.0,7.0,253,0,16.03,21.85,0,0,25.66
2024-02-02,SKU_3,WH_5,SUP_3,South,21.0,260.0,7.0,253,0,16.03,21.85,0,0,21.38
2024-02-03,SKU_3,WH_5,SUP_3,East,24.0,236.0,7.0,253,0,16.03,21.85,0,0,19.75
2024-02-04,SKU_3,WH_5,SUP_3,West,28.0,409.0,7.0,253,201,16.03,21.85,0,0,32.28
2024-02-05,SKU_3,WH_5,SUP_3,South,,379.0,7.0,253,0,16.03,21.85,0,0,30.08
2024-02-06,SKU_3,WH_5,SUP_3,West,27.0,352.0,7.0,253,0,16.03,21.85,0,0,33.26
2024-02-07,SKU_3,WH_5,SUP_3,West,30.0,322.0,7.0,253,0,16.03,21.85,0,0,32.82
2024-02-08,SKU_3,WH_5,SUP_3,East,24.0,298.0,7.0,253,0,16.03,21.85,0,0,20.61
2024-02-09,SKU_3,WH_5,SUP_3,South,29.0,,7.0,253,0,16.03,21.85,0,0,
2024-02-10,SKU_3,WH_5,SUP_3,,27.0,242.0,7.0,253,0,16.03,21.85,0,0,
2024-02-11,SKU_3,WH_5,SUP_3,North,22.0,718.0,7.0,253,498,16.03,21.85,0,0,20.34
2024-02-12,SKU_3,WH_5,SUP_3,South,28.0,690.0,7.0,253,0,16.03,21.85,1,0,24.32
2024-02-13,SKU_3,WH_5,SUP_3,South,21.0,669.0,7.0,253,0,16.03,21.85,0,0,22.14
2024-02-14,SKU_3,WH_5,SUP_3,South,25.0,644.0,7.0,253,0,16.03,21.85,0,0,23.73
2024-02-15,SKU_3,WH_5,SUP_3,East,33.0,611.0,7.0,253,0,16.03,21.85,0,0,31.42
2024-02-16,SKU_3,WH_5,SUP_3,West,32.0,579.0,7.0,253,0,16.03,21.85,0,0,27.62
2024-02-17,SKU_3,WH_5,SUP_3,West,21.0,558.0,7.0,253,0,16.03,21.85,0,0,23.12
2024-02-18,SKU_3,WH_5,SUP_3,West,25.0,,7.0,253,0,16.03,21.85,0,0,20.65
2024-02-19,SKU_3,WH_5,SUP_3,East,24.0,509.0,7.0,253,0,16.03,21.85,0,0,25.22
2024-02-20,SKU_3,WH_5,SUP_3,North,27.0,482.0,7.0,253,0,16.03,21.85,0,0,23.52
2024-02-21,SKU_3,WH_5,SUP_3,South,30.0,452.0,7.0,253,0,16.03,21.85,0,0,30.36
2024-02-22,SKU_3,WH_5,SUP_3,West,22.0,430.0,7.0,253,0,16.03,21.85,0,0,16.69
2024-02-23,SKU_3,WH_5,SUP_3,North,28.0,402.0,7.0,253,0,16.03,21.85,0,0,27.43
2024-02-24,SKU_3,WH_5,SUP_3,South,33.0,369.0,7.0,253,0,16.03,21.85,0,0,36.08
2024-02-25,SKU_3,WH_5,SUP_3,West,23.0,346.0,,253,0,16.03,21.85,0,0,19.7
2024-02-26,SKU_3,WH_5,SUP_3,North,29.0,317.0,7.0,253,0,16.03,21.85,0,0,28.87
2024-02-27,SKU_3,WH_5,SUP_3,North,29.0,288.0,7.0,253,0,16.03,21.85,1,0,24.81
2024-02-28,SKU_3,WH_5,SUP_3,South,32.0,256.0,7.0,253,0,16.03,21.85,0,0,32.54
2024-02-29,SKU_3,WH_5,SUP_3,East,32.0,224.0,7.0,253,0,16.03,21.85,0,0,34.81
2024-03-01,SKU_3,WH_5,SUP_3,South,26.0,482.0,,253,284,16.03,21.85,0,0,25.04
2024-03-02,SKU_3,WH_5,SUP_3,East,36.0,446.0,7.0,253,0,16.03,21.85,0,0,34.53
2024-03-03,SKU_3,WH_5,SUP_3,West,36.0,410.0,7.0,253,0,16.03,21.85,0,0,30.73
2024-03-04,SKU_3,WH_5,SUP_3,East,27.0,383.0,7.0,253,0,16.03,21.85,0,0,28.68
2024-03-05,SKU_3,WH_5,SUP_3,West,27.0,356.0,7.0,253,0,16.03,21.85,0,0,29.2
2024-03-06,SKU_3,WH_5,SUP_3,North,33.0,323.0,7.0,253,0,16.03,21.85,0,0,37.98
2024-03-07,SKU_3,WH_5,SUP_3,South,30.0,293.0,7.0,253,0,16.03,21.85,0,0,27.61
2024-03-08,SKU_3,WH_5,SUP_3,South,29.0,264.0,7.0,253,0,16.03,21.85,0,0,29.23
2024-03-09,SKU_3,WH_5,SUP_3,East,34.0,230.0,7.0,253,0,16.03,21.85,0,0,32.97
2024-03-10,SKU_3,WH_5,SUP_3,North,34.0,482.0,7.0,253,286,16.03,21.85,0,0,33.67
2024-03-11,SKU_3,WH_5,SUP_3,South,35.0,447.0,7.0,253,0,16.03,21.85,1,0,33.59
2024-03-12,SKU_3,WH_5,SUP_3,North,33.0,414.0,,253,0,16.03,21.85,0,0,27.5
2024-03-13,SKU_3,WH_5,SUP_3,East,27.0,387.0,7.0,253,0,16.03,21.85,0,0,26.35
2024-03-14,SKU_3,WH_5,SUP_3,West,33.0,354.0,7.0,253,0,16.03,21.85,0,0,35.01
2024-03-15,SKU_3,WH_5,SUP_3,South,32.0,322.0,7.0,253,0,16.03,21.85,0,0,31.45
2024-03-16,SKU_3,WH_5,SUP_3,North,23.0,299.0,7.0,253,0,16.03,21.85,0,0,23.05
2024-03-17,SKU_3,WH_5,SUP_3,East,29.0,270.0,7.0,253,0,16.03,21.85,0,0,30.37
2024-03-18,SKU_3,WH_5,SUP_3,North,25.0,245.0,7.0,253,0,16.03,21.85,0,0,25.31
not_a_date,SKU_3,WH_5,SUP_3,South,30.0,536.0,7.0,253,321,16.03,21.85,0,0,28.69
2024-03-20,SKU_3,WH_5,SUP_3,West,,510.0,7.0,253,0,16.03,21.85,0,0,23.36
2024-03-21,SKU_3,WH_5,SUP_3,North,36.0,474.0,7.0,253,0,16.03,21.85,0,0,37.49
2024-03-22,SKU_3,WH_5,SUP_3,East,33.0,,7.0,253,0,16.03,21.85,1,0,37.39
2024-03-23,SKU_3,WH_5,SUP_3,North,24.0,417.0,7.0,253,0,16.03,21.85,0,0,20.21
2024-03-24,SKU_3,WH_5,SUP_3,South,32.0,385.0,7.0,253,0,16.03,21.85,0,0,30.43
2024-03-25,SKU_3,WH_5,SUP_3,East,34.0,351.0,7.0,253,0,16.03,21.85,0,0,
2024-03-26,SKU_3,WH_5,SUP_3,West,36.0,315.0,7.0,253,0,16.03,21.85,0,0,36.05
2024-03-27,SKU_3,WH_5,SUP_3,North,30.0,285.0,7.0,253,0,16.03,21.85,0,0,29.01
2024-03-28,SKU_3,WH_5,SUP_3,West,37.0,248.0,7.0,253,0,16.03,21.85,0,0,41.51
2024-03-29,SKU_3,WH_5,SUP_3,South,26.0,462.0,7.0,253,240,16.03,21.85,0,0,N/A
2024-03-30,SKU_3,WH_5,SUP_3,North,24.0,438.0,7.0,253,0,16.03,21.85,0,0,19.83
2024-03-31,SKU_3,WH_5,SUP_3,,35.0,403.0,7.0,253,0,16.03,21.85,0,0,36.58
2024-04-01,SKU_3,WH_5,SUP_3,East,44.0,359.0,7.0,253,0,16.03,21.85,1,0,44.08
2024-04-02,SKU_3,WH_5,SUP_3,North,27.0,332.0,7.0,253,0,16.03,21.85,0,0,24.8
2024-04-03,SKU_3,WH_5,SUP_3,North,36.0,296.0,7.0,253,0,16.03,21.85,0,0,39.29
2024-04-04,SKU_3,WH_5,SUP_3,East,24.0,272.0,7.0,253,0,16.03,21.85,0,0,21.89
2024-04-05,SKU_3,WH_5,SUP_3,North,40.0,232.0,7.0,253,0,16.03,21.85,0,0,43.95
2024-04-06,SKU_3,WH_5,SUP_3,South,35.0,552.0,,253,355,16.03,21.85,1,0,35.51
2024-04-07,SKU_3,WH_5,SUP_3,North,32.0,520.0,7.0,253,0,16.03,21.85,0,0,28.99
2024-04-08,SKU_3,WH_5,SUP_3,East,,484.0,7.0,253,0,16.03,21.85,0,0,42.03
2024-04-09,SKU_3,WH_5,SUP_3,East,26.0,458.0,7.0,253,0,16.03,21.85,0,0,25.58
2024-04-10,SKU_3,WH_5,SUP_3,West,429.0,3352.0,7.0,253,0,16.03,21.85,1,0,308.25551339758425
2024-04-11,SKU_3,WH_5,SUP_3,South,19.0,400.0,7.0,253,0,16.03,21.85,0,0,17.35
2024-04-12,SKU_3,WH_5,SUP_3,West,35.0,,7.0,253,0,16.03,21.85,1,0,33.01
2024-04-13,SKU_3,WH_5,SUP_3,North,30.0,335.0,7.0,253,0,16.03,21.85,0,0,27.61
2024-04-14,SKU_3,WH_5,SUP_3,South,23.0,312.0,7.0,253,0,16.03,21.85,0,0,25.44
2024-04-15,SKU_3,WH_5,SUP_3,,41.0,271.0,7.0,253,0,16.03,21.85,1,0,38.95
2024-04-16,SKU_3,WH_5,SUP_3,South,31.0,240.0,7.0,253,0,16.03,21.85,0,0,33.12
2024-04-17,SKU_3,WH_5,SUP_3,East,,432.0,7.0,253,221,16.03,21.85,0,0,28.47
2024-04-18,SKU_3,WH_5,SUP_3,West,31.0,401.0,7.0,253,0,16.03,21.85,0,0,31.98
2024-04-19,SKU_3,WH_5,SUP_3,East,22.0,379.0,7.0,253,0,16.03,21.85,0,0,25.01
2024-04-20,SKU_3,WH_5,SUP_3,North,38.0,341.0,7.0,253,0,16.03,21.85,0,0,38.7
2024-04-21,SKU_3,WH_5,SUP_3,North,39.0,302.0,7.0,253,0,16.03,21.85,1,0,39.34
2024-04-22,SKU_3,WH_5,SUP_3,??UNKNOWN??,30.0,272.0,7.0,253,0,16.03,21.85,0,0,30.35
2024-04-23,SKU_3,WH_5,SUP_3,South,31.0,,7.0,253,0,16.03,21.85,0,0,26.42
2024-04-24,SKU_3,WH_5,SUP_3,East,29.0,626.0,7.0,253,414,16.03,21.85,0,0,25.88
2024-04-25,SKU_3,WH_5,SUP_3,,41.0,,7.0,253,0,16.03,21.85,0,0,
2024-04-26,SKU_3,WH_5,SUP_3,East,30.0,555.0,7.0,253,0,16.03,21.85,0,0,32.99
2024-04-27,SKU_3,WH_5,SUP_3,West,21.0,534.0,7.0,253,0,16.03,21.85,0,0,
2024-04-28,SKU_3,WH_5,SUP_3,West,25.0,,7.0,253,0,16.03,21.85,0,0,29.94
2024-04-29,SKU_3,WH_5,SUP_3,North,missing,485.0,7.0,253,0,16.03,21.85,0,0,23.87
2024-04-30,SKU_3,WH_5,SUP_3,South,25.0,460.0,7.0,253,0,16.03,21.85,0,0,21.15
2024-05-01,SKU_3,WH_5,SUP_3,East,33.0,427.0,,253,0,16.03,21.85,0,0,32.13
2024-05-02,SKU_3,WH_5,SUP_3,West,25.0,402.0,7.0,253,0,16.03,21.85,0,0,23.91
2024-05-03,SKU_3,WH_5,SUP_3,North,30.0,,7.0,253,0,16.03,21.85,0,0,27.2
2024-05-04,SKU_3,WH_5,SUP_3,North,27.0,345.0,7.0,253,0,16.03,21.85,0,0,28.33
2024-05-05,SKU_3,WH_5,SUP_3,West,20.0,325.0,7.0,253,0,16.03,21.85,0,0,21.49
2024-05-06,SKU_3,WH_5,SUP_3,West,26.0,299.0,7.0,253,0,16.03,21.85,0,0,27.47
2024-05-07,SKU_3,WH_5,SUP_3,South,29.0,270.0,7.0,253,0,16.03,21.85,0,0,29.28
2024-05-08,SKU_3,WH_5,SUP_3,West,28.0,242.0,7.0,253,0,16.03,21.85,0,0,26.31
2024-05-09,SKU_3,WH_5,SUP_3,South,30.0,447.0,7.0,253,235,16.03,21.85,0,0,
2024-05-10,SKU_3,WH_5,SUP_3,West,25.0,422.0,7.0,253,0,16.03,21.85,0,0,25.93
2024-05-11,SKU_3,WH_5,SUP_3,South,23.0,399.0,,253,0,16.03,21.85,0,0,26.4
2024-05-12,SKU_3,WH_5,SUP_3,South,22.0,377.0,7.0,253,0,16.03,21.85,0,0,24.64
2024-05-13,SKU_3,WH_5,SUP_3,West,19.0,358.0,7.0,253,0,16.03,21.85,0,0,17.27
2024-05-14,SKU_3,WH_5,SUP_3,East,24.0,334.0,7.0,253,0,16.03,21.85,0,0,26.2
2024-05-15,SKU_3,WH_5,SUP_3,North,24.0,310.0,7.0,253,0,16.03,21.85,0,0,27.56
2024-05-16,SKU_3,WH_5,SUP_3,West,25.0,285.0,7.0,253,0,16.03,21.85,0,0,26.13
2024-05-17,SKU_3,WH_5,SUP_3,West,23.0,262.0,7.0,253,0,16.03,21.85,0,0,23.83
2024-05-18,SKU_3,WH_5,SUP_3,East,32.0,230.0,7.0,253,0,16.03,21.85,1,0,31.55
2024-05-19,SKU_3,WH_5,SUP_3,South,,497.0,7.0,253,286,16.03,21.85,0,0,19.69
2024-05-20,SKU_3,WH_5,SUP_3,East,24.0,473.0,7.0,253,0,16.03,21.85,0,0,22.92
2024-05-21,SKU_3,WH_5,SUP_3,North,22.0,451.0,7.0,253,0,16.03,21.85,0,0,25.98
2024-05-22,SKU_3,WH_5,SUP_3,West,32.0,419.0,7.0,253,0,16.03,21.85,0,0,31.55
2024-05-23,SKU_3,WH_5,SUP_3,East,32.0,387.0,7.0,253,0,16.03,21.85,0,0,33.02
2024-05-24,SKU_3,WH_5,SUP_3,South,36.0,351.0,7.0,253,0,16.03,21.85,1,0,38.37
2024-05-25,SKU_3,WH_5,SUP_3,,22.0,329.0,7.0,253,0,16.03,21.85,0,0,24.57
2024-05-26,SKU_3,WH_5,SUP_3,East,17.0,312.0,7.0,253,0,16.03,21.85,0,0,18.36
2024-05-27,SKU_3,WH_5,SUP_3,North,35.0,277.0,7.0,253,0,16.03,21.85,1,0,34.29
2024-05-28,SKU_3,WH_5,SUP_3,West,32.0,245.0,7.0,253,0,16.03,21.85,0,0,29.99
2024-05-29,SKU_3,WH_5,SUP_3,East,,525.0,7.0,253,317,16.03,21.85,1,0,33.46
2024-05-30,SKU_3,WH_5,SUP_3,North,30.0,495.0,7.0,253,0,16.03,21.85,0,0,25.49
2024-05-31,SKU_3,WH_5,SUP_3,East,22.0,,7.0,253,0,16.03,21.85,0,0,22.47
2024-06-01,SKU_3,WH_5,SUP_3,North,32.0,441.0,,253,0,16.03,21.85,0,0,30.66
2024-06-02,SKU_3,WH_5,SUP_3,South,18.0,423.0,7.0,253,0,16.03,21.85,0,0,19.38
2024-06-03,SKU_3,WH_5,SUP_3,South,29.0,394.0,7.0,253,0,16.03,21.85,0,0,28.6
2024-06-04,SKU_3,WH_5,SUP_3,West,18.0,376.0,7.0,253,0,16.03,21.85,0,0,19.0
2024-06-05,SKU_3,WH_5,SUP_3,East,33.0,343.0,7.0,253,0,16.03,21.85,0,0,35.75
2024-06-06,SKU_3,WH_5,SUP_3,,26.0,317.0,7.0,253,0,16.03,21.85,0,0,27.95
2024-06-07,SKU_3,WH_5,SUP_3,South,27.0,290.0,7.0,253,0,16.03,21.85,0,0,27.34
2024-06-08,SKU_3,WH_5,SUP_3,North,19.0,271.0,7.0,253,0,16.03,21.85,0,0,14.14
2024-06-09,SKU_3,WH_5,SUP_3,East,18.0,253.0,7.0,253,0,16.03,21.85,0,0,15.99
2024-06-10,SKU_3,WH_5,SUP_3,South,18.0,523.0,7.0,253,288,16.03,21.85,0,0,17.84
2024-06-11,SKU_3,WH_5,SUP_3,South,32.0,491.0,7.0,253,0,16.03,21.85,0,0,35.08
2024-06-12,SKU_3,WH_5,SUP_3,West,28.0,463.0,7.0,253,0,16.03,21.85,0,0,29.44
2024-06-13,SKU_3,WH_5,SUP_3,South,20.0,443.0,7.0,253,0,16.03,21.85,0,0,20.9
2024-06-14,SKU_3,WH_5,SUP_3,West,16.0,427.0,7.0,253,0,16.03,21.85,0,0,17.39
2024-06-15,SKU_3,WH_5,SUP_3,East,19.0,408.0,,253,0,16.03,21.85,1,0,20.59
2024-06-16,SKU_3,WH_5,SUP_3,North,22.0,386.0,7.0,253,0,16.03,21.85,1,0,17.22
2024-06-17,SKU_3,WH_5,SUP_3,South,,364.0,7.0,253,0,16.03,21.85,0,0,22.19
2024-06-18,SKU_3,WH_5,SUP_3,West,28.0,336.0,,253,0,16.03,21.85,0,0,33.47
2024-06-19,SKU_3,WH_5,SUP_3,South,21.0,315.0,7.0,253,0,16.03,21.85,0,0,18.38
2024-06-20,SKU_3,WH_5,SUP_3,East,20.0,295.0,7.0,253,0,16.03,21.85,0,0,20.52
2024-06-21,SKU_3,WH_5,SUP_3,South,23.0,272.0,7.0,253,0,16.03,21.85,0,0,21.19
2024-06-22,SKU_3,WH_5,SUP_3,North,29.0,243.0,7.0,253,0,16.03,21.85,1,0,27.9
2024-06-23,SKU_3,WH_5,SUP_3,West,29.0,697.0,7.0,253,483,16.03,21.85,0,0,32.04
2024-06-24,SKU_3,WH_5,SUP_3,South,19.0,678.0,7.0,253,0,16.03,21.85,0,0,18.27
2024-06-25,SKU_3,WH_5,SUP_3,South,21.0,657.0,7.0,253,0,16.03,21.85,0,0,20.04
2024-06-26,SKU_3,WH_5,SUP_3,South,11.0,646.0,7.0,253,0,16.03,21.85,0,0,10.47
2024-06-27,SKU_3,WH_5,SUP_3,North,13.0,633.0,7.0,253,0,16.03,21.85,0,0,15.96
2024-06-28,SKU_3,WH_5,SUP_3,North,,611.0,7.0,253,0,16.03,21.85,1,0,25.11
2024-06-29,SKU_3,WH_5,SUP_3,East,20.0,591.0,7.0,253,0,16.03,21.85,0,0,21.46
2024-06-30,SKU_3,WH_5,SUP_3,South,15.0,576.0,7.0,253,0,16.03,21.85,0,0,
2024-07-01,SKU_3,WH_5,SUP_3,North,23.0,553.0,,253,0,16.03,21.85,0,0,25.39
2024-07-02,SKU_3,WH_5,SUP_3,East,5.0,548.0,7.0,253,0,16.03,21.85,0,0,2.11
2024-07-03,SKU_3,WH_5,SUP_3,North,25.0,523.0,7.0,253,0,16.03,21.85,0,0,23.99
2024-07-04,SKU_3,WH_5,SUP_3,North,22.0,501.0,7.0,253,0,16.03,21.85,0,0,19.54
2024-07-05,SKU_3,WH_5,SUP_3,North,9.0,492.0,7.0,253,0,16.03,21.85,0,0,10.58
2024-07-06,SKU_3,WH_5,SUP_3,North,19.0,473.0,7.0,253,0,16.03,21.85,0,0,19.11
2024-07-07,SKU_3,WH_5,SUP_3,South,20.0,453.0,7.0,253,0,16.03,21.85,0,0,21.56
2024-07-08,SKU_3,WH_5,SUP_3,North,18.0,435.0,7.0,253,0,16.03,21.85,1,0,21.25
2024-07-09,SKU_3,WH_5,SUP_3,North,11.0,424.0,7.0,253,0,16.03,21.85,1,0,17.59
2024-07-10,SKU_3,WH_5,SUP_3,South,28.0,396.0,7.0,253,0,16.03,21.85,0,0,27.08
2024-07-11,SKU_3,WH_5,SUP_3,North,14.0,382.0,7.0,253,0,16.03,21.85,0,0,9.31
2024-07-12,SKU_3,WH_5,SUP_3,South,16.0,366.0,7.0,253,0,16.03,21.85,0,0,15.81
2024-07-13,SKU_3,WH_5,SUP_3,West,16.0,350.0,7.0,253,0,16.03,21.85,0,0,14.58
2024-07-14,SKU_3,WH_5,SUP_3,South,10.0,340.0,7.0,253,0,16.03,21.85,1,0,12.86
2024-07-15,SKU_3,WH_5,SUP_3,South,19.0,321.0,7.0,253,0,16.03,21.85,0,0,18.61
2024-07-16,SKU_3,WH_5,SUP_3,West,17.0,304.0,7.0,253,0,16.03,21.85,0,0,16.47
2024-07-17,SKU_3,WH_5,SUP_3,South,20.0,284.0,7.0,253,0,16.03,21.85,1,0,12.3
2024-07-18,SKU_3,WH_5,SUP_3,South,10.0,274.0,7.0,253,0,16.03,21.85,0,0,11.43
2024-07-19,SKU_3,WH_5,SUP_3,South,18.0,256.0,7.0,253,0,16.03,21.85,0,0,18.05
2024-07-20,SKU_3,WH_5,SUP_3,West,18.0,238.0,7.0,253,0,16.03,21.85,0,0,13.07
2024-07-21,SKU_3,WH_5,SUP_3,South,23.0,671.0,7.0,253,456,16.03,21.85,1,0,28.03
2024-07-22,SKU_3,WH_5,SUP_3,South,13.0,658.0,7.0,253,0,16.03,21.85,0,0,18.03
2024-07-23,SKU_3,WH_5,SUP_3,West,,645.0,7.0,253,0,16.03,21.85,0,0,17.08
2024-07-24,SKU_3,WH_5,SUP_3,South,16.0,629.0,7.0,253,0,16.03,21.85,1,0,16.12
2024-07-25,SKU_3,WH_5,SUP_3,North,8.0,621.0,7.0,253,0,16.03,21.85,0,0,10.08
2024-07-26,SKU_3,WH_5,SUP_3,,,601.0,7.0,253,0,16.03,21.85,0,0,19.73
2024-07-27,SKU_3,WH_5,SUP_3,East,22.0,579.0,7.0,253,0,16.03,21.85,0,0,19.3
2024-07-28,SKU_3,WH_5,SUP_3,East,15.0,564.0,7.0,253,0,16.03,21.85,0,0,13.84
2024-07-29,SKU_3,WH_5,SUP_3,West,14.0,550.0,7.0,253,0,16.03,21.85,0,0,19.29
2024-07-30,SKU_3,WH_5,SUP_3,East,15.0,535.0,7.0,253,0,16.03,21.85,1,0,14.45
2024-07-31,SKU_3,WH_5,SUP_3,West,12.0,523.0,7.0,253,0,16.03,21.85,0,0,7.33
2024-08-01,SKU_3,WH_5,SUP_3,East,9.0,514.0,7.0,253,0,16.03,21.85,0,0,4.77
2024-08-02,SKU_3,WH_5,SUP_3,??UNKNOWN??,11.0,503.0,7.0,253,0,16.03,21.85,0,0,11.54
2024-08-03,SKU_3,WH_5,SUP_3,South,missing,490.0,7.0,253,0,16.03,21.85,0,0,5.67
2024-08-04,SKU_3,WH_5,SUP_3,East,17.0,473.0,,253,0,16.03,21.85,0,0,19.86
2024-08-05,SKU_3,WH_5,SUP_3,East,13.0,460.0,7.0,253,0,16.03,21.85,0,0,16.31
2024-08-06,SKU_3,WH_5,SUP_3,North,missing,446.0,7.0,253,0,16.03,21.85,0,0,N/A
2024-08-07,SKU_3,WH_5,SUP_3,North,6.0,440.0,7.0,253,0,16.03,21.85,0,0,8.66
2024-08-08,SKU_3,WH_5,SUP_3,West,,413.0,7.0,253,0,16.03,21.85,1,0,23.24
2024-08-09,SKU_3,WH_5,SUP_3,West,15.0,398.0,7.0,253,0,16.03,21.85,0,0,12.61
2024-08-10,SKU_3,WH_5,SUP_3,North,12.0,386.0,7.0,253,0,16.03,21.85,0,0,13.91
2024-08-11,SKU_3,WH_5,SUP_3,South,6.0,380.0,7.0,253,0,16.03,21.85,0,0,5.63
2024-08-12,SKU_3,WH_5,SUP_3,East,16.0,364.0,7.0,253,0,16.03,21.85,0,0,17.63
2024-08-13,SKU_3,WH_5,SUP_3,North,14.0,350.0,7.0,253,0,16.03,21.85,0,0,12.34
2024-08-14,SKU_3,WH_5,SUP_3,North,29.0,321.0,7.0,253,0,16.03,21.85,0,0,28.07
2024-08-15,SKU_3,WH_5,SUP_3,East,-19.0,-302.0,,253,0,-16.03,-21.85,0,0,-22.03
2024-08-16,SKU_3,WH_5,SUP_3,,10.0,292.0,7.0,253,0,16.03,21.85,0,0,
2024-08-17,SKU_3,WH_5,SUP_3,North,18.0,274.0,7.0,253,0,16.03,21.85,1,0,20.7
2024-08-18,SKU_3,WH_5,SUP_3,East,0.0,274.0,7.0,253,0,16.03,21.85,0,0,1.5
2024-08-19,SKU_3,WH_5,SUP_3,South,136.0,2313.0,7.0,253,0,16.03,21.85,0,0,207.1678432320914
2024-08-20,SKU_3,WH_5,SUP_3,North,13.0,244.0,7.0,253,0,16.03,21.85,0,0,8.29
2024-08-21,SKU_3,WH_5,SUP_3,East,15.0,455.0,7.0,253,226,16.03,21.85,0,0,13.28
2024-08-22,SKU_3,WH_5,SUP_3,North,20.0,435.0,7.0,253,0,16.03,21.85,0,0,18.69
2024-08-23,SKU_3,WH_5,SUP_3,East,17.0,418.0,7.0,253,0,16.03,21.85,0,0,17.51
2024-08-24,SKU_3,WH_5,SUP_3,North,7.0,411.0,7.0,253,0,16.03,21.85,0,0,6.78
2024-08-25,SKU_3,WH_5,SUP_3,East,11.0,400.0,7.0,253,0,16.03,21.85,0,0,11.34
2024-08-26,SKU_3,WH_5,SUP_3,East,16.0,384.0,7.0,253,0,16.03,21.85,0,0,13.03
2024-08-27,SKU_3,WH_5,SUP_3,,11.0,,7.0,253,0,16.03,21.85,0,0,13.6
2024-08-28,SKU_3,WH_5,SUP_3,North,7.0,366.0,7.0,253,0,16.03,21.85,0,0,6.93
2024-08-29,SKU_3,WH_5,SUP_3,South,3.0,363.0,7.0,253,0,16.03,21.85,0,0,0.0
2024-08-30,SKU_3,WH_5,SUP_3,West,,346.0,7.0,253,0,16.03,21.85,0,0,13.82
2024-08-31,SKU_3,WH_5,SUP_3,West,9.0,337.0,7.0,253,0,16.03,21.85,0,0,6.09
2024-09-01,SKU_3,WH_5,SUP_3,South,16.0,321.0,7.0,253,0,16.03,21.85,0,0,16.58
2024-09-02,SKU_3,WH_5,SUP_3,South,3.0,318.0,7.0,253,0,16.03,21.85,0,0,5.0
2024-09-03,SKU_3,WH_5,SUP_3,North,20.0,298.0,7.0,253,0,16.03,21.85,1,0,23.18
2024-09-04,SKU_3,WH_5,SUP_3,South,12.0,286.0,7.0,253,0,16.03,21.85,0,0,12.3
2024-09-05,SKU_3,WH_5,SUP_3,North,18.0,268.0,7.0,253,0,16.03,21.85,0,0,17.31
2024-09-06,SKU_3,WH_5,SUP_3,??UNKNOWN??,4.0,264.0,7.0,253,0,16.03,21.85,0,0,9.63
2024-09-07,SKU_3,WH_5,SUP_3,East,11.0,253.0,7.0,253,0,16.03,21.85,1,0,10.03
2024-09-08,SKU_3,WH_5,SUP_3,West,2.0,,7.0,253,300,16.03,21.85,0,0,3.32
2024-09-09,SKU_3,WH_5,SUP_3,East,1.0,550.0,7.0,253,0,16.03,21.85,0,0,0.77
2024-09-10,SKU_3,WH_5,SUP_3,East,48.0,4914.0,7.0,253,0,16.03,21.85,0,0,77.83354051513378
2024-09-11,SKU_3,WH_5,SUP_3,West,13.0,533.0,,253,0,16.03,21.85,0,0,
2024-09-12,SKU_3,WH_5,SUP_3,South,14.0,519.0,7.0,253,0,16.03,21.85,0,0,16.17
2024-09-13,SKU_3,WH_5,SUP_3,North,13.0,,7.0,253,0,16.03,21.85,0,0,14.4
2024-09-14,SKU_3,WH_5,SUP_3,West,13.0,493.0,7.0,253,0,16.03,21.85,0,0,13.77
2024-09-15,SKU_3,WH_5,SUP_3,,0.0,493.0,7.0,253,0,16.03,21.85,0,0,0.13
2024-09-16,SKU_3,WH_5,SUP_3,South,9.0,484.0,7.0,253,0,16.03,21.85,0,0,7.81
2024-09-17,SKU_3,WH_5,SUP_3,East,10.0,474.0,,253,0,16.03,21.85,0,0,
2024-09-18,SKU_3,WH_5,SUP_3,South,7.0,467.0,7.0,253,0,16.03,21.85,0,0,11.64
2024-09-19,SKU_3,WH_5,SUP_3,South,6.0,461.0,7.0,253,0,16.03,21.85,0,0,11.07
2024-09-20,SKU_3,WH_5,SUP_3,North,17.0,444.0,7.0,253,0,16.03,21.85,0,0,17.42
2024-09-21,SKU_3,WH_5,SUP_3,East,16.0,428.0,7.0,253,0,16.03,21.85,0,0,15.75
2024-09-22,SKU_3,WH_5,SUP_3,East,13.0,415.0,7.0,253,0,16.03,21.85,1,0,13.73
2024-09-23,SKU_3,WH_5,SUP_3,West,8.0,407.0,7.0,253,0,16.03,21.85,0,0,10.95
2024-09-24,SKU_3,WH_5,SUP_3,South,17.0,390.0,7.0,253,0,16.03,21.85,0,0,19.64
2024-09-25,SKU_3,WH_5,SUP_3,West,13.0,377.0,7.0,253,0,16.03,21.85,0,0,14.82
2024-09-26,SKU_3,WH_5,SUP_3,South,6.0,371.0,7.0,253,0,16.03,21.85,0,0,8.1
2024-09-27,SKU_3,WH_5,SUP_3,North,13.0,358.0,7.0,253,0,16.03,21.85,0,0,10.43
2024-09-28,SKU_3,WH_5,SUP_3,North,9.0,349.0,7.0,253,0,16.03,21.85,0,0,11.35
2024-09-29,SKU_3,WH_5,SUP_3,West,0.0,349.0,7.0,253,0,16.03,21.85,0,0,
2024-09-30,SKU_3,WH_5,SUP_3,East,5.0,344.0,7.0,253,0,16.03,21.85,0,0,7.85
2024-10-01,SKU_3,WH_5,SUP_3,East,11.0,333.0,7.0,253,0,16.03,21.85,0,0,
2024-10-02,SKU_3,WH_5,SUP_3,North,8.0,325.0,7.0,253,0,16.03,21.85,0,0,9.15
2024-10-03,SKU_3,WH_5,SUP_3,North,9.0,316.0,7.0,253,0,16.03,21.85,0,0,7.21
2024-10-04,SKU_3,WH_5,SUP_3,West,7.0,309.0,7.0,253,0,16.03,21.85,0,0,9.79
2024-10-05,SKU_3,WH_5,SUP_3,West,5.0,304.0,7.0,253,0,16.03,21.85,0,0,4.47
2024-10-06,SKU_3,WH_5,SUP_3,,5.0,299.0,7.0,253,0,16.03,21.85,0,0,11.31
2024-10-07,SKU_3,WH_5,SUP_3,East,14.0,285.0,7.0,253,0,16.03,21.85,0,0,13.85
2024-10-08,SKU_3,WH_5,SUP_3,East,2.0,283.0,,253,0,16.03,21.85,0,0,0.42
2024-10-09,SKU_3,WH_5,SUP_3,East,11.0,272.0,7.0,253,0,16.03,21.85,0,0,12.1
2024-10-10,SKU_3,WH_5,SUP_3,East,8.0,264.0,7.0,253,0,16.03,21.85,0,0,8.7
2024-10-11,SKU_3,WH_5,SUP_3,East,14.0,,7.0,253,0,16.03,21.85,0,0,12.72
2024-10-12,SKU_3,WH_5,SUP_3,North,5.0,668.0,,253,423,16.03,21.85,0,0,6.44
2024-10-13,SKU_3,WH_5,SUP_3,South,22.0,646.0,7.0,253,0,16.03,21.85,1,0,21.22
2024-10-14,SKU_3,WH_5,SUP_3,South,13.0,633.0,7.0,253,0,16.03,21.85,1,0,15.59
2024-10-15,SKU_3,WH_5,SUP_3,South,15.0,618.0,7.0,253,0,16.03,21.85,1,0,16.18
2024-10-16,SKU_3,WH_5,SUP_3,North,4.0,614.0,7.0,253,0,16.03,21.85,0,0,4.63
2024-10-17,SKU_3,WH_5,SUP_3,East,0.0,614.0,7.0,253,0,16.03,21.85,1,0,0.05
2024-10-18,SKU_3,WH_5,SUP_3,East,3.0,611.0,7.0,253,0,16.03,21.85,0,0,0.0
2024-10-19,SKU_3,WH_5,SUP_3,West,12.0,599.0,7.0,253,0,16.03,21.85,0,0,8.79
2024-10-20,SKU_3,WH_5,SUP_3,??UNKNOWN??,7.0,592.0,7.0,253,0,16.03,21.85,0,0,11.94
2024-10-21,SKU_3,WH_5,SUP_3,North,10.0,582.0,7.0,253,0,16.03,21.85,0,0,10.57
2024-10-22,SKU_3,WH_5,SUP_3,West,2.0,580.0,7.0,253,0,16.03,21.85,0,0,3.29
2024-10-23,SKU_3,WH_5,SUP_3,East,18.0,562.0,7.0,253,0,16.03,21.85,0,0,15.81
2024-10-24,SKU_3,WH_5,SUP_3,North,,,7.0,253,0,16.03,21.85,0,0,6.28
2024-10-25,SKU_3,WH_5,SUP_3,West,8.0,549.0,,253,0,16.03,21.85,0,0,3.76
2024-10-26,SKU_3,WH_5,SUP_3,East,17.0,532.0,7.0,253,0,16.03,21.85,0,0,17.29
2024-10-27,SKU_3,WH_5,SUP_3,North,4.0,528.0,7.0,253,0,16.03,21.85,0,0,7.68
2024-10-28,SKU_3,WH_5,SUP_3,South,20.0,508.0,7.0,253,0,16.03,21.85,1,0,18.06
2024-10-29,SKU_3,WH_5,SUP_3,North,17.0,491.0,7.0,253,0,16.03,21.85,0,0,14.56
2024-10-30,SKU_3,WH_5,SUP_3,North,14.0,477.0,7.0,253,0,16.03,21.85,1,0,13.8
2024-10-31,SKU_3,WH_5,SUP_3,West,7.0,470.0,7.0,253,0,16.03,21.85,1,0,9.45
2024-11-01,SKU_3,WH_5,SUP_3,North,3.0,467.0,7.0,253,0,16.03,21.85,0,0,0.0
2024-11-02,SKU_3,WH_5,SUP_3,North,10.0,457.0,7.0,253,0,16.03,21.85,0,0,7.28
2024-11-03,SKU_3,WH_5,SUP_3,West,13.0,444.0,7.0,253,0,16.03,21.85,0,0,15.93
2024-11-04,SKU_3,WH_5,SUP_3,South,14.0,430.0,7.0,253,0,16.03,21.85,0,0,16.96
2024-11-05,SKU_3,WH_5,SUP_3,West,14.0,416.0,7.0,253,0,16.03,21.85,0,0,13.81
2024-11-06,SKU_3,WH_5,SUP_3,North,2.0,414.0,7.0,253,0,16.03,21.85,0,0,1.4
2024-11-07,SKU_3,WH_5,SUP_3,,8.0,406.0,7.0,253,0,16.03,21.85,0,0,0.01
2024-11-08,SKU_3,WH_5,SUP_3,,16.0,390.0,7.0,253,0,16.03,21.85,0,0,18.81
2024-11-09,SKU_3,WH_5,SUP_3,West,8.0,382.0,,253,0,16.03,21.85,0,0,5.01
2024-11-10,SKU_3,WH_5,SUP_3,,18.0,364.0,7.0,253,0,16.03,21.85,0,0,15.97
2024-11-11,SKU_3,WH_5,SUP_3,East,5.0,359.0,7.0,253,0,16.03,21.85,0,0,3.61
2024-11-12,SKU_3,WH_5,SUP_3,South,7.0,352.0,7.0,253,0,16.03,21.85,0,0,5.54
2024-11-13,SKU_3,WH_5,SUP_3,North,11.0,341.0,7.0,253,0,16.03,21.85,0,0,9.96
2024-11-14,SKU_3,WH_5,SUP_3,South,13.0,328.0,7.0,253,0,16.03,21.85,1,0,14.48
2024-11-15,SKU_3,WH_5,SUP_3,North,14.0,314.0,7.0,253,0,16.03,21.85,0,0,18.58
2024-11-16,SKU_3,WH_5,SUP_3,East,13.0,301.0,7.0,253,0,16.03,21.85,0,0,
2024-11-17,SKU_3,WH_5,SUP_3,North,5.0,296.0,7.0,253,0,16.03,21.85,0,0,8.8
2024-11-18,SKU_3,WH_5,SUP_3,West,21.0,275.0,7.0,253,0,16.03,21.85,0,0,23.73
2024-11-19,SKU_3,WH_5,SUP_3,East,10.0,265.0,7.0,253,0,16.03,21.85,0,0,10.08
2024-11-20,SKU_3,WH_5,SUP_3,East,16.0,249.0,7.0,253,0,16.03,21.85,0,0,17.32
2024-11-21,SKU_3,WH_5,SUP_3,East,18.0,639.0,7.0,253,408,16.03,21.85,1,0,15.24
2024-11-22,SKU_3,WH_5,SUP_3,East,16.0,623.0,7.0,253,0,16.03,21.85,0,0,17.03
2024-11-23,SKU_3,WH_5,SUP_3,West,14.0,,7.0,253,0,16.03,21.85,0,0,16.09
2024-11-24,SKU_3,WH_5,SUP_3,North,20.0,589.0,7.0,253,0,16.03,21.85,0,0,
2024-11-25,SKU_3,WH_5,SUP_3,East,-21.0,-568.0,7.0,253,0,-16.03,-21.85,0,0,-14.81
2024-11-26,SKU_3,WH_5,SUP_3,North,18.0,550.0,7.0,253,0,16.03,21.85,0,0,16.69
2024-11-27,SKU_3,WH_5,SUP_3,South,238.0,2665.0,7.0,253,0,16.03,21.85,0,0,150.19061281851256
2024-11-28,SKU_3,WH_5,SUP_3,East,14.0,519.0,7.0,253,0,16.03,21.85,0,0,13.93
2024-11-29,SKU_3,WH_5,SUP_3,East,17.0,502.0,7.0,253,0,16.03,21.85,0,0,15.03
2024-11-30,SKU_3,WH_5,SUP_3,,8.0,494.0,7.0,253,0,16.03,21.85,0,0,4.51
2024-12-01,SKU_3,WH_5,SUP_3,East,7.0,487.0,7.0,253,0,16.03,21.85,0,0,3.42
2024-12-02,SKU_3,WH_5,SUP_3,East,10.0,477.0,7.0,253,0,16.03,21.85,0,0,3.2
2024-12-03,SKU_3,WH_5,SUP_3,North,11.0,466.0,7.0,253,0,16.03,21.85,0,0,11.92
2024-12-04,SKU_3,WH_5,SUP_3,East,22.0,444.0,7.0,253,0,16.03,21.85,0,0,21.18
2024-12-05,SKU_3,WH_5,SUP_3,West,17.0,427.0,7.0,253,0,16.03,21.85,0,0,16.93
2024-12-06,SKU_3,WH_5,SUP_3,North,12.0,415.0,7.0,253,0,16.03,21.85,0,0,12.66
2024-12-07,SKU_3,WH_5,SUP_3,East,14.0,401.0,7.0,253,0,16.03,21.85,0,0,14.01
2024-12-08,SKU_3,WH_5,SUP_3,South,12.0,389.0,7.0,253,0,16.03,21.85,0,0,
2024-12-09,SKU_3,WH_5,SUP_3,South,9.0,380.0,7.0,253,0,16.03,21.85,0,0,4.16
2024-12-10,SKU_3,WH_5,SUP_3,West,22.0,358.0,7.0,253,0,16.03,21.85,0,0,19.9
not_a_date,SKU_3,WH_5,SUP_3,West,,350.0,,253,0,16.03,21.85,0,0,6.58
2024-12-12,SKU_3,WH_5,SUP_3,South,15.0,335.0,7.0,253,0,16.03,21.85,0,0,16.36
2024-12-13,SKU_3,WH_5,SUP_3,East,11.0,324.0,7.0,253,0,16.03,21.85,0,0,10.46
2024-12-14,SKU_3,WH_5,SUP_3,North,,320.0,7.0,253,0,16.03,21.85,0,0,9.08
2024-12-15,SKU_3,WH_5,SUP_3,West,27.0,293.0,7.0,253,0,16.03,21.85,1,0,30.43
2024-12-16,SKU_3,WH_5,SUP_3,North,5.0,288.0,7.0,253,0,16.03,21.85,0,0,0.0
2024-12-17,SKU_3,WH_5,SUP_3,West,23.0,265.0,7.0,253,0,16.03,21.85,0,0,22.9
2024-12-18,SKU_3,WH_5,SUP_3,East,23.0,242.0,,253,0,16.03,21.85,0,0,25.55
2024-12-19,SKU_3,WH_5,SUP_3,East,17.0,648.0,7.0,253,423,16.03,21.85,0,0,
2024-12-20,SKU_3,WH_5,SUP_3,East,21.0,627.0,7.0,253,0,16.03,21.85,0,0,17.8
2024-12-21,SKU_3,WH_5,SUP_3,North,15.0,612.0,7.0,253,0,16.03,21.85,0,0,16.16
2024-12-22,SKU_3,WH_5,SUP_3,South,12.0,600.0,7.0,253,0,16.03,21.85,0,0,11.87
2024-12-23,SKU_3,WH_5,SUP_3,East,18.0,582.0,7.0,253,0,16.03,21.85,0,0,
2024-12-24,SKU_3,WH_5,SUP_3,East,19.0,563.0,7.0,253,0,16.03,21.85,0,0,17.16
2024-12-25,SKU_3,WH_5,SUP_3,North,17.0,546.0,7.0,253,0,16.03,21.85,0,0,15.67
2024-12-26,SKU_3,WH_5,SUP_3,East,19.0,,7.0,253,0,16.03,21.85,0,0,16.55
2024-12-27,SKU_3,WH_5,SUP_3,West,24.0,,7.0,253,0,16.03,21.85,0,0,24.04
2024-12-28,SKU_3,WH_5,SUP_3,North,31.0,472.0,7.0,253,0,16.03,21.85,1,0,36.81
2024-12-29,SKU_3,WH_5,SUP_3,West,18.0,454.0,7.0,253,0,16.03,21.85,0,0,13.76
2024-12-30,SKU_3,WH_5,SUP_3,South,27.0,427.0,7.0,253,0,16.03,21.85,0,0,
2024-01-01,SKU_4,WH_1,SUP_10,South,23.0,891.0,11.0,298,0,12.74,15.44,0,0,21.9
2024-01-02,SKU_4,WH_1,SUP_10,North,12.0,879.0,11.0,298,0,12.74,15.44,0,0,14.8
2024-01-03,SKU_4,WH_1,SUP_10,North,22.0,857.0,11.0,298,0,12.74,15.44,1,0,20.4
2024-01-04,SKU_4,WH_1,SUP_10,South,24.0,833.0,11.0,298,0,12.74,15.44,0,0,21.87
2024-01-05,SKU_4,WH_1,SUP_10,South,26.0,807.0,11.0,298,0,12.74,15.44,0,0,24.98
2024-01-06,SKU_4,WH_1,SUP_10,East,18.0,789.0,11.0,298,0,12.74,15.44,0,0,
2024-01-07,SKU_4,WH_1,SUP_10,West,21.0,768.0,11.0,298,0,12.74,15.44,0,0,22.28
2024-01-08,SKU_4,WH_1,SUP_10,South,missing,753.0,11.0,298,0,12.74,15.44,0,0,18.18
2024-01-09,SKU_4,WH_1,SUP_10,North,29.0,724.0,11.0,298,0,12.74,15.44,0,0,30.09
2024-01-10,SKU_4,WH_1,SUP_10,East,32.0,692.0,11.0,298,0,12.74,15.44,0,0,31.38
2024-01-11,SKU_4,WH_1,SUP_10,East,24.0,668.0,11.0,298,0,12.74,15.44,0,0,21.03
2024-01-12,SKU_4,WH_1,SUP_10,East,26.0,642.0,11.0,298,0,12.74,15.44,0,0,29.49
2024-01-13,SKU_4,WH_1,SUP_10,South,22.0,620.0,11.0,298,0,12.74,15.44,0,0,22.77
2024-01-14,SKU_4,WH_1,SUP_10,North,23.0,597.0,11.0,298,0,12.74,15.44,0,0,23.77
2024-01-15,SKU_4,WH_1,SUP_10,East,20.0,577.0,11.0,298,0,12.74,15.44,0,0,24.66
2024-01-16,SKU_4,WH_1,SUP_10,South,18.0,559.0,11.0,298,0,12.74,15.44,0,0,22.67
2024-01-17,SKU_4,WH_1,SUP_10,East,18.0,541.0,11.0,298,0,12.74,15.44,0,0,17.44
2024-01-18,SKU_4,WH_1,SUP_10,North,,523.0,11.0,298,0,12.74,15.44,0,0,20.56
2024-01-19,SKU_4,WH_1,SUP_10,,20.0,503.0,11.0,298,0,12.74,15.44,0,0,21.61
2024-01-20,SKU_4,WH_1,SUP_10,North,21.0,482.0,11.0,298,0,12.74,15.44,0,0,18.61
2024-01-21,SKU_4,WH_1,SUP_10,South,28.0,454.0,11.0,298,0,12.74,15.44,0,0,27.83
2024-01-22,SKU_4,WH_1,SUP_10,East,26.0,428.0,11.0,298,0,12.74,15.44,0,0,21.69
2024-01-23,SKU_4,WH_1,SUP_10,East,22.0,406.0,11.0,298,0,12.74,15.44,0,0,20.37
2024-01-24,SKU_4,WH_1,SUP_10,South,,385.0,11.0,298,0,12.74,15.44,0,0,19.76
2024-01-25,SKU_4,WH_1,SUP_10,South,30.0,355.0,11.0,298,0,12.74,15.44,0,0,32.16
2024-01-26,SKU_4,WH_1,SUP_10,South,29.0,326.0,11.0,298,0,12.74,15.44,0,0,21.65
2024-01-27,SKU_4,WH_1,SUP_10,North,20.0,306.0,,298,0,12.74,15.44,0,0,23.63
2024-01-28,SKU_4,WH_1,SUP_10,West,44.0,262.0,11.0,298,0,12.74,15.44,1,0,40.81
2024-01-29,SKU_4,WH_1,SUP_10,North,30.0,675.0,11.0,298,443,12.74,15.44,0,0,29.56
2024-01-30,SKU_4,WH_1,SUP_10,East,19.0,656.0,11.0,298,0,12.74,15.44,0,0,18.43
2024-01-31,SKU_4,WH_1,SUP_10,South,25.0,631.0,11.0,298,0,12.74,15.44,0,0,30.1
2024-02-01,SKU_4,WH_1,SUP_10,South,32.0,599.0,11.0,298,0,12.74,15.44,1,0,35.23
2024-02-02,SKU_4,WH_1,SUP_10,South,31.0,568.0,11.0,298,0,12.74,15.44,0,0,30.46
2024-02-03,SKU_4,WH_1,SUP_10,West,37.0,531.0,,298,0,12.74,15.44,0,0,36.15
2024-02-04,SKU_4,WH_1,SUP_10,North,35.0,496.0,11.0,298,0,12.74,15.44,0,0,36.58
2024-02-05,SKU_4,WH_1,SUP_10,South,19.0,477.0,11.0,298,0,12.74,15.44,0,0,21.17
2024-02-06,SKU_4,WH_1,SUP_10,South,27.0,450.0,11.0,298,0,12.74,15.44,0,0,31.4
2024-02-07,SKU_4,WH_1,SUP_10,West,missing,1712.0,11.0,298,0,12.74,15.44,0,0,200.27123112607012
2024-02-08,SKU_4,WH_1,SUP_10,South,35.0,393.0,11.0,298,0,12.74,15.44,1,0,35.0
2024-02-09,SKU_4,WH_1,SUP_10,North,33.0,360.0,11.0,298,0,12.74,15.44,0,0,31.77
2024-02-10,SKU_4,WH_1,SUP_10,North,37.0,323.0,11.0,298,0,12.74,15.44,1,0,39.43
2024-02-11,SKU_4,WH_1,SUP_10,West,16.0,307.0,,298,0,12.74,15.44,0,0,14.62
2024-02-12,SKU_4,WH_1,SUP_10,??UNKNOWN??,28.0,279.0,11.0,298,0,12.74,15.44,0,0,28.19
2024-02-13,SKU_4,WH_1,SUP_10,North,28.0,672.0,11.0,298,421,12.74,15.44,0,0,23.1
2024-02-14,SKU_4,WH_1,SUP_10,East,31.0,641.0,11.0,298,0,12.74,15.44,0,0,30.18
2024-02-15,SKU_4,WH_1,SUP_10,East,21.0,620.0,11.0,298,0,12.74,15.44,0,0,23.59
2024-02-16,SKU_4,WH_1,SUP_10,West,21.0,599.0,11.0,298,0,12.74,15.44,0,0,22.08
2024-02-17,SKU_4,WH_1,SUP_10,East,26.0,573.0,11.0,298,0,12.74,15.44,0,0,27.65
2024-02-18,SKU_4,WH_1,SUP_10,North,21.0,552.0,11.0,298,0,12.74,15.44,0,0,24.08
2024-02-19,SKU_4,WH_1,SUP_10,South,23.0,529.0,11.0,298,0,12.74,15.44,0,0,28.69
2024-02-20,SKU_4,WH_1,SUP_10,West,32.0,497.0,11.0,298,0,12.74,15.44,1,0,33.58
2024-02-21,SKU_4,WH_1,SUP_10,North,24.0,473.0,11.0,298,0,12.74,15.44,0,0,N/A
2024-02-22,SKU_4,WH_1,SUP_10,East,31.0,442.0,11.0,298,0,12.74,15.44,0,0,27.11
2024-02-23,SKU_4,WH_1,SUP_10,South,25.0,417.0,11.0,298,0,12.74,15.44,0,0,26.5
2024-02-24,SKU_4,WH_1,SUP_10,East,28.0,389.0,11.0,298,0,12.74,15.44,0,0,28.51
2024-02-25,SKU_4,WH_1,SUP_10,South,,358.0,,298,0,12.74,15.44,1,0,33.78
2024-02-26,SKU_4,WH_1,SUP_10,North,35.0,,11.0,298,0,12.74,15.44,0,0,36.33
2024-02-27,SKU_4,WH_1,SUP_10,West,33.0,290.0,11.0,298,0,12.74,15.44,0,0,35.06
2024-02-28,SKU_4,WH_1,SUP_10,,32.0,706.0,11.0,298,448,12.74,15.44,0,0,30.68
2024-02-29,SKU_4,WH_1,SUP_10,,27.0,679.0,11.0,298,0,12.74,15.44,1,0,26.38
2024-03-01,SKU_4,WH_1,SUP_10,East,31.0,648.0,11.0,298,0,12.74,15.44,0,0,31.16
2024-03-02,SKU_4,WH_1,SUP_10,West,30.0,618.0,11.0,298,0,12.74,15.44,0,0,31.61
2024-03-03,SKU_4,WH_1,SUP_10,,28.0,590.0,11.0,298,0,12.74,15.44,0,0,26.39
2024-03-04,SKU_4,WH_1,SUP_10,East,37.0,553.0,,298,0,12.74,15.44,1,0,35.81
2024-03-05,SKU_4,WH_1,SUP_10,West,37.0,516.0,11.0,298,0,12.74,15.44,0,0,
2024-03-06,SKU_4,WH_1,SUP_10,North,23.0,493.0,11.0,298,0,12.74,15.44,0,0,21.46
2024-03-07,SKU_4,WH_1,SUP_10,East,38.0,455.0,11.0,298,0,12.74,15.44,0,0,38.06
2024-03-08,SKU_4,WH_1,SUP_10,South,32.0,423.0,11.0,298,0,12.74,15.44,1,0,29.45
2024-03-09,SKU_4,WH_1,SUP_10,North,25.0,398.0,11.0,298,0,12.74,15.44,0,0,28.07
2024-03-10,SKU_4,WH_1,SUP_10,East,28.0,370.0,11.0,298,0,12.74,15.44,0,0,24.63
2024-03-11,SKU_4,WH_1,SUP_10,West,,,11.0,298,0,12.74,15.44,0,0,40.89
2024-03-12,SKU_4,WH_1,SUP_10,South,312.0,1530.0,11.0,298,0,12.74,15.44,0,0,251.17536157034087
2024-03-13,SKU_4,WH_1,SUP_10,East,26.0,280.0,11.0,298,0,12.74,15.44,0,0,25.4
2024-03-14,SKU_4,WH_1,SUP_10,East,26.0,546.0,11.0,298,292,12.74,15.44,0,0,21.68
2024-03-15,SKU_4,WH_1,SUP_10,North,34.0,512.0,11.0,298,0,12.74,15.44,0,0,36.48
2024-03-16,SKU_4,WH_1,SUP_10,East,40.0,472.0,11.0,298,0,12.74,15.44,1,0,33.83
2024-03-17,SKU_4,WH_1,SUP_10,East,37.0,435.0,11.0,298,0,12.74,15.44,1,0,38.99
2024-03-18,SKU_4,WH_1,SUP_10,West,33.0,402.0,11.0,298,0,12.74,15.44,0,0,28.71
2024-03-19,SKU_4,WH_1,SUP_10,West,33.0,369.0,11.0,298,0,12.74,15.44,0,0,32.46
2024-03-20,SKU_4,WH_1,SUP_10,North,26.0,343.0,11.0,298,0,12.74,15.44,0,0,29.17
2024-03-21,SKU_4,WH_1,SUP_10,North,33.0,310.0,11.0,298,0,12.74,15.44,0,0,35.98
2024-03-22,SKU_4,WH_1,SUP_10,,missing,288.0,11.0,298,0,12.74,15.44,1,0,19.78
2024-03-23,SKU_4,WH_1,SUP_10,South,33.0,470.0,11.0,298,215,12.74,15.44,0,0,
2024-03-24,SKU_4,WH_1,SUP_10,West,26.0,444.0,11.0,298,0,12.74,15.44,0,0,
2024-03-25,SKU_4,WH_1,SUP_10,North,32.0,412.0,11.0,298,0,12.74,15.44,0,0,28.9
2024-03-26,SKU_4,WH_1,SUP_10,East,26.0,386.0,11.0,298,0,12.74,15.44,0,0,28.74
2024-03-27,SKU_4,WH_1,SUP_10,North,35.0,351.0,,298,0,12.74,15.44,0,0,34.54
2024-03-28,SKU_4,WH_1,SUP_10,North,40.0,311.0,11.0,298,0,12.74,15.44,1,0,49.45
2024-03-29,SKU_4,WH_1,SUP_10,West,29.0,282.0,11.0,298,0,12.74,15.44,0,0,27.43
2024-03-30,SKU_4,WH_1,SUP_10,East,29.0,,11.0,298,404,12.74,15.44,0,0,26.27
2024-03-31,SKU_4,WH_1,SUP_10,North,24.0,633.0,11.0,298,0,12.74,15.44,0,0,23.72
2024-04-01,SKU_4,WH_1,SUP_10,North,28.0,605.0,11.0,298,0,12.74,15.44,0,0,
2024-04-02,SKU_4,WH_1,SUP_10,North,,,,298,0,12.74,15.44,0,0,27.36
2024-04-03,SKU_4,WH_1,SUP_10,North,39.0,540.0,11.0,298,0,12.74,15.44,1,0,36.27
2024-04-04,SKU_4,WH_1,SUP_10,West,,513.0,11.0,298,0,12.74,15.44,0,0,31.04
2024-04-05,SKU_4,WH_1,SUP_10,East,32.0,481.0,11.0,298,0,12.74,15.44,0,0,30.72
2024-04-06,SKU_4,WH_1,SUP_10,North,32.0,,11.0,298,0,12.74,15.44,0,0,28.84
2024-04-07,SKU_4,WH_1,SUP_10,South,21.0,428.0,11.0,298,0,12.74,15.44,0,0,20.87
2024-04-08,SKU_4,WH_1,SUP_10,West,28.0,400.0,11.0,298,0,12.74,15.44,0,0,29.54
2024-04-09,SKU_4,WH_1,SUP_10,South,30.0,370.0,11.0,298,0,12.74,15.44,0,0,27.87
2024-04-10,SKU_4,WH_1,SUP_10,East,21.0,349.0,11.0,298,0,12.74,15.44,0,0,24.68
2024-04-11,SKU_4,WH_1,SUP_10,East,43.0,306.0,,298,0,12.74,15.44,0,0,45.28
2024-04-12,SKU_4,WH_1,SUP_10,East,,283.0,,298,0,12.74,15.44,0,0,22.44
2024-04-13,SKU_4,WH_1,SUP_10,,30.0,544.0,,298,291,12.74,15.44,0,0,29.08
2024-04-14,SKU_4,WH_1,SUP_10,North,36.0,508.0,11.0,298,0,12.74,15.44,0,0,32.51
2024-04-15,SKU_4,WH_1,SUP_10,West,37.0,471.0,11.0,298,0,12.74,15.44,0,0,39.97
2024-04-16,SKU_4,WH_1,SUP_10,North,20.0,451.0,11.0,298,0,12.74,15.44,0,0,17.09
2024-04-17,SKU_4,WH_1,SUP_10,East,35.0,416.0,11.0,298,0,12.74,15.44,0,0,38.4
2024-04-18,SKU_4,WH_1,SUP_10,,24.0,392.0,11.0,298,0,12.74,15.44,0,0,23.9
2024-04-19,SKU_4,WH_1,SUP_10,South,34.0,358.0,11.0,298,0,12.74,15.44,0,0,36.2
2024-04-20,SKU_4,WH_1,SUP_10,South,30.0,328.0,11.0,298,0,12.74,15.44,0,0,32.51
2024-04-21,SKU_4,WH_1,SUP_10,South,23.0,305.0,11.0,298,0,12.74,15.44,0,0,26.09
2024-04-22,SKU_4,WH_1,SUP_10,East,23.0,282.0,11.0,298,0,12.74,15.44,0,0,
not_a_date,SKU_4,WH_1,SUP_10,,26.0,667.0,11.0,298,411,12.74,15.44,0,0,
2024-04-24,SKU_4,WH_1,SUP_10,South,28.0,,11.0,298,0,12.74,15.44,0,0,25.83
2024-04-25,SKU_4,WH_1,SUP_10,South,32.0,607.0,11.0,298,0,12.74,15.44,0,0,32.75
2024-04-26,SKU_4,WH_1,SUP_10,West,37.0,570.0,11.0,298,0,12.74,15.44,0,0,35.4
2024-04-27,SKU_4,WH_1,SUP_10,North,25.0,545.0,11.0,298,0,12.74,15.44,0,0,25.61
2024-04-28,SKU_4,WH_1,SUP_10,North,,523.0,11.0,298,0,12.74,15.44,0,0,21.27
2024-04-29,SKU_4,WH_1,SUP_10,South,26.0,497.0,11.0,298,0,12.74,15.44,0,0,22.63
2024-04-30,SKU_4,WH_1,SUP_10,East,33.0,464.0,11.0,298,0,12.74,15.44,0,0,33.84
2024-05-01,SKU_4,WH_1,SUP_10,South,32.0,432.0,11.0,298,0,12.74,15.44,0,0,30.35
2024-05-02,SKU_4,WH_1,SUP_10,West,20.0,412.0,11.0,298,0,12.74,15.44,0,0,22.18
2024-05-03,SKU_4,WH_1,SUP_10,South,24.0,388.0,11.0,298,0,12.74,15.44,0,0,21.8
2024-05-04,SKU_4,WH_1,SUP_10,North,33.0,355.0,11.0,298,0,12.74,15.44,0,0,31.69
2024-05-05,SKU_4,WH_1,SUP_10,East,31.0,324.0,11.0,298,0,12.74,15.44,1,0,28.55
2024-05-06,SKU_4,WH_1,SUP_10,North,20.0,304.0,11.0,298,0,12.74,15.44,0,0,19.61
2024-05-07,SKU_4,WH_1,SUP_10,East,24.0,280.0,11.0,298,0,12.74,15.44,0,0,26.97
2024-05-08,SKU_4,WH_1,SUP_10,West,30.0,671.0,11.0,298,421,12.74,15.44,0,0,33.5
2024-05-09,SKU_4,WH_1,SUP_10,South,33.0,638.0,11.0,298,0,12.74,15.44,0,0,33.41
2024-05-10,SKU_4,WH_1,SUP_10,West,26.0,612.0,11.0,298,0,12.74,15.44,0,0,27.22
2024-05-11,SKU_4,WH_1,SUP_10,West,,580.0,11.0,298,0,12.74,15.44,0,0,28.94
2024-05-12,SKU_4,WH_1,SUP_10,North,26.0,554.0,11.0,298,0,12.74,15.44,0,0,29.57
2024-05-13,SKU_4,WH_1,SUP_10,South,28.0,526.0,11.0,298,0,12.74,15.44,0,0,
2024-05-14,SKU_4,WH_1,SUP_10,North,24.0,502.0,11.0,298,0,12.74,15.44,0,0,24.67
2024-05-15,SKU_4,WH_1,SUP_10,North,225.0,2862.0,11.0,298,0,12.74,15.44,0,0,149.66412702385242
2024-05-16,SKU_4,WH_1,SUP_10,South,27.0,450.0,11.0,298,0,12.74,15.44,0,0,27.65
2024-05-17,SKU_4,WH_1,SUP_10,West,20.0,430.0,11.0,298,0,12.74,15.44,0,0,20.3
2024-05-18,SKU_4,WH_1,SUP_10,West,26.0,404.0,11.0,298,0,12.74,15.44,0,0,27.74
2024-05-19,SKU_4,WH_1,SUP_10,North,26.0,378.0,11.0,298,0,12.74,15.44,0,0,28.25
2024-05-20,SKU_4,WH_1,SUP_10,West,,356.0,11.0,298,0,12.74,15.44,0,0,19.11
2024-05-21,SKU_4,WH_1,SUP_10,East,23.0,333.0,11.0,298,0,12.74,15.44,0,0,20.99
2024-05-22,SKU_4,WH_1,SUP_10,East,24.0,309.0,11.0,298,0,12.74,15.44,0,0,22.98
2024-05-23,SKU_4,WH_1,SUP_10,West,,286.0,11.0,298,0,12.74,15.44,0,0,19.11
2024-05-24,SKU_4,WH_1,SUP_10,North,29.0,602.0,11.0,298,345,12.74,15.44,0,0,34.36
2024-05-25,SKU_4,WH_1,SUP_10,West,24.0,578.0,11.0,298,0,12.74,15.44,0,0,24.58
2024-05-26,SKU_4,WH_1,SUP_10,East,27.0,551.0,11.0,298,0,12.74,15.44,0,0,31.19
2024-05-27,SKU_4,WH_1,SUP_10,East,30.0,521.0,11.0,298,0,12.74,15.44,0,0,25.58
2024-05-28,SKU_4,WH_1,SUP_10,North,missing,497.0,11.0,298,0,12.74,15.44,0,0,17.95
2024-05-29,SKU_4,WH_1,SUP_10,East,-21.0,-476.0,11.0,298,0,-12.74,-15.44,0,0,-19.75
2024-05-30,SKU_4,WH_1,SUP_10,West,25.0,451.0,11.0,298,0,12.74,15.44,0,0,27.62
2024-05-31,SKU_4,WH_1,SUP_10,North,18.0,433.0,11.0,298,0,12.74,15.44,0,0,19.93
2024-06-01,SKU_4,WH_1,SUP_10,North,missing,412.0,11.0,298,0,12.74,15.44,0,0,21.56
2024-06-02,SKU_4,WH_1,SUP_10,West,20.0,392.0,11.0,298,0,12.74,15.44,0,0,
2024-06-03,SKU_4,WH_1,SUP_10,,33.0,359.0,11.0,298,0,12.74,15.44,0,0,32.99
2024-06-04,SKU_4,WH_1,SUP_10,West,23.0,336.0,11.0,298,0,12.74,15.44,1,0,26.19
2024-06-05,SKU_4,WH_1,SUP_10,North,39.0,297.0,11.0,298,0,12.74,15.44,1,0,33.35
2024-06-06,SKU_4,WH_1,SUP_10,West,,609.0,11.0,298,339,12.74,15.44,0,0,27.65
2024-06-07,SKU_4,WH_1,SUP_10,North,,588.0,11.0,298,0,12.74,15.44,0,0,21.41
2024-06-08,SKU_4,WH_1,SUP_10,North,41.0,547.0,11.0,298,0,12.74,15.44,1,0,39.29
2024-06-09,SKU_4,WH_1,SUP_10,North,25.0,522.0,11.0,298,0,12.74,15.44,0,0,24.01
2024-06-10,SKU_4,WH_1,SUP_10,East,21.0,501.0,11.0,298,0,12.74,15.44,0,0,17.74
2024-06-11,SKU_4,WH_1,SUP_10,North,31.0,470.0,11.0,298,0,12.74,15.44,0,0,30.31
2024-06-12,SKU_4,WH_1,SUP_10,??UNKNOWN??,33.0,437.0,11.0,298,0,12.74,15.44,0,0,34.57
2024-06-13,SKU_4,WH_1,SUP_10,South,14.0,423.0,11.0,298,0,12.74,15.44,0,0,15.15
2024-06-14,SKU_4,WH_1,SUP_10,West,19.0,404.0,11.0,298,0,12.74,15.44,0,0,18.23
2024-06-15,SKU_4,WH_1,SUP_10,East,23.0,381.0,11.0,298,0,12.74,15.44,1,0,18.91
2024-06-16,SKU_4,WH_1,SUP_10,East,,360.0,11.0,298,0,12.74,15.44,0,0,20.02
2024-06-17,SKU_4,WH_1,SUP_10,North,26.0,334.0,11.0,298,0,12.74,15.44,0,0,23.19
2024-06-18,SKU_4,WH_1,SUP_10,South,20.0,314.0,11.0,298,0,12.74,15.44,0,0,21.38
2024-06-19,SKU_4,WH_1,SUP_10,South,,298.0,11.0,298,0,12.74,15.44,0,0,15.84
2024-06-20,SKU_4,WH_1,SUP_10,East,-19.0,-660.0,11.0,298,-381,-12.74,-15.44,0,0,-14.88
2024-06-21,SKU_4,WH_1,SUP_10,South,20.0,640.0,11.0,298,0,12.74,15.44,0,0,
2024-06-22,SKU_4,WH_1,SUP_10,West,14.0,626.0,11.0,298,0,12.74,15.44,0,0,10.67
2024-06-23,SKU_4,WH_1,SUP_10,North,10.0,616.0,11.0,298,0,12.74,15.44,0,0,9.24
2024-06-24,SKU_4,WH_1,SUP_10,North,36.0,580.0,11.0,298,0,12.74,15.44,1,0,33.62
2024-06-25,SKU_4,WH_1,SUP_10,South,25.0,555.0,,298,0,12.74,15.44,0,0,25.76
2024-06-26,SKU_4,WH_1,SUP_10,East,14.0,541.0,11.0,298,0,12.74,15.44,0,0,12.57
2024-06-27,SKU_4,WH_1,SUP_10,East,26.0,515.0,11.0,298,0,12.74,15.44,0,0,22.53
2024-06-28,SKU_4,WH_1,SUP_10,West,18.0,,11.0,298,0,12.74,15.44,0,0,23.43
2024-06-29,SKU_4,WH_1,SUP_10,South,18.0,479.0,11.0,298,0,12.74,15.44,0,0,16.86
2024-06-30,SKU_4,WH_1,SUP_10,East,22.0,,11.0,298,0,12.74,15.44,0,0,25.12
not_a_date,SKU_4,WH_1,SUP_10,East,28.0,429.0,11.0,298,0,12.74,15.44,0,0,27.1
2024-07-02,SKU_4,WH_1,SUP_10,West,9.0,420.0,11.0,298,0,12.74,15.44,0,0,10.21
2024-07-03,SKU_4,WH_1,SUP_10,East,17.0,403.0,11.0,298,0,12.74,15.44,0,0,23.68
2024-07-04,SKU_4,WH_1,SUP_10,West,20.0,383.0,,298,0,12.74,15.44,0,0,16.58
2024-07-05,SKU_4,WH_1,SUP_10,East,14.0,369.0,11.0,298,0,12.74,15.44,0,0,15.3
2024-07-06,SKU_4,WH_1,SUP_10,West,15.0,354.0,11.0,298,0,12.74,15.44,0,0,
2024-07-07,SKU_4,WH_1,SUP_10,West,17.0,337.0,11.0,298,0,12.74,15.44,0,0,23.72
2024-07-08,SKU_4,WH_1,SUP_10,North,20.0,317.0,11.0,298,0,12.74,15.44,0,0,16.06
2024-07-09,SKU_4,WH_1,SUP_10,South,,298.0,11.0,298,0,12.74,15.44,0,0,16.72
2024-07-10,SKU_4,WH_1,SUP_10,North,14.0,591.0,11.0,298,307,12.74,15.44,0,0,17.07
2024-07-11,SKU_4,WH_1,SUP_10,North,24.0,567.0,11.0,298,0,12.74,15.44,1,0,27.16
2024-07-12,SKU_4,WH_1,SUP_10,West,13.0,554.0,11.0,298,0,12.74,15.44,0,0,18.24
2024-07-13,SKU_4,WH_1,SUP_10,North,,532.0,11.0,298,0,12.74,15.44,0,0,21.04
2024-07-14,SKU_4,WH_1,SUP_10,,22.0,510.0,11.0,298,0,12.74,15.44,0,0,21.89
2024-07-15,SKU_4,WH_1,SUP_10,West,19.0,491.0,11.0,298,0,12.74,15.44,1,0,17.65
2024-07-16,SKU_4,WH_1,SUP_10,South,19.0,472.0,11.0,298,0,12.74,15.44,0,0,16.37
2024-07-17,SKU_4,WH_1,SUP_10,East,16.0,456.0,11.0,298,0,12.74,15.44,0,0,12.69
2024-07-18,SKU_4,WH_1,SUP_10,North,15.0,441.0,11.0,298,0,12.74,15.44,0,0,13.61
2024-07-19,SKU_4,WH_1,SUP_10,North,19.0,422.0,11.0,298,0,12.74,15.44,0,0,19.34
2024-07-20,SKU_4,WH_1,SUP_10,North,23.0,399.0,11.0,298,0,12.74,15.44,0,0,23.88
2024-07-21,SKU_4,WH_1,SUP_10,North,18.0,,11.0,298,0,12.74,15.44,0,0,14.94
2024-07-22,SKU_4,WH_1,SUP_10,East,17.0,364.0,11.0,298,0,12.74,15.44,0,0,16.8
2024-07-23,SKU_4,WH_1,SUP_10,South,17.0,,11.0,298,0,12.74,15.44,0,0,13.26
2024-07-24,SKU_4,WH_1,SUP_10,East,15.0,332.0,11.0,298,0,12.74,15.44,0,0,
2024-07-25,SKU_4,WH_1,SUP_10,South,25.0,307.0,11.0,298,0,12.74,15.44,0,0,26.34
2024-07-26,SKU_4,WH_1,SUP_10,East,13.0,294.0,11.0,298,0,12.74,15.44,0,0,12.2
2024-07-27,SKU_4,WH_1,SUP_10,West,20.0,748.0,11.0,298,474,12.74,15.44,0,0,21.93
2024-07-28,SKU_4,WH_1,SUP_10,North,26.0,722.0,11.0,298,0,12.74,15.44,0,0,24.94
2024-07-29,SKU_4,WH_1,SUP_10,West,10.0,712.0,11.0,298,0,12.74,15.44,0,0,12.04
2024-07-30,SKU_4,WH_1,SUP_10,West,16.0,696.0,11.0,298,0,12.74,15.44,0,0,17.46
2024-07-31,SKU_4,WH_1,SUP_10,South,30.0,666.0,11.0,298,0,12.74,15.44,0,0,27.88
2024-08-01,SKU_4,WH_1,SUP_10,East,13.0,653.0,11.0,298,0,12.74,15.44,0,0,12.13
2024-08-02,SKU_4,WH_1,SUP_10,South,21.0,632.0,11.0,298,0,12.74,15.44,0,0,21.75
2024-08-03,SKU_4,WH_1,SUP_10,East,17.0,615.0,11.0,298,0,12.74,15.44,0,0,17.03
2024-08-04,SKU_4,WH_1,SUP_10,South,14.0,601.0,11.0,298,0,12.74,15.44,0,0,11.02
2024-08-05,SKU_4,WH_1,SUP_10,East,14.0,587.0,11.0,298,0,12.74,15.44,0,0,12.1
2024-08-06,SKU_4,WH_1,SUP_10,North,17.0,570.0,11.0,298,0,12.74,15.44,0,0,20.61
2024-08-07,SKU_4,WH_1,SUP_10,East,10.0,560.0,11.0,298,0,12.74,15.44,0,0,6.75
2024-08-08,SKU_4,WH_1,SUP_10,North,10.0,550.0,11.0,298,0,12.74,15.44,1,0,11.23
2024-08-09,SKU_4,WH_1,SUP_10,North,15.0,535.0,,298,0,12.74,15.44,0,0,18.98
2024-08-10,SKU_4,WH_1,SUP_10,South,9.0,526.0,11.0,298,0,12.74,15.44,0,0,2.2
2024-08-11,SKU_4,WH_1,SUP_10,North,9.0,517.0,11.0,298,0,12.74,15.44,0,0,10.44
2024-08-12,SKU_4,WH_1,SUP_10,West,19.0,498.0,11.0,298,0,12.74,15.44,0,0,17.79
2024-08-13,SKU_4,WH_1,SUP_10,East,5.0,493.0,11.0,298,0,12.74,15.44,0,0,4.77
2024-08-14,SKU_4,WH_1,SUP_10,South,15.0,478.0,11.0,298,0,12.74,15.44,1,0,17.03
2024-08-15,SKU_4,WH_1,SUP_10,East,9.0,469.0,11.0,298,0,12.74,15.44,0,0,4.37
2024-08-16,SKU_4,WH_1,SUP_10,North,12.0,457.0,11.0,298,0,12.74,15.44,0,0,8.36
2024-08-17,SKU_4,WH_1,SUP_10,West,4.0,453.0,11.0,298,0,12.74,15.44,0,0,4.3
2024-08-18,SKU_4,WH_1,SUP_10,South,12.0,441.0,11.0,298,0,12.74,15.44,0,0,14.43
2024-08-19,SKU_4,WH_1,SUP_10,South,15.0,426.0,11.0,298,0,12.74,15.44,0,0,14.22
2024-08-20,SKU_4,WH_1,SUP_10,East,9.0,417.0,,298,0,12.74,15.44,0,0,12.04
2024-08-21,SKU_4,WH_1,SUP_10,??UNKNOWN??,33.0,384.0,11.0,298,0,12.74,15.44,1,0,31.6
2024-08-22,SKU_4,WH_1,SUP_10,South,11.0,373.0,11.0,298,0,12.74,15.44,0,0,9.12
2024-08-23,SKU_4,WH_1,SUP_10,,7.0,366.0,11.0,298,0,12.74,15.44,0,0,7.2
2024-08-24,SKU_4,WH_1,SUP_10,East,10.0,356.0,11.0,298,0,12.74,15.44,0,0,13.1
2024-08-25,SKU_4,WH_1,SUP_10,South,9.0,347.0,11.0,298,0,12.74,15.44,0,0,6.52
2024-08-26,SKU_4,WH_1,SUP_10,East,9.0,338.0,11.0,298,0,12.74,15.44,0,0,
2024-08-27,SKU_4,WH_1,SUP_10,North,,324.0,11.0,298,0,12.74,15.44,0,0,21.92
2024-08-28,SKU_4,WH_1,SUP_10,??UNKNOWN??,10.0,314.0,11.0,298,0,12.74,15.44,0,0,8.59
2024-08-29,SKU_4,WH_1,SUP_10,South,7.0,307.0,11.0,298,0,12.74,15.44,1,0,10.59
2024-08-30,SKU_4,WH_1,SUP_10,South,19.0,288.0,11.0,298,0,12.74,15.44,0,0,16.23
2024-08-31,SKU_4,WH_1,SUP_10,West,8.0,526.0,11.0,298,246,12.74,15.44,0,0,6.25
2024-09-01,SKU_4,WH_1,SUP_10,East,,516.0,11.0,298,0,12.74,15.44,0,0,13.24
2024-09-02,SKU_4,WH_1,SUP_10,South,,516.0,11.0,298,0,12.74,15.44,0,0,1.34
2024-09-03,SKU_4,WH_1,SUP_10,East,14.0,502.0,11.0,298,0,12.74,15.44,1,0,9.14
2024-09-04,SKU_4,WH_1,SUP_10,South,,491.0,11.0,298,0,12.74,15.44,0,0,9.72
2024-09-05,SKU_4,WH_1,SUP_10,West,16.0,475.0,11.0,298,0,12.74,15.44,1,0,16.85
2024-09-06,SKU_4,WH_1,SUP_10,West,17.0,458.0,11.0,298,0,12.74,15.44,0,0,19.09
2024-09-07,SKU_4,WH_1,SUP_10,North,8.0,450.0,11.0,298,0,12.74,15.44,0,0,
2024-09-08,SKU_4,WH_1,SUP_10,South,12.0,438.0,11.0,298,0,12.74,15.44,0,0,17.41
2024-09-09,SKU_4,WH_1,SUP_10,West,10.0,428.0,11.0,298,0,12.74,15.44,0,0,8.01
2024-09-10,SKU_4,WH_1,SUP_10,North,13.0,415.0,11.0,298,0,12.74,15.44,0,0,18.43
2024-09-11,SKU_4,WH_1,SUP_10,East,13.0,402.0,11.0,298,0,12.74,15.44,0,0,12.24
2024-09-12,SKU_4,WH_1,SUP_10,South,3.0,399.0,11.0,298,0,12.74,15.44,0,0,4.46
2024-09-13,SKU_4,WH_1,SUP_10,East,17.0,382.0,11.0,298,0,12.74,15.44,0,0,13.13
2024-09-14,SKU_4,WH_1,SUP_10,West,28.0,354.0,11.0,298,0,12.74,15.44,1,0,25.95
2024-09-15,SKU_4,WH_1,SUP_10,South,15.0,339.0,11.0,298,0,12.74,15.44,1,0,
2024-09-16,SKU_4,WH_1,SUP_10,North,14.0,325.0,11.0,298,0,12.74,15.44,1,0,13.7
2024-09-17,SKU_4,WH_1,SUP_10,East,12.0,,11.0,298,0,12.74,15.44,0,0,18.6
2024-09-18,SKU_4,WH_1,SUP_10,West,14.0,299.0,11.0,298,0,12.74,15.44,0,0,15.03
2024-09-19,SKU_4,WH_1,SUP_10,East,,290.0,11.0,298,0,12.74,15.44,0,0,10.57
2024-09-20,SKU_4,WH_1,SUP_10,South,,550.0,11.0,298,272,12.74,15.44,0,0,12.22
2024-09-21,SKU_4,WH_1,SUP_10,West,5.0,545.0,11.0,298,0,12.74,15.44,0,0,0.63
2024-09-22,SKU_4,WH_1,SUP_10,North,6.0,539.0,11.0,298,0,12.74,15.44,0,0,7.99
2024-09-23,SKU_4,WH_1,SUP_10,South,1.0,538.0,11.0,298,0,12.74,15.44,0,0,0.0
2024-09-24,SKU_4,WH_1,SUP_10,East,15.0,523.0,11.0,298,0,12.74,15.44,0,0,13.5
2024-09-25,SKU_4,WH_1,SUP_10,East,10.0,513.0,11.0,298,0,12.74,15.44,0,0,10.18
2024-09-26,SKU_4,WH_1,SUP_10,West,13.0,500.0,11.0,298,0,12.74,15.44,0,0,7.76
2024-09-27,SKU_4,WH_1,SUP_10,North,9.0,491.0,11.0,298,0,12.74,15.44,0,0,10.16
2024-09-28,SKU_4,WH_1,SUP_10,North,5.0,486.0,11.0,298,0,12.74,15.44,0,0,2.12
2024-09-29,SKU_4,WH_1,SUP_10,South,5.0,481.0,11.0,298,0,12.74,15.44,0,0,5.12
2024-09-30,SKU_4,WH_1,SUP_10,South,15.0,466.0,,298,0,12.74,15.44,1,0,10.22
2024-10-01,SKU_4,WH_1,SUP_10,??UNKNOWN??,10.0,456.0,11.0,298,0,12.74,15.44,1,0,12.18
2024-10-02,SKU_4,WH_1,SUP_10,West,,449.0,11.0,298,0,12.74,15.44,0,0,4.57
2024-10-03,SKU_4,WH_1,SUP_10,North,9.0,440.0,11.0,298,0,12.74,15.44,0,0,8.81
2024-10-04,SKU_4,WH_1,SUP_10,North,10.0,430.0,11.0,298,0,12.74,15.44,0,0,
2024-10-05,SKU_4,WH_1,SUP_10,North,10.0,420.0,11.0,298,0,12.74,15.44,0,0,11.44
2024-10-06,SKU_4,WH_1,SUP_10,East,7.0,413.0,11.0,298,0,12.74,15.44,0,0,5.38
2024-10-07,SKU_4,WH_1,SUP_10,South,9.0,404.0,11.0,298,0,12.74,15.44,0,0,6.04
2024-10-08,SKU_4,WH_1,SUP_10,South,7.0,397.0,11.0,298,0,12.74,15.44,0,0,4.96
2024-10-09,SKU_4,WH_1,SUP_10,South,12.0,385.0,11.0,298,0,12.74,15.44,0,0,14.02
2024-10-10,SKU_4,WH_1,SUP_10,East,5.0,380.0,,298,0,12.74,15.44,1,0,3.96
2024-10-11,SKU_4,WH_1,SUP_10,West,9.0,371.0,11.0,298,0,12.74,15.44,0,0,10.55
2024-10-12,SKU_4,WH_1,SUP_10,East,13.0,358.0,11.0,298,0,12.74,15.44,0,0,13.54
2024-10-13,SKU_4,WH_1,SUP_10,East,9.0,349.0,11.0,298,0,12.74,15.44,0,0,10.43
2024-10-14,SKU_4,WH_1,SUP_10,North,15.0,334.0,11.0,298,0,12.74,15.44,0,0,15.57
2024-10-15,SKU_4,WH_1,SUP_10,South,11.0,323.0,11.0,298,0,12.74,15.44,0,0,10.91
2024-10-16,SKU_4,WH_1,SUP_10,West,6.0,317.0,11.0,298,0,12.74,15.44,0,0,9.43
2024-10-17,SKU_4,WH_1,SUP_10,East,,295.0,11.0,298,0,12.74,15.44,0,0,18.74
2024-10-18,SKU_4,WH_1,SUP_10,West,19.0,762.0,11.0,298,486,12.74,15.44,0,0,16.24
2024-10-19,SKU_4,WH_1,SUP_10,West,14.0,748.0,11.0,298,0,12.74,15.44,0,0,13.63
2024-10-20,SKU_4,WH_1,SUP_10,West,10.0,738.0,11.0,298,0,12.74,15.44,0,0,13.48
2024-10-21,SKU_4,WH_1,SUP_10,East,13.0,725.0,11.0,298,0,12.74,15.44,0,0,12.7
2024-10-22,SKU_4,WH_1,SUP_10,North,0.0,725.0,11.0,298,0,12.74,15.44,0,0,1.16
2024-10-23,SKU_4,WH_1,SUP_10,South,12.0,713.0,11.0,298,0,12.74,15.44,0,0,8.89
2024-10-24,SKU_4,WH_1,SUP_10,North,6.0,707.0,11.0,298,0,12.74,15.44,1,0,3.95
2024-10-25,SKU_4,WH_1,SUP_10,South,0.0,707.0,11.0,298,0,12.74,15.44,0,0,0.43
2024-10-26,SKU_4,WH_1,SUP_10,??UNKNOWN??,5.0,702.0,11.0,298,0,12.74,15.44,0,0,3.47
2024-10-27,SKU_4,WH_1,SUP_10,North,25.0,677.0,11.0,298,0,12.74,15.44,0,0,26.66
2024-10-28,SKU_4,WH_1,SUP_10,North,12.0,665.0,11.0,298,0,12.74,15.44,0,0,11.55
2024-10-29,SKU_4,WH_1,SUP_10,North,,653.0,11.0,298,0,12.74,15.44,0,0,12.27
2024-10-30,SKU_4,WH_1,SUP_10,South,15.0,638.0,11.0,298,0,12.74,15.44,1,0,14.95
2024-10-31,SKU_4,WH_1,SUP_10,East,5.0,633.0,11.0,298,0,12.74,15.44,0,0,4.3
2024-11-01,SKU_4,WH_1,SUP_10,West,12.0,621.0,11.0,298,0,12.74,15.44,0,0,9.77
2024-11-02,SKU_4,WH_1,SUP_10,West,7.0,614.0,11.0,298,0,12.74,15.44,0,0,6.05
2024-11-03,SKU_4,WH_1,SUP_10,East,5.0,609.0,11.0,298,0,12.74,15.44,0,0,0.0
2024-11-04,SKU_4,WH_1,SUP_10,North,5.0,604.0,11.0,298,0,12.74,15.44,0,0,11.98
2024-11-05,SKU_4,WH_1,SUP_10,North,9.0,595.0,11.0,298,0,12.74,15.44,0,0,12.96
2024-11-06,SKU_4,WH_1,SUP_10,East,8.0,587.0,11.0,298,0,12.74,15.44,0,0,0.42
2024-11-07,SKU_4,WH_1,SUP_10,West,10.0,577.0,11.0,298,0,12.74,15.44,0,0,8.98
2024-11-08,SKU_4,WH_1,SUP_10,East,14.0,563.0,11.0,298,0,12.74,15.44,0,0,14.11
2024-11-09,SKU_4,WH_1,SUP_10,North,8.0,555.0,11.0,298,0,12.74,15.44,0,0,8.03
2024-11-10,SKU_4,WH_1,SUP_10,East,7.0,,11.0,298,0,12.74,15.44,0,0,14.66
2024-11-11,SKU_4,WH_1,SUP_10,South,8.0,540.0,11.0,298,0,12.74,15.44,0,0,5.35
2024-11-12,SKU_4,WH_1,SUP_10,South,19.0,521.0,11.0,298,0,12.74,15.44,0,0,17.07
2024-11-13,SKU_4,WH_1,SUP_10,South,17.0,504.0,11.0,298,0,12.74,15.44,0,0,16.15
2024-11-14,SKU_4,WH_1,SUP_10,South,13.0,491.0,11.0,298,0,12.74,15.44,0,0,12.18
2024-11-15,SKU_4,WH_1,SUP_10,North,8.0,483.0,11.0,298,0,12.74,15.44,0,0,11.95
2024-11-16,SKU_4,WH_1,SUP_10,North,19.0,464.0,11.0,298,0,12.74,15.44,0,0,19.63
2024-11-17,SKU_4,WH_1,SUP_10,North,8.0,456.0,11.0,298,0,12.74,15.44,0,0,10.33
2024-11-18,SKU_4,WH_1,SUP_10,West,,439.0,11.0,298,0,12.74,15.44,0,0,19.07
2024-11-19,SKU_4,WH_1,SUP_10,,12.0,427.0,11.0,298,0,12.74,15.44,0,0,8.39
2024-11-20,SKU_4,WH_1,SUP_10,West,12.0,415.0,11.0,298,0,12.74,15.44,0,0,5.23
2024-11-21,SKU_4,WH_1,SUP_10,East,21.0,394.0,11.0,298,0,12.74,15.44,0,0,20.07
2024-11-22,SKU_4,WH_1,SUP_10,West,24.0,370.0,11.0,298,0,12.74,15.44,1,0,16.66
2024-11-23,SKU_4,WH_1,SUP_10,East,8.0,362.0,11.0,298,0,12.74,15.44,0,0,8.75
2024-11-24,SKU_4,WH_1,SUP_10,East,-26.0,-336.0,11.0,298,0,-12.74,-15.44,0,0,-27.87
2024-11-25,SKU_4,WH_1,SUP_10,East,,326.0,11.0,298,0,12.74,15.44,0,0,11.78
2024-11-26,SKU_4,WH_1,SUP_10,West,12.0,314.0,,298,0,12.74,15.44,0,0,11.44
2024-11-27,SKU_4,WH_1,SUP_10,West,21.0,293.0,11.0,298,0,12.74,15.44,0,0,18.95
2024-11-28,SKU_4,WH_1,SUP_10,South,17.0,769.0,11.0,298,493,12.74,15.44,0,0,21.23
2024-11-29,SKU_4,WH_1,SUP_10,East,12.0,,11.0,298,0,12.74,15.44,0,0,9.54
2024-11-30,SKU_4,WH_1,SUP_10,East,14.0,743.0,11.0,298,0,12.74,15.44,0,0,11.76
2024-12-01,SKU_4,WH_1,SUP_10,East,11.0,732.0,11.0,298,0,12.74,15.44,0,0,8.37
2024-12-02,SKU_4,WH_1,SUP_10,East,13.0,719.0,11.0,298,0,12.74,15.44,0,0,16.73
2024-12-03,SKU_4,WH_1,SUP_10,West,11.0,708.0,11.0,298,0,12.74,15.44,0,0,12.87
2024-12-04,SKU_4,WH_1,SUP_10,North,,688.0,11.0,298,0,12.74,15.44,0,0,14.87
2024-12-05,SKU_4,WH_1,SUP_10,South,13.0,675.0,11.0,298,0,12.74,15.44,0,0,11.55
2024-12-06,SKU_4,WH_1,SUP_10,East,16.0,659.0,11.0,298,0,12.74,15.44,1,0,14.26
2024-12-07,SKU_4,WH_1,SUP_10,South,13.0,646.0,11.0,298,0,12.74,15.44,0,0,16.52
2024-12-08,SKU_4,WH_1,SUP_10,West,12.0,,11.0,298,0,12.74,15.44,0,0,10.76
2024-12-09,SKU_4,WH_1,SUP_10,West,,622.0,,298,0,12.74,15.44,0,0,5.52
2024-12-10,SKU_4,WH_1,SUP_10,East,15.0,607.0,11.0,298,0,12.74,15.44,0,0,19.23
2024-12-11,SKU_4,WH_1,SUP_10,East,14.0,593.0,11.0,298,0,12.74,15.44,0,0,10.23
2024-12-12,SKU_4,WH_1,SUP_10,East,24.0,569.0,11.0,298,0,12.74,15.44,0,0,28.46
2024-12-13,SKU_4,WH_1,SUP_10,West,21.0,548.0,11.0,298,0,12.74,15.44,0,0,17.68
2024-12-14,SKU_4,WH_1,SUP_10,South,8.0,540.0,11.0,298,0,12.74,15.44,0,0,12.03
2024-12-15,SKU_4,WH_1,SUP_10,East,15.0,525.0,11.0,298,0,12.74,15.44,0,0,16.48
2024-12-16,SKU_4,WH_1,SUP_10,South,,500.0,,298,0,12.74,15.44,0,0,20.3
2024-12-17,SKU_4,WH_1,SUP_10,East,18.0,482.0,11.0,298,0,12.74,15.44,0,0,19.33
2024-12-18,SKU_4,WH_1,SUP_10,East,16.0,466.0,11.0,298,0,12.74,15.44,1,0,14.76
2024-12-19,SKU_4,WH_1,SUP_10,South,14.0,452.0,11.0,298,0,12.74,15.44,0,0,15.63
2024-12-20,SKU_4,WH_1,SUP_10,North,15.0,437.0,11.0,298,0,12.74,15.44,1,0,12.58
2024-12-21,SKU_4,WH_1,SUP_10,South,39.0,398.0,11.0,298,0,12.74,15.44,0,0,36.53
2024-12-22,SKU_4,WH_1,SUP_10,South,23.0,375.0,11.0,298,0,12.74,15.44,0,0,22.28
2024-12-23,SKU_4,WH_1,SUP_10,North,24.0,351.0,,298,0,12.74,15.44,0,0,26.98
2024-12-24,SKU_4,WH_1,SUP_10,East,18.0,333.0,11.0,298,0,12.74,15.44,0,0,17.93
2024-12-25,SKU_4,WH_1,SUP_10,North,27.0,306.0,11.0,298,0,12.74,15.44,0,0,28.95
2024-12-26,SKU_4,WH_1,SUP_10,North,14.0,292.0,11.0,298,0,12.74,15.44,0,0,11.14
2024-12-27,SKU_4,WH_1,SUP_10,North,20.0,480.0,11.0,298,208,12.74,15.44,0,0,22.38
2024-12-28,SKU_4,WH_1,SUP_10,East,26.0,454.0,11.0,298,0,12.74,15.44,1,0,26.93
2024-12-29,SKU_4,WH_1,SUP_10,North,15.0,439.0,11.0,298,0,12.74,15.44,0,0,8.81
2024-12-30,SKU_4,WH_1,SUP_10,North,22.0,417.0,11.0,298,0,12.74,15.44,0,0,18.79
2024-01-01,SKU_4,WH_2,SUP_9,West,26.0,527.0,13.0,317,0,19.25,31.31,0,0,25.34
2024-01-02,SKU_4,WH_2,SUP_9,South,14.0,513.0,13.0,317,0,19.25,31.31,0,0,15.99
2024-01-03,SKU_4,WH_2,SUP_9,North,missing,488.0,13.0,317,0,19.25,31.31,0,0,25.42
2024-01-04,SKU_4,WH_2,SUP_9,South,17.0,471.0,13.0,317,0,19.25,31.31,0,0,19.78
2024-01-05,SKU_4,WH_2,SUP_9,West,21.0,,13.0,317,0,19.25,31.31,0,0,20.87
2024-01-06,SKU_4,WH_2,SUP_9,South,25.0,425.0,13.0,317,0,19.25,31.31,0,0,28.78
2024-01-07,SKU_4,WH_2,SUP_9,East,21.0,404.0,13.0,317,0,19.25,31.31,0,0,19.62
2024-01-08,SKU_4,WH_2,SUP_9,North,16.0,388.0,13.0,317,0,19.25,31.31,0,0,14.04
2024-01-09,SKU_4,WH_2,SUP_9,North,18.0,370.0,13.0,317,0,19.25,31.31,0,0,17.88
2024-01-10,SKU_4,WH_2,SUP_9,East,15.0,355.0,13.0,317,0,19.25,31.31,1,0,11.59
2024-01-11,SKU_4,WH_2,SUP_9,West,,330.0,13.0,317,0,19.25,31.31,0,0,28.65
2024-01-12,SKU_4,WH_2,SUP_9,West,31.0,299.0,13.0,317,0,19.25,31.31,0,0,27.42
2024-01-13,SKU_4,WH_2,SUP_9,South,30.0,596.0,13.0,317,327,19.25,31.31,0,0,28.3
2024-01-14,SKU_4,WH_2,SUP_9,West,27.0,,13.0,317,0,19.25,31.31,0,0,
2024-01-15,SKU_4,WH_2,SUP_9,,19.0,550.0,13.0,317,0,19.25,31.31,0,0,17.11
2024-01-16,SKU_4,WH_2,SUP_9,West,24.0,526.0,13.0,317,0,19.25,31.31,0,0,26.82
2024-01-17,SKU_4,WH_2,SUP_9,West,,511.0,13.0,317,0,19.25,31.31,0,0,14.09
2024-01-18,SKU_4,WH_2,SUP_9,West,21.0,490.0,13.0,317,0,19.25,31.31,0,0,20.18
2024-01-19,SKU_4,WH_2,SUP_9,North,19.0,471.0,13.0,317,0,19.25,31.31,0,0,17.49
2024-01-20,SKU_4,WH_2,SUP_9,South,26.0,445.0,13.0,317,0,19.25,31.31,0,0,25.94
2024-01-21,SKU_4,WH_2,SUP_9,North,21.0,424.0,13.0,317,0,19.25,31.31,0,0,20.3
2024-01-22,SKU_4,WH_2,SUP_9,North,9.0,415.0,13.0,317,0,19.25,31.31,0,0,10.7
2024-01-23,SKU_4,WH_2,SUP_9,East,28.0,387.0,13.0,317,0,19.25,31.31,0,0,29.64
2024-01-24,SKU_4,WH_2,SUP_9,West,20.0,367.0,13.0,317,0,19.25,31.31,0,0,20.21
2024-01-25,SKU_4,WH_2,SUP_9,East,29.0,338.0,13.0,317,0,19.25,31.31,0,0,29.75
2024-01-26,SKU_4,WH_2,SUP_9,East,20.0,318.0,13.0,317,0,19.25,31.31,0,0,21.25
2024-01-27,SKU_4,WH_2,SUP_9,North,20.0,,13.0,317,0,19.25,31.31,0,0,24.65
2024-01-28,SKU_4,WH_2,SUP_9,North,21.0,734.0,13.0,317,457,19.25,31.31,0,0,N/A
2024-01-29,SKU_4,WH_2,SUP_9,North,21.0,,13.0,317,0,19.25,31.31,0,0,21.53
2024-01-30,SKU_4,WH_2,SUP_9,North,24.0,689.0,13.0,317,0,19.25,31.31,0,0,22.71
2024-01-31,SKU_4,WH_2,SUP_9,West,24.0,,13.0,317,0,19.25,31.31,0,0,20.97
2024-02-01,SKU_4,WH_2,SUP_9,West,20.0,645.0,13.0,317,0,19.25,31.31,0,0,21.93
2024-02-02,SKU_4,WH_2,SUP_9,East,21.0,624.0,13.0,317,0,19.25,31.31,0,0,22.07
2024-02-03,SKU_4,WH_2,SUP_9,East,29.0,595.0,13.0,317,0,19.25,31.31,0,0,29.09
2024-02-04,SKU_4,WH_2,SUP_9,North,missing,549.0,13.0,317,0,19.25,31.31,1,0,49.81
2024-02-05,SKU_4,WH_2,SUP_9,South,17.0,532.0,13.0,317,0,19.25,31.31,0,0,21.11
2024-02-06,SKU_4,WH_2,SUP_9,East,22.0,510.0,13.0,317,0,19.25,31.31,0,0,20.44
2024-02-07,SKU_4,WH_2,SUP_9,South,21.0,489.0,,317,0,19.25,31.31,0,0,23.49
2024-02-08,SKU_4,WH_2,SUP_9,East,21.0,468.0,13.0,317,0,19.25,31.31,0,0,18.38
2024-02-09,SKU_4,WH_2,SUP_9,South,29.0,,13.0,317,0,19.25,31.31,0,0,29.24
2024-02-10,SKU_4,WH_2,SUP_9,West,27.0,412.0,13.0,317,0,19.25,31.31,0,0,36.4
2024-02-11,SKU_4,WH_2,SUP_9,East,24.0,388.0,13.0,317,0,19.25,31.31,0,0,23.86
2024-02-12,SKU_4,WH_2,SUP_9,South,25.0,363.0,13.0,317,0,19.25,31.31,0,0,25.94
2024-02-13,SKU_4,WH_2,SUP_9,East,missing,339.0,13.0,317,0,19.25,31.31,0,0,25.0
2024-02-14,SKU_4,WH_2,SUP_9,North,24.0,315.0,13.0,317,0,19.25,31.31,0,0,24.77
2024-02-15,SKU_4,WH_2,SUP_9,East,24.0,,13.0,317,210,19.25,31.31,1,0,23.21
2024-02-16,SKU_4,WH_2,SUP_9,South,19.0,482.0,13.0,317,0,19.25,31.31,0,0,20.48
2024-02-17,SKU_4,WH_2,SUP_9,East,24.0,458.0,13.0,317,0,19.25,31.31,0,0,22.65
2024-02-18,SKU_4,WH_2,SUP_9,South,27.0,431.0,13.0,317,0,19.25,31.31,0,0,25.85
2024-02-19,SKU_4,WH_2,SUP_9,East,28.0,403.0,13.0,317,0,19.25,31.31,0,0,27.45
2024-02-20,SKU_4,WH_2,SUP_9,North,38.0,365.0,13.0,317,0,19.25,31.31,0,0,45.68
2024-02-21,SKU_4,WH_2,SUP_9,West,22.0,343.0,13.0,317,0,19.25,31.31,0,0,15.04
2024-02-22,SKU_4,WH_2,SUP_9,North,23.0,320.0,13.0,317,0,19.25,31.31,0,0,29.14
2024-02-23,SKU_4,WH_2,SUP_9,South,29.0,291.0,13.0,317,0,19.25,31.31,0,0,29.86
2024-02-24,SKU_4,WH_2,SUP_9,North,23.0,682.0,13.0,317,414,19.25,31.31,0,0,22.56
2024-02-25,SKU_4,WH_2,SUP_9,South,30.0,652.0,13.0,317,0,19.25,31.31,0,0,36.15
2024-02-26,SKU_4,WH_2,SUP_9,East,29.0,623.0,13.0,317,0,19.25,31.31,0,0,28.56
2024-02-27,SKU_4,WH_2,SUP_9,South,35.0,588.0,13.0,317,0,19.25,31.31,1,0,40.13
2024-02-28,SKU_4,WH_2,SUP_9,West,37.0,551.0,13.0,317,0,19.25,31.31,1,0,38.45
2024-02-29,SKU_4,WH_2,SUP_9,North,33.0,518.0,13.0,317,0,19.25,31.31,0,0,
2024-03-01,SKU_4,WH_2,SUP_9,East,27.0,491.0,13.0,317,0,19.25,31.31,0,0,25.2
2024-03-02,SKU_4,WH_2,SUP_9,South,29.0,462.0,13.0,317,0,19.25,31.31,0,0,28.35
2024-03-03,SKU_4,WH_2,SUP_9,South,31.0,431.0,13.0,317,0,19.25,31.31,0,0,29.35
2024-03-04,SKU_4,WH_2,SUP_9,South,22.0,409.0,13.0,317,0,19.25,31.31,0,0,21.88
2024-03-05,SKU_4,WH_2,SUP_9,South,20.0,389.0,13.0,317,0,19.25,31.31,0,0,17.03
2024-03-06,SKU_4,WH_2,SUP_9,West,23.0,366.0,13.0,317,0,19.25,31.31,0,0,21.95
2024-03-07,SKU_4,WH_2,SUP_9,South,25.0,341.0,13.0,317,0,19.25,31.31,0,0,26.85
2024-03-08,SKU_4,WH_2,SUP_9,North,29.0,312.0,13.0,317,0,19.25,31.31,0,0,30.31
2024-03-09,SKU_4,WH_2,SUP_9,West,,670.0,13.0,317,382,19.25,31.31,0,0,26.67
2024-03-10,SKU_4,WH_2,SUP_9,South,24.0,646.0,13.0,317,0,19.25,31.31,0,0,20.24
2024-03-11,SKU_4,WH_2,SUP_9,South,32.0,614.0,13.0,317,0,19.25,31.31,0,0,36.97
2024-03-12,SKU_4,WH_2,SUP_9,West,21.0,593.0,13.0,317,0,19.25,31.31,0,0,19.09
2024-03-13,SKU_4,WH_2,SUP_9,West,26.0,567.0,13.0,317,0,19.25,31.31,0,0,26.73
2024-03-14,SKU_4,WH_2,SUP_9,West,26.0,541.0,13.0,317,0,19.25,31.31,0,0,25.94
2024-03-15,SKU_4,WH_2,SUP_9,North,33.0,508.0,13.0,317,0,19.25,31.31,0,0,33.64
2024-03-16,SKU_4,WH_2,SUP_9,North,30.0,478.0,13.0,317,0,19.25,31.31,0,0,34.32
2024-03-17,SKU_4,WH_2,SUP_9,East,29.0,449.0,13.0,317,0,19.25,31.31,0,0,29.13
2024-03-18,SKU_4,WH_2,SUP_9,West,36.0,413.0,13.0,317,0,19.25,31.31,0,0,37.01
2024-03-19,SKU_4,WH_2,SUP_9,West,26.0,387.0,13.0,317,0,19.25,31.31,0,0,25.43
2024-03-20,SKU_4,WH_2,SUP_9,South,28.0,359.0,,317,0,19.25,31.31,0,0,24.52
2024-03-21,SKU_4,WH_2,SUP_9,West,33.0,326.0,13.0,317,0,19.25,31.31,0,0,27.21
2024-03-22,SKU_4,WH_2,SUP_9,South,36.0,290.0,13.0,317,0,19.25,31.31,0,0,29.99
2024-03-23,SKU_4,WH_2,SUP_9,North,20.0,485.0,13.0,317,215,19.25,31.31,0,0,N/A
2024-03-24,SKU_4,WH_2,SUP_9,North,40.0,445.0,13.0,317,0,19.25,31.31,0,0,39.16
2024-03-25,SKU_4,WH_2,SUP_9,North,30.0,415.0,13.0,317,0,19.25,31.31,0,0,27.35
2024-03-26,SKU_4,WH_2,SUP_9,North,22.0,393.0,13.0,317,0,19.25,31.31,0,0,22.47
2024-03-27,SKU_4,WH_2,SUP_9,West,33.0,360.0,13.0,317,0,19.25,31.31,0,0,31.77
2024-03-28,SKU_4,WH_2,SUP_9,South,15.0,345.0,13.0,317,0,19.25,31.31,0,0,13.61
2024-03-29,SKU_4,WH_2,SUP_9,East,33.0,312.0,13.0,317,0,19.25,31.31,0,0,31.4
2024-03-30,SKU_4,WH_2,SUP_9,South,31.0,652.0,13.0,317,371,19.25,31.31,0,0,28.96
2024-03-31,SKU_4,WH_2,SUP_9,South,28.0,624.0,13.0,317,0,19.25,31.31,0,0,24.65
2024-04-01,SKU_4,WH_2,SUP_9,North,33.0,591.0,13.0,317,0,19.25,31.31,0,0,27.93
2024-04-02,SKU_4,WH_2,SUP_9,West,35.0,556.0,13.0,317,0,19.25,31.31,0,0,39.77
2024-04-03,SKU_4,WH_2,SUP_9,South,32.0,524.0,13.0,317,0,19.25,31.31,0,0,
2024-04-04,SKU_4,WH_2,SUP_9,West,27.0,497.0,13.0,317,0,19.25,31.31,0,0,28.22
2024-04-05,SKU_4,WH_2,SUP_9,South,35.0,462.0,13.0,317,0,19.25,31.31,0,0,35.36
2024-04-06,SKU_4,WH_2,SUP_9,West,35.0,427.0,13.0,317,0,19.25,31.31,0,0,35.36
2024-04-07,SKU_4,WH_2,SUP_9,West,33.0,394.0,13.0,317,0,19.25,31.31,0,0,35.95
2024-04-08,SKU_4,WH_2,SUP_9,North,30.0,364.0,13.0,317,0,19.25,31.31,0,0,28.94
2024-04-09,SKU_4,WH_2,SUP_9,North,31.0,333.0,13.0,317,0,19.25,31.31,0,0,30.31
2024-04-10,SKU_4,WH_2,SUP_9,West,31.0,302.0,13.0,317,0,19.25,31.31,0,0,31.54
2024-04-11,SKU_4,WH_2,SUP_9,East,31.0,685.0,13.0,317,414,19.25,31.31,0,0,31.62
2024-04-12,SKU_4,WH_2,SUP_9,South,36.0,649.0,13.0,317,0,19.25,31.31,0,0,34.97
2024-04-13,SKU_4,WH_2,SUP_9,East,33.0,616.0,13.0,317,0,19.25,31.31,0,0,
2024-04-14,SKU_4,WH_2,SUP_9,South,27.0,,13.0,317,0,19.25,31.31,0,0,24.23
2024-04-15,SKU_4,WH_2,SUP_9,South,34.0,555.0,13.0,317,0,19.25,31.31,0,0,37.77
2024-04-16,SKU_4,WH_2,SUP_9,North,28.0,527.0,13.0,317,0,19.25,31.31,0,0,
2024-04-17,SKU_4,WH_2,SUP_9,East,33.0,494.0,13.0,317,0,19.25,31.31,0,0,31.31
2024-04-18,SKU_4,WH_2,SUP_9,East,27.0,467.0,13.0,317,0,19.25,31.31,0,0,28.1
2024-04-19,SKU_4,WH_2,SUP_9,South,33.0,434.0,13.0,317,0,19.25,31.31,0,0,30.6
2024-04-20,SKU_4,WH_2,SUP_9,West,32.0,402.0,13.0,317,0,19.25,31.31,0,0,29.95
2024-04-21,SKU_4,WH_2,SUP_9,East,43.0,359.0,13.0,317,0,19.25,31.31,0,0,44.07
2024-04-22,SKU_4,WH_2,SUP_9,,28.0,331.0,13.0,317,0,19.25,31.31,0,0,26.93
2024-04-23,SKU_4,WH_2,SUP_9,South,31.0,300.0,13.0,317,0,19.25,31.31,0,0,34.95
2024-04-24,SKU_4,WH_2,SUP_9,North,26.0,569.0,13.0,317,295,19.25,31.31,0,0,24.47
2024-04-25,SKU_4,WH_2,SUP_9,East,23.0,546.0,13.0,317,0,19.25,31.31,0,0,22.45
2024-04-26,SKU_4,WH_2,SUP_9,South,26.0,520.0,13.0,317,0,19.25,31.31,0,0,28.31
2024-04-27,SKU_4,WH_2,SUP_9,South,31.0,489.0,13.0,317,0,19.25,31.31,0,0,29.43
2024-04-28,SKU_4,WH_2,SUP_9,West,35.0,454.0,13.0,317,0,19.25,31.31,0,0,34.42
2024-04-29,SKU_4,WH_2,SUP_9,,,420.0,13.0,317,0,19.25,31.31,0,0,27.62
2024-04-30,SKU_4,WH_2,SUP_9,East,26.0,394.0,13.0,317,0,19.25,31.31,1,0,30.57
2024-05-01,SKU_4,WH_2,SUP_9,East,32.0,362.0,13.0,317,0,19.25,31.31,0,0,36.29
2024-05-02,SKU_4,WH_2,SUP_9,West,41.0,321.0,13.0,317,0,19.25,31.31,1,0,37.8
2024-05-03,SKU_4,WH_2,SUP_9,North,29.0,292.0,13.0,317,0,19.25,31.31,0,0,27.01
2024-05-04,SKU_4,WH_2,SUP_9,East,36.0,,,317,373,19.25,31.31,0,0,34.87
2024-05-05,SKU_4,WH_2,SUP_9,North,25.0,604.0,13.0,317,0,19.25,31.31,0,0,24.76
2024-05-06,SKU_4,WH_2,SUP_9,,15.0,589.0,,317,0,19.25,31.31,0,0,15.38
2024-05-07,SKU_4,WH_2,SUP_9,South,29.0,560.0,13.0,317,0,19.25,31.31,0,0,31.04
2024-05-08,SKU_4,WH_2,SUP_9,,28.0,532.0,13.0,317,0,19.25,31.31,0,0,29.17
2024-05-09,SKU_4,WH_2,SUP_9,West,30.0,502.0,13.0,317,0,19.25,31.31,0,0,26.69
2024-05-10,SKU_4,WH_2,SUP_9,East,34.0,468.0,13.0,317,0,19.25,31.31,0,0,37.0
2024-05-11,SKU_4,WH_2,SUP_9,East,31.0,437.0,13.0,317,0,19.25,31.31,0,0,27.73
2024-05-12,SKU_4,WH_2,SUP_9,West,37.0,400.0,13.0,317,0,19.25,31.31,1,0,37.86
2024-05-13,SKU_4,WH_2,SUP_9,East,28.0,372.0,13.0,317,0,19.25,31.31,0,0,29.22
2024-05-14,SKU_4,WH_2,SUP_9,North,31.0,341.0,13.0,317,0,19.25,31.31,1,0,34.38
2024-05-15,SKU_4,WH_2,SUP_9,North,39.0,302.0,13.0,317,0,19.25,31.31,1,0,36.88
2024-05-16,SKU_4,WH_2,SUP_9,South,26.0,754.0,13.0,317,478,19.25,31.31,0,0,27.56
2024-05-17,SKU_4,WH_2,SUP_9,East,24.0,730.0,13.0,317,0,19.25,31.31,0,0,19.27
2024-05-18,SKU_4,WH_2,SUP_9,West,26.0,704.0,13.0,317,0,19.25,31.31,0,0,22.24
2024-05-19,SKU_4,WH_2,SUP_9,South,28.0,676.0,13.0,317,0,19.25,31.31,0,0,26.05
2024-05-20,SKU_4,WH_2,SUP_9,East,28.0,648.0,13.0,317,0,19.25,31.31,0,0,
not_a_date,SKU_4,WH_2,SUP_9,East,37.0,611.0,13.0,317,0,19.25,31.31,1,0,40.68
2024-05-22,SKU_4,WH_2,SUP_9,South,29.0,582.0,13.0,317,0,19.25,31.31,0,0,26.96
2024-05-23,SKU_4,WH_2,SUP_9,South,25.0,557.0,13.0,317,0,19.25,31.31,0,0,28.79
2024-05-24,SKU_4,WH_2,SUP_9,West,27.0,530.0,13.0,317,0,19.25,31.31,0,0,28.38
2024-05-25,SKU_4,WH_2,SUP_9,West,22.0,508.0,13.0,317,0,19.25,31.31,0,0,17.45
2024-05-26,SKU_4,WH_2,SUP_9,West,,477.0,13.0,317,0,19.25,31.31,0,0,32.7
2024-05-27,SKU_4,WH_2,SUP_9,East,22.0,455.0,13.0,317,0,19.25,31.31,0,0,22.02
2024-05-28,SKU_4,WH_2,SUP_9,North,22.0,,13.0,317,0,19.25,31.31,0,0,15.33
2024-05-29,SKU_4,WH_2,SUP_9,South,missing,408.0,13.0,317,0,19.25,31.31,0,0,23.25
2024-05-30,SKU_4,WH_2,SUP_9,West,16.0,392.0,,317,0,19.25,31.31,0,0,13.84
2024-05-31,SKU_4,WH_2,SUP_9,West,33.0,359.0,13.0,317,0,19.25,31.31,0,0,33.04
2024-06-01,SKU_4,WH_2,SUP_9,??UNKNOWN??,19.0,340.0,13.0,317,0,19.25,31.31,0,0,14.59
2024-06-02,SKU_4,WH_2,SUP_9,South,14.0,326.0,13.0,317,0,19.25,31.31,0,0,
2024-06-03,SKU_4,WH_2,SUP_9,West,17.0,309.0,13.0,317,0,19.25,31.31,0,0,15.99
2024-06-04,SKU_4,WH_2,SUP_9,East,missing,,13.0,317,289,19.25,31.31,0,0,36.67
2024-06-05,SKU_4,WH_2,SUP_9,East,20.0,543.0,13.0,317,0,19.25,31.31,0,0,14.43
2024-06-06,SKU_4,WH_2,SUP_9,North,,515.0,13.0,317,0,19.25,31.31,0,0,28.02
2024-06-07,SKU_4,WH_2,SUP_9,East,23.0,492.0,13.0,317,0,19.25,31.31,0,0,20.92
2024-06-08,SKU_4,WH_2,SUP_9,East,18.0,474.0,13.0,317,0,19.25,31.31,0,0,14.84
2024-06-09,SKU_4,WH_2,SUP_9,North,23.0,451.0,13.0,317,0,19.25,31.31,0,0,17.21
2024-06-10,SKU_4,WH_2,SUP_9,,23.0,428.0,13.0,317,0,19.25,31.31,0,0,21.49
2024-06-11,SKU_4,WH_2,SUP_9,South,20.0,408.0,13.0,317,0,19.25,31.31,0,0,17.73
2024-06-12,SKU_4,WH_2,SUP_9,East,37.0,371.0,13.0,317,0,19.25,31.31,1,0,34.59
2024-06-13,SKU_4,WH_2,SUP_9,South,18.0,353.0,13.0,317,0,19.25,31.31,0,0,18.84
2024-06-14,SKU_4,WH_2,SUP_9,South,27.0,326.0,13.0,317,0,19.25,31.31,0,0,22.55
2024-06-15,SKU_4,WH_2,SUP_9,South,18.0,308.0,13.0,317,0,19.25,31.31,0,0,17.49
2024-06-16,SKU_4,WH_2,SUP_9,North,26.0,495.0,13.0,317,213,19.25,31.31,0,0,27.02
2024-06-17,SKU_4,WH_2,SUP_9,West,24.0,471.0,13.0,317,0,19.25,31.31,0,0,21.5
2024-06-18,SKU_4,WH_2,SUP_9,West,26.0,445.0,,317,0,19.25,31.31,0,0,24.96
2024-06-19,SKU_4,WH_2,SUP_9,South,29.0,416.0,13.0,317,0,19.25,31.31,1,0,29.76
2024-06-20,SKU_4,WH_2,SUP_9,South,27.0,389.0,13.0,317,0,19.25,31.31,0,0,29.17
2024-06-21,SKU_4,WH_2,SUP_9,East,20.0,369.0,13.0,317,0,19.25,31.31,0,0,15.83
2024-06-22,SKU_4,WH_2,SUP_9,East,18.0,351.0,13.0,317,0,19.25,31.31,0,0,15.03
2024-06-23,SKU_4,WH_2,SUP_9,East,32.0,319.0,13.0,317,0,19.25,31.31,0,0,34.64
2024-06-24,SKU_4,WH_2,SUP_9,West,13.0,306.0,13.0,317,0,19.25,31.31,0,0,15.06
2024-06-25,SKU_4,WH_2,SUP_9,North,19.0,767.0,13.0,317,480,19.25,31.31,1,0,24.85
2024-06-26,SKU_4,WH_2,SUP_9,East,22.0,745.0,13.0,317,0,19.25,31.31,0,0,20.61
2024-06-27,SKU_4,WH_2,SUP_9,,28.0,717.0,13.0,317,0,19.25,31.31,1,0,29.31
2024-06-28,SKU_4,WH_2,SUP_9,East,25.0,692.0,13.0,317,0,19.25,31.31,0,0,27.86
2024-06-29,SKU_4,WH_2,SUP_9,South,20.0,672.0,13.0,317,0,19.25,31.31,0,0,24.41
2024-06-30,SKU_4,WH_2,SUP_9,North,16.0,656.0,13.0,317,0,19.25,31.31,0,0,11.67
2024-07-01,SKU_4,WH_2,SUP_9,East,,637.0,13.0,317,0,19.25,31.31,0,0,17.69
2024-07-02,SKU_4,WH_2,SUP_9,North,7.0,630.0,13.0,317,0,19.25,31.31,0,0,5.24
2024-07-03,SKU_4,WH_2,SUP_9,East,27.0,603.0,13.0,317,0,19.25,31.31,0,0,27.22
2024-07-04,SKU_4,WH_2,SUP_9,South,,577.0,13.0,317,0,19.25,31.31,1,0,22.06
2024-07-05,SKU_4,WH_2,SUP_9,South,27.0,550.0,13.0,317,0,19.25,31.31,0,0,27.16
2024-07-06,SKU_4,WH_2,SUP_9,North,33.0,517.0,13.0,317,0,19.25,31.31,0,0,38.54
2024-07-07,SKU_4,WH_2,SUP_9,West,13.0,504.0,13.0,317,0,19.25,31.31,0,0,14.28
2024-07-08,SKU_4,WH_2,SUP_9,South,22.0,482.0,,317,0,19.25,31.31,0,0,25.22
2024-07-09,SKU_4,WH_2,SUP_9,South,9.0,,13.0,317,0,19.25,31.31,0,0,7.97
2024-07-10,SKU_4,WH_2,SUP_9,East,11.0,462.0,13.0,317,0,19.25,31.31,1,0,13.24
2024-07-11,SKU_4,WH_2,SUP_9,West,14.0,448.0,13.0,317,0,19.25,31.31,0,0,12.07
2024-07-12,SKU_4,WH_2,SUP_9,West,17.0,431.0,13.0,317,0,19.25,31.31,0,0,17.68
2024-07-13,SKU_4,WH_2,SUP_9,South,15.0,416.0,13.0,317,0,19.25,31.31,0,0,18.81
2024-07-14,SKU_4,WH_2,SUP_9,North,,396.0,13.0,317,0,19.25,31.31,0,0,17.14
2024-07-15,SKU_4,WH_2,SUP_9,South,,381.0,13.0,317,0,19.25,31.31,0,0,19.3
2024-07-16,SKU_4,WH_2,SUP_9,West,22.0,359.0,13.0,317,0,19.25,31.31,0,0,24.74
2024-07-17,SKU_4,WH_2,SUP_9,South,18.0,,13.0,317,0,19.25,31.31,0,0,17.37
2024-07-18,SKU_4,WH_2,SUP_9,North,11.0,330.0,13.0,317,0,19.25,31.31,0,0,12.78
2024-07-19,SKU_4,WH_2,SUP_9,East,21.0,309.0,13.0,317,0,19.25,31.31,0,0,19.42
2024-07-20,SKU_4,WH_2,SUP_9,South,14.0,579.0,13.0,317,284,19.25,31.31,0,0,11.97
2024-07-21,SKU_4,WH_2,SUP_9,North,25.0,554.0,13.0,317,0,19.25,31.31,0,0,24.21
2024-07-22,SKU_4,WH_2,SUP_9,South,27.0,527.0,13.0,317,0,19.25,31.31,1,0,28.16
2024-07-23,SKU_4,WH_2,SUP_9,East,28.0,499.0,13.0,317,0,19.25,31.31,1,0,29.7
2024-07-24,SKU_4,WH_2,SUP_9,West,13.0,486.0,13.0,317,0,19.25,31.31,0,0,13.57
2024-07-25,SKU_4,WH_2,SUP_9,East,7.0,,13.0,317,0,19.25,31.31,0,0,10.76
2024-07-26,SKU_4,WH_2,SUP_9,East,8.0,471.0,13.0,317,0,19.25,31.31,0,0,9.26
2024-07-27,SKU_4,WH_2,SUP_9,West,3.0,468.0,13.0,317,0,19.25,31.31,0,0,1.0
2024-07-28,SKU_4,WH_2,SUP_9,North,15.0,453.0,13.0,317,0,19.25,31.31,0,0,13.47
2024-07-29,SKU_4,WH_2,SUP_9,South,16.0,437.0,,317,0,19.25,31.31,1,0,16.02
2024-07-30,SKU_4,WH_2,SUP_9,South,9.0,428.0,13.0,317,0,19.25,31.31,0,0,7.01
2024-07-31,SKU_4,WH_2,SUP_9,East,20.0,408.0,13.0,317,0,19.25,31.31,0,0,22.12
2024-08-01,SKU_4,WH_2,SUP_9,North,15.0,393.0,13.0,317,0,19.25,31.31,0,0,6.07
2024-08-02,SKU_4,WH_2,SUP_9,,19.0,374.0,13.0,317,0,19.25,31.31,0,0,17.85
2024-08-03,SKU_4,WH_2,SUP_9,East,17.0,357.0,13.0,317,0,19.25,31.31,0,0,17.21
2024-08-04,SKU_4,WH_2,SUP_9,South,36.0,321.0,13.0,317,0,19.25,31.31,1,0,38.95
2024-08-05,SKU_4,WH_2,SUP_9,South,11.0,310.0,13.0,317,0,19.25,31.31,1,0,15.78
2024-08-06,SKU_4,WH_2,SUP_9,South,27.0,693.0,13.0,317,410,19.25,31.31,0,0,28.99
2024-08-07,SKU_4,WH_2,SUP_9,East,16.0,677.0,,317,0,19.25,31.31,0,0,10.82
2024-08-08,SKU_4,WH_2,SUP_9,West,16.0,661.0,13.0,317,0,19.25,31.31,0,0,18.35
2024-08-09,SKU_4,WH_2,SUP_9,West,,649.0,13.0,317,0,19.25,31.31,0,0,10.37
2024-08-10,SKU_4,WH_2,SUP_9,East,24.0,625.0,13.0,317,0,19.25,31.31,0,0,24.56
2024-08-11,SKU_4,WH_2,SUP_9,North,11.0,614.0,13.0,317,0,19.25,31.31,0,0,10.2
2024-08-12,SKU_4,WH_2,SUP_9,North,11.0,603.0,13.0,317,0,19.25,31.31,0,0,12.47
2024-08-13,SKU_4,WH_2,SUP_9,West,,590.0,13.0,317,0,19.25,31.31,0,0,14.27
2024-08-14,SKU_4,WH_2,SUP_9,East,10.0,580.0,13.0,317,0,19.25,31.31,0,0,9.16
2024-08-15,SKU_4,WH_2,SUP_9,South,19.0,561.0,13.0,317,0,19.25,31.31,0,0,13.13
2024-08-16,SKU_4,WH_2,SUP_9,West,17.0,544.0,13.0,317,0,19.25,31.31,0,0,21.69
2024-08-17,SKU_4,WH_2,SUP_9,North,13.0,531.0,13.0,317,0,19.25,31.31,0,0,14.1
2024-08-18,SKU_4,WH_2,SUP_9,South,17.0,514.0,13.0,317,0,19.25,31.31,0,0,16.09
2024-08-19,SKU_4,WH_2,SUP_9,North,13.0,501.0,13.0,317,0,19.25,31.31,0,0,
2024-08-20,SKU_4,WH_2,SUP_9,South,19.0,482.0,13.0,317,0,19.25,31.31,0,0,16.25
2024-08-21,SKU_4,WH_2,SUP_9,,12.0,470.0,,317,0,19.25,31.31,0,0,13.0
2024-08-22,SKU_4,WH_2,SUP_9,East,12.0,458.0,13.0,317,0,19.25,31.31,0,0,15.33
2024-08-23,SKU_4,WH_2,SUP_9,West,26.0,432.0,,317,0,19.25,31.31,0,0,26.53
2024-08-24,SKU_4,WH_2,SUP_9,South,11.0,421.0,13.0,317,0,19.25,31.31,0,0,14.63
2024-08-25,SKU_4,WH_2,SUP_9,South,15.0,406.0,13.0,317,0,19.25,31.31,0,0,16.17
2024-08-26,SKU_4,WH_2,SUP_9,,13.0,393.0,13.0,317,0,19.25,31.31,0,0,
2024-08-27,SKU_4,WH_2,SUP_9,East,11.0,382.0,13.0,317,0,19.25,31.31,0,0,11.73
2024-08-28,SKU_4,WH_2,SUP_9,East,6.0,376.0,13.0,317,0,19.25,31.31,0,0,0.0
2024-08-29,SKU_4,WH_2,SUP_9,North,10.0,366.0,13.0,317,0,19.25,31.31,1,0,7.11
2024-08-30,SKU_4,WH_2,SUP_9,,7.0,359.0,13.0,317,0,19.25,31.31,0,0,12.13
2024-08-31,SKU_4,WH_2,SUP_9,West,9.0,350.0,13.0,317,0,19.25,31.31,0,0,9.73
2024-09-01,SKU_4,WH_2,SUP_9,South,11.0,339.0,13.0,317,0,19.25,31.31,0,0,13.17
2024-09-02,SKU_4,WH_2,SUP_9,West,7.0,,13.0,317,0,19.25,31.31,0,0,4.46
2024-09-03,SKU_4,WH_2,SUP_9,South,11.0,321.0,13.0,317,0,19.25,31.31,0,0,14.34
2024-09-04,SKU_4,WH_2,SUP_9,West,11.0,310.0,13.0,317,0,19.25,31.31,0,0,19.63
2024-09-05,SKU_4,WH_2,SUP_9,South,6.0,765.0,13.0,317,461,19.25,31.31,0,0,14.16
2024-09-06,SKU_4,WH_2,SUP_9,West,18.0,747.0,13.0,317,0,19.25,31.31,0,0,20.19
2024-09-07,SKU_4,WH_2,SUP_9,West,3.0,744.0,13.0,317,0,19.25,31.31,0,0,3.57
2024-09-08,SKU_4,WH_2,SUP_9,West,9.0,735.0,13.0,317,0,19.25,31.31,0,0,6.12
2024-09-09,SKU_4,WH_2,SUP_9,South,11.0,724.0,13.0,317,0,19.25,31.31,0,0,12.95
2024-09-10,SKU_4,WH_2,SUP_9,East,11.0,713.0,13.0,317,0,19.25,31.31,0,0,7.09
2024-09-11,SKU_4,WH_2,SUP_9,North,9.0,704.0,13.0,317,0,19.25,31.31,1,0,9.01
2024-09-12,SKU_4,WH_2,SUP_9,West,,699.0,13.0,317,0,19.25,31.31,0,0,7.67
2024-09-13,SKU_4,WH_2,SUP_9,North,26.0,673.0,13.0,317,0,19.25,31.31,1,0,26.56
2024-09-14,SKU_4,WH_2,SUP_9,South,5.0,668.0,13.0,317,0,19.25,31.31,0,0,11.88
2024-09-15,SKU_4,WH_2,SUP_9,South,6.0,662.0,13.0,317,0,19.25,31.31,0,0,11.91
2024-09-16,SKU_4,WH_2,SUP_9,South,15.0,647.0,13.0,317,0,19.25,31.31,0,0,13.0
2024-09-17,SKU_4,WH_2,SUP_9,West,14.0,633.0,13.0,317,0,19.25,31.31,0,0,18.32
2024-09-18,SKU_4,WH_2,SUP_9,North,2.0,631.0,13.0,317,0,19.25,31.31,0,0,1.02
2024-09-19,SKU_4,WH_2,SUP_9,West,8.0,623.0,13.0,317,0,19.25,31.31,0,0,8.06
2024-09-20,SKU_4,WH_2,SUP_9,West,10.0,613.0,13.0,317,0,19.25,31.31,0,0,7.05
2024-09-21,SKU_4,WH_2,SUP_9,East,12.0,601.0,,317,0,19.25,31.31,0,0,18.52
2024-09-22,SKU_4,WH_2,SUP_9,West,10.0,591.0,13.0,317,0,19.25,31.31,0,0,
2024-09-23,SKU_4,WH_2,SUP_9,West,9.0,582.0,13.0,317,0,19.25,31.31,0,0,6.79
2024-09-24,SKU_4,WH_2,SUP_9,South,5.0,577.0,13.0,317,0,19.25,31.31,0,0,5.72
2024-09-25,SKU_4,WH_2,SUP_9,North,2.0,,13.0,317,0,19.25,31.31,0,0,2.29
2024-09-26,SKU_4,WH_2,SUP_9,North,2.0,573.0,13.0,317,0,19.25,31.31,0,0,2.53
2024-09-27,SKU_4,WH_2,SUP_9,East,16.0,557.0,13.0,317,0,19.25,31.31,0,0,11.81
2024-09-28,SKU_4,WH_2,SUP_9,,4.0,553.0,13.0,317,0,19.25,31.31,0,0,2.19
2024-09-29,SKU_4,WH_2,SUP_9,South,12.0,541.0,13.0,317,0,19.25,31.31,0,0,13.23
2024-09-30,SKU_4,WH_2,SUP_9,South,7.0,534.0,13.0,317,0,19.25,31.31,0,0,7.35
2024-10-01,SKU_4,WH_2,SUP_9,South,missing,530.0,13.0,317,0,19.25,31.31,0,0,2.26
2024-10-02,SKU_4,WH_2,SUP_9,East,17.0,513.0,13.0,317,0,19.25,31.31,0,0,16.94
2024-10-03,SKU_4,WH_2,SUP_9,West,8.0,505.0,,317,0,19.25,31.31,0,0,8.69
2024-10-04,SKU_4,WH_2,SUP_9,West,,495.0,13.0,317,0,19.25,31.31,0,0,11.01
2024-10-05,SKU_4,WH_2,SUP_9,North,13.0,482.0,13.0,317,0,19.25,31.31,1,0,10.69
2024-10-06,SKU_4,WH_2,SUP_9,South,22.0,460.0,13.0,317,0,19.25,31.31,0,0,17.6
2024-10-07,SKU_4,WH_2,SUP_9,East,7.0,453.0,13.0,317,0,19.25,31.31,0,0,7.44
2024-10-08,SKU_4,WH_2,SUP_9,East,7.0,446.0,13.0,317,0,19.25,31.31,0,0,5.51
2024-10-09,SKU_4,WH_2,SUP_9,North,14.0,432.0,13.0,317,0,19.25,31.31,0,0,12.44
2024-10-10,SKU_4,WH_2,SUP_9,South,15.0,417.0,13.0,317,0,19.25,31.31,0,0,14.94
2024-10-11,SKU_4,WH_2,SUP_9,West,2.0,415.0,13.0,317,0,19.25,31.31,1,0,0.0
2024-10-12,SKU_4,WH_2,SUP_9,South,12.0,403.0,13.0,317,0,19.25,31.31,0,0,9.38
2024-10-13,SKU_4,WH_2,SUP_9,North,13.0,390.0,13.0,317,0,19.25,31.31,0,0,
2024-10-14,SKU_4,WH_2,SUP_9,West,17.0,373.0,13.0,317,0,19.25,31.31,0,0,14.55
2024-10-15,SKU_4,WH_2,SUP_9,South,7.0,366.0,13.0,317,0,19.25,31.31,0,0,5.12
2024-10-16,SKU_4,WH_2,SUP_9,North,17.0,349.0,13.0,317,0,19.25,31.31,0,0,13.45
2024-10-17,SKU_4,WH_2,SUP_9,West,14.0,335.0,13.0,317,0,19.25,31.31,0,0,14.21
2024-10-18,SKU_4,WH_2,SUP_9,East,10.0,325.0,13.0,317,0,19.25,31.31,0,0,7.54
2024-10-19,SKU_4,WH_2,SUP_9,North,6.0,319.0,13.0,317,0,19.25,31.31,0,0,10.96
2024-10-20,SKU_4,WH_2,SUP_9,South,10.0,,13.0,317,0,19.25,31.31,1,0,8.91
2024-10-21,SKU_4,WH_2,SUP_9,North,4.0,531.0,13.0,317,226,19.25,31.31,0,0,1.49
2024-10-22,SKU_4,WH_2,SUP_9,East,15.0,516.0,13.0,317,0,19.25,31.31,0,0,15.86
2024-10-23,SKU_4,WH_2,SUP_9,West,6.0,510.0,13.0,317,0,19.25,31.31,0,0,1.48
2024-10-24,SKU_4,WH_2,SUP_9,West,18.0,492.0,,317,0,19.25,31.31,0,0,17.46
2024-10-25,SKU_4,WH_2,SUP_9,North,7.0,485.0,13.0,317,0,19.25,31.31,1,0,5.96
2024-10-26,SKU_4,WH_2,SUP_9,North,7.0,478.0,13.0,317,0,19.25,31.31,0,0,5.23
2024-10-27,SKU_4,WH_2,SUP_9,East,-12.0,-466.0,,317,0,-19.25,-31.31,0,0,-7.7
2024-10-28,SKU_4,WH_2,SUP_9,South,23.0,443.0,13.0,317,0,19.25,31.31,0,0,20.39
2024-10-29,SKU_4,WH_2,SUP_9,South,9.0,434.0,13.0,317,0,19.25,31.31,0,0,6.0
2024-10-30,SKU_4,WH_2,SUP_9,West,16.0,418.0,13.0,317,0,19.25,31.31,0,0,20.23
2024-10-31,SKU_4,WH_2,SUP_9,South,10.0,408.0,13.0,317,0,19.25,31.31,0,0,8.52
2024-11-01,SKU_4,WH_2,SUP_9,West,12.0,396.0,13.0,317,0,19.25,31.31,0,0,9.64
2024-11-02,SKU_4,WH_2,SUP_9,South,7.0,389.0,13.0,317,0,19.25,31.31,0,0,3.66
2024-11-03,SKU_4,WH_2,SUP_9,South,,,13.0,317,0,19.25,31.31,1,0,18.22
2024-11-04,SKU_4,WH_2,SUP_9,West,5.0,,13.0,317,0,19.25,31.31,0,0,3.77
2024-11-05,SKU_4,WH_2,SUP_9,,19.0,345.0,13.0,317,0,19.25,31.31,0,0,18.96
2024-11-06,SKU_4,WH_2,SUP_9,West,14.0,331.0,13.0,317,0,19.25,31.31,0,0,15.44
2024-11-07,SKU_4,WH_2,SUP_9,West,18.0,313.0,13.0,317,0,19.25,31.31,0,0,22.42
2024-11-08,SKU_4,WH_2,SUP_9,South,15.0,622.0,13.0,317,324,19.25,31.31,0,0,16.96
2024-11-09,SKU_4,WH_2,SUP_9,North,20.0,602.0,13.0,317,0,19.25,31.31,1,0,22.67
2024-11-10,SKU_4,WH_2,SUP_9,South,8.0,594.0,13.0,317,0,19.25,31.31,0,0,5.82
2024-11-11,SKU_4,WH_2,SUP_9,East,10.0,584.0,13.0,317,0,19.25,31.31,0,0,N/A
2024-11-12,SKU_4,WH_2,SUP_9,West,13.0,571.0,13.0,317,0,19.25,31.31,0,0,14.57
2024-11-13,SKU_4,WH_2,SUP_9,West,4.0,567.0,13.0,317,0,19.25,31.31,0,0,4.9
2024-11-14,SKU_4,WH_2,SUP_9,South,15.0,552.0,13.0,317,0,19.25,31.31,0,0,10.28
2024-11-15,SKU_4,WH_2,SUP_9,North,192.0,3216.0,13.0,317,0,19.25,31.31,0,0,150.59221428692155
2024-11-16,SKU_4,WH_2,SUP_9,West,,533.0,13.0,317,0,19.25,31.31,0,0,0.45
2024-11-17,SKU_4,WH_2,SUP_9,South,14.0,519.0,13.0,317,0,19.25,31.31,0,0,16.45
2024-11-18,SKU_4,WH_2,SUP_9,North,13.0,506.0,13.0,317,0,19.25,31.31,0,0,7.9
2024-11-19,SKU_4,WH_2,SUP_9,North,9.0,497.0,13.0,317,0,19.25,31.31,0,0,6.08
2024-11-20,SKU_4,WH_2,SUP_9,West,9.0,,13.0,317,0,19.25,31.31,0,0,11.8
2024-11-21,SKU_4,WH_2,SUP_9,North,11.0,477.0,13.0,317,0,19.25,31.31,0,0,14.48
2024-11-22,SKU_4,WH_2,SUP_9,West,132.0,1864.0,13.0,317,0,19.25,31.31,0,0,69.49805114805102
2024-11-23,SKU_4,WH_2,SUP_9,East,15.0,451.0,13.0,317,0,19.25,31.31,0,0,11.27
2024-11-24,SKU_4,WH_2,SUP_9,East,17.0,434.0,13.0,317,0,19.25,31.31,0,0,14.5
2024-11-25,SKU_4,WH_2,SUP_9,North,16.0,,13.0,317,0,19.25,31.31,0,0,12.54
2024-11-26,SKU_4,WH_2,SUP_9,West,13.0,405.0,13.0,317,0,19.25,31.31,0,0,13.69
2024-11-27,SKU_4,WH_2,SUP_9,East,21.0,384.0,13.0,317,0,19.25,31.31,0,0,18.7
2024-11-28,SKU_4,WH_2,SUP_9,West,12.0,372.0,13.0,317,0,19.25,31.31,0,0,11.15
2024-11-29,SKU_4,WH_2,SUP_9,West,12.0,360.0,13.0,317,0,19.25,31.31,0,0,11.47
2024-11-30,SKU_4,WH_2,SUP_9,??UNKNOWN??,14.0,,,317,0,19.25,31.31,0,0,12.0
2024-12-01,SKU_4,WH_2,SUP_9,West,25.0,321.0,13.0,317,0,19.25,31.31,0,0,26.69
2024-12-02,SKU_4,WH_2,SUP_9,East,22.0,299.0,13.0,317,0,19.25,31.31,0,0,21.16
2024-12-03,SKU_4,WH_2,SUP_9,East,9.0,652.0,13.0,317,362,19.25,31.31,0,0,11.52
2024-12-04,SKU_4,WH_2,SUP_9,North,23.0,629.0,13.0,317,0,19.25,31.31,0,0,25.81
2024-12-05,SKU_4,WH_2,SUP_9,East,10.0,619.0,13.0,317,0,19.25,31.31,0,0,11.98
2024-12-06,SKU_4,WH_2,SUP_9,,18.0,601.0,13.0,317,0,19.25,31.31,0,0,18.55
2024-12-07,SKU_4,WH_2,SUP_9,East,16.0,585.0,13.0,317,0,19.25,31.31,0,0,19.82
2024-12-08,SKU_4,WH_2,SUP_9,West,22.0,563.0,13.0,317,0,19.25,31.31,0,0,24.16
2024-12-09,SKU_4,WH_2,SUP_9,East,26.0,537.0,13.0,317,0,19.25,31.31,0,0,24.76
2024-12-10,SKU_4,WH_2,SUP_9,East,10.0,527.0,13.0,317,0,19.25,31.31,0,0,8.23
2024-12-11,SKU_4,WH_2,SUP_9,South,27.0,500.0,13.0,317,0,19.25,31.31,1,0,22.93
2024-12-12,SKU_4,WH_2,SUP_9,West,14.0,486.0,13.0,317,0,19.25,31.31,0,0,16.8
2024-12-13,SKU_4,WH_2,SUP_9,East,18.0,468.0,13.0,317,0,19.25,31.31,0,0,18.85
2024-12-14,SKU_4,WH_2,SUP_9,North,16.0,452.0,13.0,317,0,19.25,31.31,0,0,16.2
2024-12-15,SKU_4,WH_2,SUP_9,South,19.0,433.0,13.0,317,0,19.25,31.31,0,0,14.08
2024-12-16,SKU_4,WH_2,SUP_9,West,,412.0,13.0,317,0,19.25,31.31,0,0,15.07
2024-12-17,SKU_4,WH_2,SUP_9,South,14.0,398.0,13.0,317,0,19.25,31.31,0,0,10.86
2024-12-18,SKU_4,WH_2,SUP_9,East,18.0,380.0,13.0,317,0,19.25,31.31,0,0,15.35
2024-12-19,SKU_4,WH_2,SUP_9,South,21.0,359.0,13.0,317,0,19.25,31.31,0,0,20.69
2024-12-20,SKU_4,WH_2,SUP_9,West,20.0,339.0,13.0,317,0,19.25,31.31,0,0,18.17
2024-12-21,SKU_4,WH_2,SUP_9,South,,312.0,13.0,317,0,19.25,31.31,0,0,24.32
2024-12-22,SKU_4,WH_2,SUP_9,North,24.0,762.0,13.0,317,474,19.25,31.31,0,0,22.26
2024-12-23,SKU_4,WH_2,SUP_9,West,22.0,740.0,13.0,317,0,19.25,31.31,0,0,21.57
2024-12-24,SKU_4,WH_2,SUP_9,South,12.0,728.0,13.0,317,0,19.25,31.31,0,0,14.9
2024-12-25,SKU_4,WH_2,SUP_9,South,23.0,705.0,13.0,317,0,19.25,31.31,1,0,21.58
2024-12-26,SKU_4,WH_2,SUP_9,South,27.0,678.0,13.0,317,0,19.25,31.31,0,0,29.15
2024-12-27,SKU_4,WH_2,SUP_9,West,15.0,663.0,13.0,317,0,19.25,31.31,0,0,12.55
2024-12-28,SKU_4,WH_2,SUP_9,South,19.0,644.0,13.0,317,0,19.25,31.31,0,0,19.63
2024-12-29,SKU_4,WH_2,SUP_9,East,15.0,629.0,13.0,317,0,19.25,31.31,0,0,N/A
2024-12-30,SKU_4,WH_2,SUP_9,North,23.0,606.0,13.0,317,0,19.25,31.31,0,0,23.29
2024-01-01,SKU_4,WH_3,SUP_6,North,27.0,483.0,7.0,279,0,11.33,16.47,0,0,28.1
2024-01-02,SKU_4,WH_3,SUP_6,South,12.0,471.0,7.0,279,0,11.33,16.47,0,0,15.89
2024-01-03,SKU_4,WH_3,SUP_6,North,27.0,444.0,7.0,279,0,11.33,16.47,0,0,26.02
2024-01-04,SKU_4,WH_3,SUP_6,West,378.0,2085.0,7.0,279,0,11.33,16.47,0,0,154.98818137894543
2024-01-05,SKU_4,WH_3,SUP_6,East,15.0,402.0,7.0,279,0,11.33,16.47,0,0,17.04
2024-01-06,SKU_4,WH_3,SUP_6,East,25.0,377.0,7.0,279,0,11.33,16.47,0,0,26.45
2024-01-07,SKU_4,WH_3,SUP_6,,15.0,362.0,7.0,279,0,11.33,16.47,0,0,14.59
2024-01-08,SKU_4,WH_3,SUP_6,West,20.0,342.0,7.0,279,0,11.33,16.47,0,0,19.9
2024-01-09,SKU_4,WH_3,SUP_6,East,25.0,317.0,7.0,279,0,11.33,16.47,0,0,23.07
2024-01-10,SKU_4,WH_3,SUP_6,North,17.0,300.0,7.0,279,0,11.33,16.47,0,0,15.46
2024-01-11,SKU_4,WH_3,SUP_6,West,12.0,288.0,7.0,279,0,11.33,16.47,0,0,9.63
2024-01-12,SKU_4,WH_3,SUP_6,North,25.0,263.0,7.0,279,0,11.33,16.47,0,0,N/A
2024-01-13,SKU_4,WH_3,SUP_6,South,16.0,572.0,7.0,279,325,11.33,16.47,1,0,20.26
2024-01-14,SKU_4,WH_3,SUP_6,South,,554.0,7.0,279,0,11.33,16.47,0,0,16.03
2024-01-15,SKU_4,WH_3,SUP_6,North,28.0,526.0,7.0,279,0,11.33,16.47,0,0,31.46
2024-01-16,SKU_4,WH_3,SUP_6,,missing,502.0,7.0,279,0,11.33,16.47,0,0,21.32
2024-01-17,SKU_4,WH_3,SUP_6,West,25.0,477.0,7.0,279,0,11.33,16.47,0,0,N/A
2024-01-18,SKU_4,WH_3,SUP_6,North,,449.0,7.0,279,0,11.33,16.47,0,0,31.49
2024-01-19,SKU_4,WH_3,SUP_6,West,14.0,435.0,7.0,279,0,11.33,16.47,0,0,18.29
2024-01-20,SKU_4,WH_3,SUP_6,North,28.0,407.0,7.0,279,0,11.33,16.47,0,0,33.32
2024-01-21,SKU_4,WH_3,SUP_6,North,26.0,381.0,7.0,279,0,11.33,16.47,0,0,24.86
2024-01-22,SKU_4,WH_3,SUP_6,East,15.0,366.0,7.0,279,0,11.33,16.47,0,0,16.03
2024-01-23,SKU_4,WH_3,SUP_6,West,24.0,342.0,7.0,279,0,11.33,16.47,0,0,N/A
2024-01-24,SKU_4,WH_3,SUP_6,East,14.0,328.0,7.0,279,0,11.33,16.47,0,0,12.26
2024-01-25,SKU_4,WH_3,SUP_6,North,27.0,,7.0,279,0,11.33,16.47,0,0,
2024-01-26,SKU_4,WH_3,SUP_6,East,18.0,283.0,7.0,279,0,11.33,16.47,0,0,14.35
2024-01-27,SKU_4,WH_3,SUP_6,South,24.0,259.0,7.0,279,0,11.33,16.47,0,0,30.72
2024-01-28,SKU_4,WH_3,SUP_6,West,32.0,620.0,7.0,279,393,11.33,16.47,0,0,35.34
2024-01-29,SKU_4,WH_3,SUP_6,East,,604.0,7.0,279,0,11.33,16.47,0,0,20.96
2024-01-30,SKU_4,WH_3,SUP_6,South,26.0,578.0,7.0,279,0,11.33,16.47,0,0,23.67
2024-01-31,SKU_4,WH_3,SUP_6,East,24.0,554.0,7.0,279,0,11.33,16.47,0,0,23.5
2024-02-01,SKU_4,WH_3,SUP_6,North,29.0,525.0,7.0,279,0,11.33,16.47,0,0,28.46
2024-02-02,SKU_4,WH_3,SUP_6,West,26.0,499.0,,279,0,11.33,16.47,0,0,24.76
2024-02-03,SKU_4,WH_3,SUP_6,West,26.0,473.0,7.0,279,0,11.33,16.47,0,0,25.29
2024-02-04,SKU_4,WH_3,SUP_6,,24.0,449.0,7.0,279,0,11.33,16.47,0,0,22.39
2024-02-05,SKU_4,WH_3,SUP_6,West,41.0,408.0,7.0,279,0,11.33,16.47,1,0,42.28
2024-02-06,SKU_4,WH_3,SUP_6,South,27.0,381.0,7.0,279,0,11.33,16.47,1,0,29.09
2024-02-07,SKU_4,WH_3,SUP_6,East,24.0,357.0,7.0,279,0,11.33,16.47,0,0,18.37
2024-02-08,SKU_4,WH_3,SUP_6,South,22.0,335.0,7.0,279,0,11.33,16.47,0,0,
2024-02-09,SKU_4,WH_3,SUP_6,South,19.0,316.0,7.0,279,0,11.33,16.47,0,0,26.9
2024-02-10,SKU_4,WH_3,SUP_6,West,24.0,292.0,7.0,279,0,11.33,16.47,0,0,23.75
2024-02-11,SKU_4,WH_3,SUP_6,East,29.0,263.0,7.0,279,0,11.33,16.47,0,0,31.87
2024-02-12,SKU_4,WH_3,SUP_6,West,17.0,497.0,7.0,279,251,11.33,16.47,0,0,19.62
2024-02-13,SKU_4,WH_3,SUP_6,East,24.0,473.0,7.0,279,0,11.33,16.47,0,0,19.06
2024-02-14,SKU_4,WH_3,SUP_6,West,36.0,437.0,7.0,279,0,11.33,16.47,0,0,30.08
2024-02-15,SKU_4,WH_3,SUP_6,East,34.0,403.0,7.0,279,0,11.33,16.47,0,0,33.28
2024-02-16,SKU_4,WH_3,SUP_6,South,19.0,384.0,7.0,279,0,11.33,16.47,0,0,19.72
2024-02-17,SKU_4,WH_3,SUP_6,East,28.0,356.0,7.0,279,0,11.33,16.47,1,0,28.12
2024-02-18,SKU_4,WH_3,SUP_6,South,30.0,326.0,7.0,279,0,11.33,16.47,0,0,25.82
2024-02-19,SKU_4,WH_3,SUP_6,East,27.0,299.0,7.0,279,0,11.33,16.47,0,0,23.11
2024-02-20,SKU_4,WH_3,SUP_6,North,30.0,269.0,7.0,279,0,11.33,16.47,0,0,31.36
2024-02-21,SKU_4,WH_3,SUP_6,West,35.0,453.0,7.0,279,219,11.33,16.47,0,0,34.81
2024-02-22,SKU_4,WH_3,SUP_6,,26.0,427.0,7.0,279,0,11.33,16.47,0,0,29.33
2024-02-23,SKU_4,WH_3,SUP_6,East,24.0,403.0,7.0,279,0,11.33,16.47,0,0,
2024-02-24,SKU_4,WH_3,SUP_6,North,22.0,381.0,7.0,279,0,11.33,16.47,0,0,20.84
2024-02-25,SKU_4,WH_3,SUP_6,South,-28.0,-353.0,7.0,279,0,-11.33,-16.47,0,0,-29.62
2024-02-26,SKU_4,WH_3,SUP_6,,,325.0,7.0,279,0,11.33,16.47,0,0,28.0
2024-02-27,SKU_4,WH_3,SUP_6,West,32.0,293.0,7.0,279,0,11.33,16.47,0,0,34.78
2024-02-28,SKU_4,WH_3,SUP_6,East,31.0,,7.0,279,0,11.33,16.47,0,0,36.39
2024-02-29,SKU_4,WH_3,SUP_6,East,23.0,481.0,7.0,279,242,11.33,16.47,0,0,24.01
2024-03-01,SKU_4,WH_3,SUP_6,East,25.0,456.0,7.0,279,0,11.33,16.47,0,0,24.23
2024-03-02,SKU_4,WH_3,SUP_6,East,25.0,431.0,7.0,279,0,11.33,16.47,0,0,24.64
2024-03-03,SKU_4,WH_3,SUP_6,East,20.0,411.0,7.0,279,0,11.33,16.47,0,0,17.7
2024-03-04,SKU_4,WH_3,SUP_6,North,29.0,382.0,7.0,279,0,11.33,16.47,0,0,26.03
2024-03-05,SKU_4,WH_3,SUP_6,South,,352.0,7.0,279,0,11.33,16.47,0,0,29.02
2024-03-06,SKU_4,WH_3,SUP_6,,36.0,316.0,7.0,279,0,11.33,16.47,0,0,35.28
2024-03-07,SKU_4,WH_3,SUP_6,South,34.0,282.0,7.0,279,0,11.33,16.47,0,0,30.03
2024-03-08,SKU_4,WH_3,SUP_6,North,35.0,247.0,7.0,279,0,11.33,16.47,0,0,36.53
2024-03-09,SKU_4,WH_3,SUP_6,East,28.0,606.0,7.0,279,387,11.33,16.47,0,0,26.11
2024-03-10,SKU_4,WH_3,SUP_6,South,30.0,,7.0,279,0,11.33,16.47,0,0,32.82
2024-03-11,SKU_4,WH_3,SUP_6,,31.0,545.0,7.0,279,0,11.33,16.47,0,0,30.39
2024-03-12,SKU_4,WH_3,SUP_6,East,24.0,521.0,7.0,279,0,11.33,16.47,0,0,28.39
2024-03-13,SKU_4,WH_3,SUP_6,West,34.0,487.0,7.0,279,0,11.33,16.47,0,0,28.9
2024-03-14,SKU_4,WH_3,SUP_6,,27.0,460.0,7.0,279,0,11.33,16.47,0,0,30.03
2024-03-15,SKU_4,WH_3,SUP_6,South,34.0,426.0,7.0,279,0,11.33,16.47,0,0,37.32
2024-03-16,SKU_4,WH_3,SUP_6,West,28.0,398.0,7.0,279,0,11.33,16.47,0,0,28.78
2024-03-17,SKU_4,WH_3,SUP_6,West,29.0,369.0,7.0,279,0,11.33,16.47,0,0,35.22
2024-03-18,SKU_4,WH_3,SUP_6,??UNKNOWN??,24.0,345.0,7.0,279,0,11.33,16.47,0,0,
2024-03-19,SKU_4,WH_3,SUP_6,??UNKNOWN??,29.0,316.0,7.0,279,0,11.33,16.47,0,0,
2024-03-20,SKU_4,WH_3,SUP_6,East,31.0,285.0,7.0,279,0,11.33,16.47,0,0,30.05
2024-03-21,SKU_4,WH_3,SUP_6,East,27.0,258.0,7.0,279,0,11.33,16.47,0,0,29.33
2024-03-22,SKU_4,WH_3,SUP_6,North,25.0,,,279,204,11.33,16.47,0,0,28.31
2024-03-23,SKU_4,WH_3,SUP_6,South,29.0,408.0,7.0,279,0,11.33,16.47,0,0,33.21
2024-03-24,SKU_4,WH_3,SUP_6,West,26.0,382.0,7.0,279,0,11.33,16.47,0,0,22.19
2024-03-25,SKU_4,WH_3,SUP_6,West,40.0,342.0,7.0,279,0,11.33,16.47,1,0,36.74
2024-03-26,SKU_4,WH_3,SUP_6,South,38.0,304.0,7.0,279,0,11.33,16.47,0,0,37.49
2024-03-27,SKU_4,WH_3,SUP_6,East,28.0,276.0,7.0,279,0,11.33,16.47,0,0,31.2
2024-03-28,SKU_4,WH_3,SUP_6,North,34.0,661.0,7.0,279,419,11.33,16.47,0,0,34.06
2024-03-29,SKU_4,WH_3,SUP_6,East,29.0,632.0,7.0,279,0,11.33,16.47,0,0,29.03
2024-03-30,SKU_4,WH_3,SUP_6,South,22.0,,7.0,279,0,11.33,16.47,0,0,22.67
2024-03-31,SKU_4,WH_3,SUP_6,East,37.0,573.0,7.0,279,0,11.33,16.47,1,0,37.58
2024-04-01,SKU_4,WH_3,SUP_6,South,26.0,547.0,7.0,279,0,11.33,16.47,0,0,25.52
2024-04-02,SKU_4,WH_3,SUP_6,West,27.0,520.0,7.0,279,0,11.33,16.47,0,0,23.26
2024-04-03,SKU_4,WH_3,SUP_6,South,33.0,487.0,7.0,279,0,11.33,16.47,0,0,33.16
2024-04-04,SKU_4,WH_3,SUP_6,,25.0,462.0,7.0,279,0,11.33,16.47,0,0,22.74
2024-04-05,SKU_4,WH_3,SUP_6,North,37.0,425.0,7.0,279,0,11.33,16.47,0,0,37.74
2024-04-06,SKU_4,WH_3,SUP_6,West,29.0,396.0,7.0,279,0,11.33,16.47,0,0,25.58
2024-04-07,SKU_4,WH_3,SUP_6,North,37.0,359.0,7.0,279,0,11.33,16.47,1,0,40.5
2024-04-08,SKU_4,WH_3,SUP_6,South,37.0,322.0,,279,0,11.33,16.47,1,0,35.03
2024-04-09,SKU_4,WH_3,SUP_6,West,32.0,290.0,7.0,279,0,11.33,16.47,0,0,30.45
2024-04-10,SKU_4,WH_3,SUP_6,,40.0,250.0,7.0,279,0,11.33,16.47,0,0,44.93
2024-04-11,SKU_4,WH_3,SUP_6,South,41.0,567.0,7.0,279,358,11.33,16.47,1,0,43.34
2024-04-12,SKU_4,WH_3,SUP_6,East,41.0,526.0,7.0,279,0,11.33,16.47,0,0,42.97
2024-04-13,SKU_4,WH_3,SUP_6,West,29.0,,7.0,279,0,11.33,16.47,0,0,34.14
2024-04-14,SKU_4,WH_3,SUP_6,East,23.0,474.0,7.0,279,0,11.33,16.47,0,0,26.02
2024-04-15,SKU_4,WH_3,SUP_6,North,25.0,449.0,7.0,279,0,11.33,16.47,0,0,21.6
2024-04-16,SKU_4,WH_3,SUP_6,West,38.0,411.0,7.0,279,0,11.33,16.47,0,0,38.65
2024-04-17,SKU_4,WH_3,SUP_6,North,30.0,381.0,7.0,279,0,11.33,16.47,0,0,
2024-04-18,SKU_4,WH_3,SUP_6,South,27.0,354.0,7.0,279,0,11.33,16.47,0,0,24.41
2024-04-19,SKU_4,WH_3,SUP_6,West,21.0,,7.0,279,0,11.33,16.47,0,0,19.55
2024-04-20,SKU_4,WH_3,SUP_6,South,32.0,301.0,7.0,279,0,11.33,16.47,0,0,33.81
2024-04-21,SKU_4,WH_3,SUP_6,West,31.0,270.0,7.0,279,0,11.33,16.47,0,0,29.42
2024-04-22,SKU_4,WH_3,SUP_6,East,30.0,528.0,7.0,279,288,11.33,16.47,0,0,32.73
2024-04-23,SKU_4,WH_3,SUP_6,North,25.0,,7.0,279,0,11.33,16.47,0,0,24.83
2024-04-24,SKU_4,WH_3,SUP_6,,30.0,473.0,7.0,279,0,11.33,16.47,0,0,27.69
2024-04-25,SKU_4,WH_3,SUP_6,North,26.0,447.0,7.0,279,0,11.33,16.47,0,0,28.8
2024-04-26,SKU_4,WH_3,SUP_6,South,33.0,414.0,7.0,279,0,11.33,16.47,1,0,29.15
2024-04-27,SKU_4,WH_3,SUP_6,East,28.0,386.0,7.0,279,0,11.33,16.47,0,0,29.12
2024-04-28,SKU_4,WH_3,SUP_6,West,27.0,359.0,7.0,279,0,11.33,16.47,0,0,23.45
2024-04-29,SKU_4,WH_3,SUP_6,East,34.0,325.0,7.0,279,0,11.33,16.47,0,0,32.86
2024-04-30,SKU_4,WH_3,SUP_6,East,30.0,295.0,7.0,279,0,11.33,16.47,0,0,30.79
2024-05-01,SKU_4,WH_3,SUP_6,North,38.0,257.0,7.0,279,0,11.33,16.47,0,0,33.89
2024-05-02,SKU_4,WH_3,SUP_6,West,22.0,622.0,7.0,279,387,11.33,16.47,0,0,18.64
2024-05-03,SKU_4,WH_3,SUP_6,East,21.0,601.0,7.0,279,0,11.33,16.47,0,0,23.03
2024-05-04,SKU_4,WH_3,SUP_6,South,27.0,574.0,7.0,279,0,11.33,16.47,0,0,29.88
2024-05-05,SKU_4,WH_3,SUP_6,West,22.0,552.0,7.0,279,0,11.33,16.47,0,0,16.67
2024-05-06,SKU_4,WH_3,SUP_6,South,30.0,522.0,7.0,279,0,11.33,16.47,0,0,29.58
2024-05-07,SKU_4,WH_3,SUP_6,,24.0,498.0,7.0,279,0,11.33,16.47,1,0,27.87
2024-05-08,SKU_4,WH_3,SUP_6,West,27.0,471.0,7.0,279,0,11.33,16.47,0,0,27.35
2024-05-09,SKU_4,WH_3,SUP_6,East,25.0,446.0,7.0,279,0,11.33,16.47,0,0,25.31
2024-05-10,SKU_4,WH_3,SUP_6,North,22.0,424.0,7.0,279,0,11.33,16.47,0,0,19.55
2024-05-11,SKU_4,WH_3,SUP_6,East,36.0,388.0,7.0,279,0,11.33,16.47,0,0,34.95
2024-05-12,SKU_4,WH_3,SUP_6,East,,359.0,7.0,279,0,11.33,16.47,0,0,28.58
2024-05-13,SKU_4,WH_3,SUP_6,South,13.0,346.0,7.0,279,0,11.33,16.47,0,0,9.97
2024-05-14,SKU_4,WH_3,SUP_6,East,15.0,331.0,7.0,279,0,11.33,16.47,0,0,14.54
2024-05-15,SKU_4,WH_3,SUP_6,East,30.0,301.0,7.0,279,0,11.33,16.47,0,0,35.01
2024-05-16,SKU_4,WH_3,SUP_6,East,26.0,275.0,7.0,279,0,11.33,16.47,0,0,24.02
2024-05-17,SKU_4,WH_3,SUP_6,South,,666.0,7.0,279,416,11.33,16.47,0,0,20.62
2024-05-18,SKU_4,WH_3,SUP_6,North,26.0,640.0,7.0,279,0,11.33,16.47,0,0,28.65
2024-05-19,SKU_4,WH_3,SUP_6,South,46.0,594.0,7.0,279,0,11.33,16.47,1,0,46.24
2024-05-20,SKU_4,WH_3,SUP_6,East,24.0,570.0,7.0,279,0,11.33,16.47,0,0,19.02
2024-05-21,SKU_4,WH_3,SUP_6,East,31.0,539.0,7.0,279,0,11.33,16.47,1,0,32.31
2024-05-22,SKU_4,WH_3,SUP_6,South,25.0,514.0,7.0,279,0,11.33,16.47,0,0,22.37
2024-05-23,SKU_4,WH_3,SUP_6,South,19.0,495.0,7.0,279,0,11.33,16.47,0,0,
2024-05-24,SKU_4,WH_3,SUP_6,South,22.0,473.0,7.0,279,0,11.33,16.47,0,0,20.77
2024-05-25,SKU_4,WH_3,SUP_6,West,28.0,445.0,7.0,279,0,11.33,16.47,0,0,24.39
2024-05-26,SKU_4,WH_3,SUP_6,North,17.0,428.0,7.0,279,0,11.33,16.47,0,0,17.94
2024-05-27,SKU_4,WH_3,SUP_6,South,39.0,389.0,7.0,279,0,11.33,16.47,1,0,37.24
2024-05-28,SKU_4,WH_3,SUP_6,North,24.0,365.0,7.0,279,0,11.33,16.47,0,0,22.28
2024-05-29,SKU_4,WH_3,SUP_6,West,32.0,333.0,7.0,279,0,11.33,16.47,1,0,
2024-05-30,SKU_4,WH_3,SUP_6,West,36.0,297.0,7.0,279,0,11.33,16.47,1,0,31.98
2024-05-31,SKU_4,WH_3,SUP_6,North,14.0,283.0,7.0,279,0,11.33,16.47,0,0,17.9
2024-06-01,SKU_4,WH_3,SUP_6,North,24.0,259.0,7.0,279,0,11.33,16.47,0,0,24.72
2024-06-02,SKU_4,WH_3,SUP_6,East,28.0,459.0,7.0,279,228,11.33,16.47,0,0,26.69
2024-06-03,SKU_4,WH_3,SUP_6,West,21.0,438.0,7.0,279,0,11.33,16.47,0,0,21.94
2024-06-04,SKU_4,WH_3,SUP_6,East,27.0,411.0,7.0,279,0,11.33,16.47,1,0,28.17
2024-06-05,SKU_4,WH_3,SUP_6,North,24.0,387.0,7.0,279,0,11.33,16.47,0,0,28.53
2024-06-06,SKU_4,WH_3,SUP_6,East,,368.0,7.0,279,0,11.33,16.47,0,0,15.33
2024-06-07,SKU_4,WH_3,SUP_6,South,20.0,348.0,7.0,279,0,11.33,16.47,1,0,18.44
2024-06-08,SKU_4,WH_3,SUP_6,,missing,,7.0,279,0,11.33,16.47,0,0,28.18
2024-06-09,SKU_4,WH_3,SUP_6,East,missing,40.0,7.0,279,0,11.33,16.47,0,0,108.14627265564626
2024-06-10,SKU_4,WH_3,SUP_6,North,31.0,,7.0,279,0,11.33,16.47,1,0,34.54
2024-06-11,SKU_4,WH_3,SUP_6,North,22.0,,7.0,279,266,11.33,16.47,0,0,18.87
2024-06-12,SKU_4,WH_3,SUP_6,East,16.0,487.0,7.0,279,0,11.33,16.47,0,0,20.1
2024-06-13,SKU_4,WH_3,SUP_6,West,25.0,462.0,7.0,279,0,11.33,16.47,0,0,20.42
2024-06-14,SKU_4,WH_3,SUP_6,East,23.0,439.0,7.0,279,0,11.33,16.47,0,0,21.28
2024-06-15,SKU_4,WH_3,SUP_6,North,21.0,418.0,7.0,279,0,11.33,16.47,0,0,19.79
2024-06-16,SKU_4,WH_3,SUP_6,North,28.0,,7.0,279,0,11.33,16.47,0,0,33.05
2024-06-17,SKU_4,WH_3,SUP_6,East,-25.0,-365.0,7.0,279,0,-11.33,-16.47,0,0,-29.66
2024-06-18,SKU_4,WH_3,SUP_6,North,20.0,345.0,7.0,279,0,11.33,16.47,0,0,21.98
2024-06-19,SKU_4,WH_3,SUP_6,South,19.0,326.0,7.0,279,0,11.33,16.47,0,0,18.22
2024-06-20,SKU_4,WH_3,SUP_6,East,231.0,2135.0,7.0,279,0,11.33,16.47,0,0,149.72249476028477
2024-06-21,SKU_4,WH_3,SUP_6,East,14.0,291.0,7.0,279,0,11.33,16.47,0,0,16.17
2024-06-22,SKU_4,WH_3,SUP_6,South,34.0,,7.0,279,0,11.33,16.47,0,0,38.16
2024-06-23,SKU_4,WH_3,SUP_6,,22.0,549.0,7.0,279,314,11.33,16.47,0,0,24.41
2024-06-24,SKU_4,WH_3,SUP_6,East,22.0,527.0,7.0,279,0,11.33,16.47,0,0,21.87
2024-06-25,SKU_4,WH_3,SUP_6,South,27.0,500.0,7.0,279,0,11.33,16.47,0,0,25.64
2024-06-26,SKU_4,WH_3,SUP_6,East,18.0,,7.0,279,0,11.33,16.47,0,0,17.39
2024-06-27,SKU_4,WH_3,SUP_6,East,28.0,454.0,7.0,279,0,11.33,16.47,0,0,29.87
2024-06-28,SKU_4,WH_3,SUP_6,South,23.0,,7.0,279,0,11.33,16.47,0,0,24.18
2024-06-29,SKU_4,WH_3,SUP_6,North,26.0,405.0,7.0,279,0,11.33,16.47,0,0,27.71
2024-06-30,SKU_4,WH_3,SUP_6,West,11.0,394.0,7.0,279,0,11.33,16.47,0,0,9.11
2024-07-01,SKU_4,WH_3,SUP_6,North,23.0,371.0,,279,0,11.33,16.47,0,0,
2024-07-02,SKU_4,WH_3,SUP_6,West,22.0,349.0,7.0,279,0,11.33,16.47,0,0,
2024-07-03,SKU_4,WH_3,SUP_6,,25.0,324.0,7.0,279,0,11.33,16.47,0,0,26.2
2024-07-04,SKU_4,WH_3,SUP_6,East,20.0,304.0,7.0,279,0,11.33,16.47,0,0,21.12
2024-07-05,SKU_4,WH_3,SUP_6,West,13.0,291.0,7.0,279,0,11.33,16.47,0,0,8.86
2024-07-06,SKU_4,WH_3,SUP_6,South,21.0,270.0,7.0,279,0,11.33,16.47,0,0,24.02
2024-07-07,SKU_4,WH_3,SUP_6,North,25.0,478.0,7.0,279,233,11.33,16.47,0,0,27.76
2024-07-08,SKU_4,WH_3,SUP_6,North,20.0,458.0,7.0,279,0,11.33,16.47,0,0,22.08
2024-07-09,SKU_4,WH_3,SUP_6,East,20.0,438.0,7.0,279,0,11.33,16.47,0,0,24.49
2024-07-10,SKU_4,WH_3,SUP_6,,16.0,422.0,7.0,279,0,11.33,16.47,0,0,
2024-07-11,SKU_4,WH_3,SUP_6,East,12.0,410.0,7.0,279,0,11.33,16.47,0,0,11.95
2024-07-12,SKU_4,WH_3,SUP_6,East,20.0,390.0,7.0,279,0,11.33,16.47,0,0,22.77
2024-07-13,SKU_4,WH_3,SUP_6,East,17.0,373.0,7.0,279,0,11.33,16.47,0,0,16.81
2024-07-14,SKU_4,WH_3,SUP_6,West,14.0,359.0,7.0,279,0,11.33,16.47,1,0,15.99
2024-07-15,SKU_4,WH_3,SUP_6,West,24.0,335.0,7.0,279,0,11.33,16.47,0,0,
2024-07-16,SKU_4,WH_3,SUP_6,East,19.0,316.0,7.0,279,0,11.33,16.47,0,0,20.09
2024-07-17,SKU_4,WH_3,SUP_6,North,31.0,285.0,7.0,279,0,11.33,16.47,0,0,36.35
2024-07-18,SKU_4,WH_3,SUP_6,West,11.0,274.0,7.0,279,0,11.33,16.47,0,0,11.4
2024-07-19,SKU_4,WH_3,SUP_6,South,21.0,695.0,7.0,279,442,11.33,16.47,0,0,N/A
2024-07-20,SKU_4,WH_3,SUP_6,West,24.0,,7.0,279,0,11.33,16.47,0,0,21.9
2024-07-21,SKU_4,WH_3,SUP_6,South,18.0,653.0,7.0,279,0,11.33,16.47,0,0,16.94
2024-07-22,SKU_4,WH_3,SUP_6,North,3.0,650.0,7.0,279,0,11.33,16.47,0,0,0.48
2024-07-23,SKU_4,WH_3,SUP_6,North,20.0,630.0,,279,0,11.33,16.47,0,0,22.64
2024-07-24,SKU_4,WH_3,SUP_6,East,missing,611.0,7.0,279,0,11.33,16.47,0,0,21.03
2024-07-25,SKU_4,WH_3,SUP_6,South,13.0,,7.0,279,0,11.33,16.47,0,0,8.98
2024-07-26,SKU_4,WH_3,SUP_6,East,11.0,587.0,7.0,279,0,11.33,16.47,0,0,11.42
2024-07-27,SKU_4,WH_3,SUP_6,East,13.0,574.0,7.0,279,0,11.33,16.47,0,0,12.98
2024-07-28,SKU_4,WH_3,SUP_6,West,12.0,562.0,7.0,279,0,11.33,16.47,0,0,10.96
2024-07-29,SKU_4,WH_3,SUP_6,South,16.0,546.0,7.0,279,0,11.33,16.47,0,0,10.44
2024-07-30,SKU_4,WH_3,SUP_6,West,16.0,530.0,7.0,279,0,11.33,16.47,0,0,13.19
2024-07-31,SKU_4,WH_3,SUP_6,South,11.0,519.0,7.0,279,0,11.33,16.47,1,0,5.92
2024-08-01,SKU_4,WH_3,SUP_6,West,20.0,499.0,7.0,279,0,11.33,16.47,0,0,16.39
2024-08-02,SKU_4,WH_3,SUP_6,East,20.0,479.0,7.0,279,0,11.33,16.47,0,0,16.91
2024-08-03,SKU_4,WH_3,SUP_6,North,,466.0,7.0,279,0,11.33,16.47,0,0,16.23
2024-08-04,SKU_4,WH_3,SUP_6,North,16.0,450.0,7.0,279,0,11.33,16.47,0,0,21.66
2024-08-05,SKU_4,WH_3,SUP_6,South,6.0,444.0,7.0,279,0,11.33,16.47,0,0,3.83
2024-08-06,SKU_4,WH_3,SUP_6,North,12.0,,7.0,279,0,11.33,16.47,0,0,10.72
2024-08-07,SKU_4,WH_3,SUP_6,West,19.0,413.0,7.0,279,0,11.33,16.47,0,0,19.89
2024-08-08,SKU_4,WH_3,SUP_6,West,16.0,397.0,7.0,279,0,11.33,16.47,0,0,19.7
2024-08-09,SKU_4,WH_3,SUP_6,South,11.0,386.0,7.0,279,0,11.33,16.47,0,0,9.46
2024-08-10,SKU_4,WH_3,SUP_6,North,19.0,367.0,7.0,279,0,11.33,16.47,0,0,20.51
2024-08-11,SKU_4,WH_3,SUP_6,East,21.0,346.0,7.0,279,0,11.33,16.47,0,0,
2024-08-12,SKU_4,WH_3,SUP_6,West,21.0,325.0,7.0,279,0,11.33,16.47,0,0,21.9
2024-08-13,SKU_4,WH_3,SUP_6,West,9.0,316.0,7.0,279,0,11.33,16.47,0,0,3.37
2024-08-14,SKU_4,WH_3,SUP_6,North,8.0,308.0,7.0,279,0,11.33,16.47,0,0,12.57
2024-08-15,SKU_4,WH_3,SUP_6,North,10.0,298.0,7.0,279,0,11.33,16.47,0,0,11.7
2024-08-16,SKU_4,WH_3,SUP_6,West,8.0,290.0,7.0,279,0,11.33,16.47,0,0,9.06
2024-08-17,SKU_4,WH_3,SUP_6,South,10.0,280.0,,279,0,11.33,16.47,0,0,8.6
2024-08-18,SKU_4,WH_3,SUP_6,East,13.0,267.0,7.0,279,0,11.33,16.47,0,0,20.15
2024-08-19,SKU_4,WH_3,SUP_6,North,15.0,534.0,7.0,279,282,11.33,16.47,0,0,12.7
2024-08-20,SKU_4,WH_3,SUP_6,South,9.0,525.0,7.0,279,0,11.33,16.47,0,0,3.98
2024-08-21,SKU_4,WH_3,SUP_6,South,,512.0,7.0,279,0,11.33,16.47,0,0,10.79
2024-08-22,SKU_4,WH_3,SUP_6,North,20.0,,7.0,279,0,11.33,16.47,0,0,18.48
2024-08-23,SKU_4,WH_3,SUP_6,North,,469.0,7.0,279,0,11.33,16.47,0,0,26.0
2024-08-24,SKU_4,WH_3,SUP_6,East,3.0,466.0,7.0,279,0,11.33,16.47,0,0,10.68
2024-08-25,SKU_4,WH_3,SUP_6,North,10.0,456.0,7.0,279,0,11.33,16.47,0,0,7.8
2024-08-26,SKU_4,WH_3,SUP_6,East,20.0,436.0,7.0,279,0,11.33,16.47,0,0,23.48
2024-08-27,SKU_4,WH_3,SUP_6,North,24.0,412.0,7.0,279,0,11.33,16.47,1,0,25.12
2024-08-28,SKU_4,WH_3,SUP_6,South,9.0,403.0,7.0,279,0,11.33,16.47,0,0,13.12
2024-08-29,SKU_4,WH_3,SUP_6,South,5.0,398.0,7.0,279,0,11.33,16.47,0,0,2.79
2024-08-30,SKU_4,WH_3,SUP_6,North,10.0,388.0,7.0,279,0,11.33,16.47,0,0,13.98
2024-08-31,SKU_4,WH_3,SUP_6,South,10.0,378.0,7.0,279,0,11.33,16.47,0,0,14.27
2024-09-01,SKU_4,WH_3,SUP_6,South,9.0,369.0,7.0,279,0,11.33,16.47,0,0,7.58
2024-09-02,SKU_4,WH_3,SUP_6,East,18.0,,7.0,279,0,11.33,16.47,1,0,15.54
2024-09-03,SKU_4,WH_3,SUP_6,North,19.0,332.0,7.0,279,0,11.33,16.47,0,0,21.39
2024-09-04,SKU_4,WH_3,SUP_6,North,11.0,321.0,7.0,279,0,11.33,16.47,0,0,13.01
2024-09-05,SKU_4,WH_3,SUP_6,North,-11.0,-310.0,7.0,279,0,-11.33,-16.47,1,0,-10.43
2024-09-06,SKU_4,WH_3,SUP_6,East,2.0,308.0,7.0,279,0,11.33,16.47,0,0,5.59
2024-09-07,SKU_4,WH_3,SUP_6,North,14.0,294.0,7.0,279,0,11.33,16.47,0,0,18.24
2024-09-08,SKU_4,WH_3,SUP_6,North,11.0,283.0,7.0,279,0,11.33,16.47,0,0,16.53
2024-09-09,SKU_4,WH_3,SUP_6,South,4.0,279.0,7.0,279,0,11.33,16.47,0,0,1.62
2024-09-10,SKU_4,WH_3,SUP_6,North,6.0,646.0,7.0,279,373,11.33,16.47,0,0,9.5
2024-09-11,SKU_4,WH_3,SUP_6,West,4.0,642.0,7.0,279,0,11.33,16.47,0,0,0.0
2024-09-12,SKU_4,WH_3,SUP_6,East,6.0,636.0,7.0,279,0,11.33,16.47,0,0,8.23
2024-09-13,SKU_4,WH_3,SUP_6,West,7.0,629.0,7.0,279,0,11.33,16.47,0,0,
2024-09-14,SKU_4,WH_3,SUP_6,West,9.0,620.0,7.0,279,0,11.33,16.47,1,0,9.92
2024-09-15,SKU_4,WH_3,SUP_6,North,9.0,611.0,7.0,279,0,11.33,16.47,0,0,13.8
2024-09-16,SKU_4,WH_3,SUP_6,South,19.0,592.0,7.0,279,0,11.33,16.47,0,0,17.83
2024-09-17,SKU_4,WH_3,SUP_6,East,6.0,586.0,7.0,279,0,11.33,16.47,0,0,0.0
2024-09-18,SKU_4,WH_3,SUP_6,West,5.0,581.0,7.0,279,0,11.33,16.47,0,0,
2024-09-19,SKU_4,WH_3,SUP_6,North,11.0,,7.0,279,0,11.33,16.47,0,0,16.29
2024-09-20,SKU_4,WH_3,SUP_6,North,10.0,560.0,7.0,279,0,11.33,16.47,0,0,2.13
2024-09-21,SKU_4,WH_3,SUP_6,South,14.0,546.0,7.0,279,0,11.33,16.47,0,0,19.13
2024-09-22,SKU_4,WH_3,SUP_6,West,9.0,537.0,7.0,279,0,11.33,16.47,0,0,9.19
2024-09-23,SKU_4,WH_3,SUP_6,East,15.0,522.0,7.0,279,0,11.33,16.47,0,0,13.99
2024-09-24,SKU_4,WH_3,SUP_6,North,11.0,511.0,7.0,279,0,11.33,16.47,0,0,11.21
2024-09-25,SKU_4,WH_3,SUP_6,South,2.0,,7.0,279,0,11.33,16.47,0,0,5.36
2024-09-26,SKU_4,WH_3,SUP_6,East,14.0,495.0,,279,0,11.33,16.47,0,0,14.5
2024-09-27,SKU_4,WH_3,SUP_6,East,7.0,488.0,,279,0,11.33,16.47,0,0,9.68
2024-09-28,SKU_4,WH_3,SUP_6,East,13.0,475.0,,279,0,11.33,16.47,0,0,15.02
2024-09-29,SKU_4,WH_3,SUP_6,West,8.0,467.0,7.0,279,0,11.33,16.47,0,0,9.27
2024-09-30,SKU_4,WH_3,SUP_6,South,15.0,452.0,7.0,279,0,11.33,16.47,0,0,12.52
2024-10-01,SKU_4,WH_3,SUP_6,West,15.0,437.0,7.0,279,0,11.33,16.47,0,0,
2024-10-02,SKU_4,WH_3,SUP_6,East,9.0,428.0,7.0,279,0,11.33,16.47,0,0,9.43
2024-10-03,SKU_4,WH_3,SUP_6,East,9.0,419.0,7.0,279,0,11.33,16.47,0,0,4.98
2024-10-04,SKU_4,WH_3,SUP_6,East,5.0,414.0,7.0,279,0,11.33,16.47,0,0,6.79
2024-10-05,SKU_4,WH_3,SUP_6,,120.0,1995.0,7.0,279,0,11.33,16.47,0,0,57.68313560323859
2024-10-06,SKU_4,WH_3,SUP_6,South,7.0,392.0,7.0,279,0,11.33,16.47,0,0,11.16
2024-10-07,SKU_4,WH_3,SUP_6,West,4.0,388.0,7.0,279,0,11.33,16.47,0,0,4.41
2024-10-08,SKU_4,WH_3,SUP_6,North,15.0,373.0,7.0,279,0,11.33,16.47,0,0,12.75
2024-10-09,SKU_4,WH_3,SUP_6,East,18.0,355.0,7.0,279,0,11.33,16.47,0,0,17.8
2024-10-10,SKU_4,WH_3,SUP_6,West,8.0,347.0,7.0,279,0,11.33,16.47,0,0,10.22
2024-10-11,SKU_4,WH_3,SUP_6,West,17.0,330.0,7.0,279,0,11.33,16.47,0,0,20.33
2024-10-12,SKU_4,WH_3,SUP_6,East,13.0,317.0,7.0,279,0,11.33,16.47,0,0,10.58
2024-10-13,SKU_4,WH_3,SUP_6,South,17.0,300.0,7.0,279,0,11.33,16.47,0,0,14.39
2024-10-14,SKU_4,WH_3,SUP_6,South,9.0,291.0,7.0,279,0,11.33,16.47,0,0,11.01
2024-10-15,SKU_4,WH_3,SUP_6,East,15.0,276.0,7.0,279,0,11.33,16.47,0,0,12.82
2024-10-16,SKU_4,WH_3,SUP_6,West,11.0,676.0,7.0,279,411,11.33,16.47,0,0,8.3
2024-10-17,SKU_4,WH_3,SUP_6,East,17.0,659.0,7.0,279,0,11.33,16.47,0,0,19.34
2024-10-18,SKU_4,WH_3,SUP_6,West,14.0,645.0,7.0,279,0,11.33,16.47,0,0,12.57
2024-10-19,SKU_4,WH_3,SUP_6,North,9.0,636.0,7.0,279,0,11.33,16.47,0,0,9.25
2024-10-20,SKU_4,WH_3,SUP_6,West,12.0,624.0,7.0,279,0,11.33,16.47,0,0,13.3
2024-10-21,SKU_4,WH_3,SUP_6,East,9.0,615.0,7.0,279,0,11.33,16.47,0,0,6.51
2024-10-22,SKU_4,WH_3,SUP_6,West,8.0,607.0,7.0,279,0,11.33,16.47,0,0,9.38
2024-10-23,SKU_4,WH_3,SUP_6,South,7.0,600.0,7.0,279,0,11.33,16.47,0,0,
2024-10-24,SKU_4,WH_3,SUP_6,East,7.0,593.0,7.0,279,0,11.33,16.47,1,0,5.39
2024-10-25,SKU_4,WH_3,SUP_6,South,9.0,,7.0,279,0,11.33,16.47,0,0,20.42
2024-10-26,SKU_4,WH_3,SUP_6,West,12.0,572.0,7.0,279,0,11.33,16.47,0,0,12.37
2024-10-27,SKU_4,WH_3,SUP_6,South,12.0,560.0,7.0,279,0,11.33,16.47,0,0,13.16
2024-10-28,SKU_4,WH_3,SUP_6,East,7.0,553.0,,279,0,11.33,16.47,1,0,7.56
2024-10-29,SKU_4,WH_3,SUP_6,North,12.0,541.0,7.0,279,0,11.33,16.47,0,0,14.16
2024-10-30,SKU_4,WH_3,SUP_6,East,2.0,539.0,7.0,279,0,11.33,16.47,0,0,
2024-10-31,SKU_4,WH_3,SUP_6,North,19.0,520.0,7.0,279,0,11.33,16.47,0,0,22.21
2024-11-01,SKU_4,WH_3,SUP_6,North,11.0,509.0,7.0,279,0,11.33,16.47,0,0,9.36
2024-11-02,SKU_4,WH_3,SUP_6,West,11.0,498.0,7.0,279,0,11.33,16.47,0,0,10.65
not_a_date,SKU_4,WH_3,SUP_6,East,20.0,478.0,7.0,279,0,11.33,16.47,0,0,17.38
2024-11-04,SKU_4,WH_3,SUP_6,South,16.0,462.0,7.0,279,0,11.33,16.47,0,0,12.21
2024-11-05,SKU_4,WH_3,SUP_6,North,,460.0,7.0,279,0,11.33,16.47,0,0,0.0
2024-11-06,SKU_4,WH_3,SUP_6,South,3.0,457.0,7.0,279,0,11.33,16.47,0,0,1.88
2024-11-07,SKU_4,WH_3,SUP_6,South,15.0,442.0,7.0,279,0,11.33,16.47,0,0,14.35
2024-11-08,SKU_4,WH_3,SUP_6,East,6.0,436.0,7.0,279,0,11.33,16.47,0,0,2.52
2024-11-09,SKU_4,WH_3,SUP_6,East,18.0,418.0,,279,0,11.33,16.47,0,0,18.41
2024-11-10,SKU_4,WH_3,SUP_6,East,5.0,413.0,7.0,279,0,11.33,16.47,0,0,4.58
2024-11-11,SKU_4,WH_3,SUP_6,North,14.0,399.0,7.0,279,0,11.33,16.47,0,0,17.24
2024-11-12,SKU_4,WH_3,SUP_6,West,10.0,389.0,7.0,279,0,11.33,16.47,0,0,7.81
2024-11-13,SKU_4,WH_3,SUP_6,West,12.0,377.0,7.0,279,0,11.33,16.47,0,0,7.97
2024-11-14,SKU_4,WH_3,SUP_6,East,13.0,364.0,7.0,279,0,11.33,16.47,0,0,14.25
2024-11-15,SKU_4,WH_3,SUP_6,North,14.0,350.0,7.0,279,0,11.33,16.47,0,0,12.21
2024-11-16,SKU_4,WH_3,SUP_6,East,20.0,330.0,7.0,279,0,11.33,16.47,0,0,17.16
2024-11-17,SKU_4,WH_3,SUP_6,West,15.0,315.0,7.0,279,0,11.33,16.47,1,0,11.18
2024-11-18,SKU_4,WH_3,SUP_6,North,12.0,303.0,7.0,279,0,11.33,16.47,0,0,16.45
not_a_date,SKU_4,WH_3,SUP_6,West,8.0,295.0,7.0,279,0,11.33,16.47,0,0,9.36
2024-11-20,SKU_4,WH_3,SUP_6,South,7.0,288.0,,279,0,11.33,16.47,0,0,4.82
2024-11-21,SKU_4,WH_3,SUP_6,North,13.0,275.0,7.0,279,0,11.33,16.47,0,0,10.59
2024-11-22,SKU_4,WH_3,SUP_6,West,19.0,745.0,7.0,279,489,11.33,16.47,0,0,13.09
2024-11-23,SKU_4,WH_3,SUP_6,East,12.0,733.0,7.0,279,0,11.33,16.47,0,0,14.48
2024-11-24,SKU_4,WH_3,SUP_6,East,13.0,,7.0,279,0,11.33,16.47,0,0,14.57
2024-11-25,SKU_4,WH_3,SUP_6,North,15.0,705.0,7.0,279,0,11.33,16.47,0,0,16.56
2024-11-26,SKU_4,WH_3,SUP_6,East,10.0,695.0,7.0,279,0,11.33,16.47,0,0,9.96
2024-11-27,SKU_4,WH_3,SUP_6,North,23.0,672.0,7.0,279,0,11.33,16.47,0,0,18.65
2024-11-28,SKU_4,WH_3,SUP_6,North,24.0,648.0,7.0,279,0,11.33,16.47,0,0,19.69
2024-11-29,SKU_4,WH_3,SUP_6,North,20.0,628.0,7.0,279,0,11.33,16.47,0,0,16.19
2024-11-30,SKU_4,WH_3,SUP_6,West,19.0,609.0,7.0,279,0,11.33,16.47,0,0,18.8
2024-12-01,SKU_4,WH_3,SUP_6,South,9.0,600.0,7.0,279,0,11.33,16.47,0,0,9.73
2024-12-02,SKU_4,WH_3,SUP_6,South,8.0,592.0,7.0,279,0,11.33,16.47,0,0,7.87
2024-12-03,SKU_4,WH_3,SUP_6,South,18.0,574.0,7.0,279,0,11.33,16.47,0,0,19.47
2024-12-04,SKU_4,WH_3,SUP_6,,22.0,552.0,7.0,279,0,11.33,16.47,0,0,23.56
2024-12-05,SKU_4,WH_3,SUP_6,North,18.0,,7.0,279,0,11.33,16.47,0,0,
2024-12-06,SKU_4,WH_3,SUP_6,South,,521.0,7.0,279,0,11.33,16.47,0,0,18.44
2024-12-07,SKU_4,WH_3,SUP_6,North,20.0,501.0,7.0,279,0,11.33,16.47,0,0,17.15
2024-12-08,SKU_4,WH_3,SUP_6,North,8.0,493.0,7.0,279,0,11.33,16.47,0,0,10.07
2024-12-09,SKU_4,WH_3,SUP_6,North,22.0,471.0,7.0,279,0,11.33,16.47,0,0,23.77
2024-12-10,SKU_4,WH_3,SUP_6,East,18.0,453.0,7.0,279,0,11.33,16.47,0,0,20.1
2024-12-11,SKU_4,WH_3,SUP_6,North,14.0,439.0,7.0,279,0,11.33,16.47,0,0,13.38
2024-12-12,SKU_4,WH_3,SUP_6,South,11.0,428.0,7.0,279,0,11.33,16.47,0,0,15.1
2024-12-13,SKU_4,WH_3,SUP_6,East,23.0,405.0,7.0,279,0,11.33,16.47,0,0,21.17
2024-12-14,SKU_4,WH_3,SUP_6,West,17.0,388.0,7.0,279,0,11.33,16.47,0,0,13.79
2024-12-15,SKU_4,WH_3,SUP_6,North,19.0,369.0,7.0,279,0,11.33,16.47,0,0,20.44
2024-12-16,SKU_4,WH_3,SUP_6,South,23.0,346.0,7.0,279,0,11.33,16.47,0,0,24.4
2024-12-17,SKU_4,WH_3,SUP_6,North,19.0,327.0,7.0,279,0,11.33,16.47,0,0,15.08
2024-12-18,SKU_4,WH_3,SUP_6,North,4.0,323.0,7.0,279,0,11.33,16.47,0,0,6.86
2024-12-19,SKU_4,WH_3,SUP_6,North,16.0,307.0,7.0,279,0,11.33,16.47,0,0,14.5
2024-12-20,SKU_4,WH_3,SUP_6,East,17.0,290.0,7.0,279,0,11.33,16.47,0,0,7.84
2024-12-21,SKU_4,WH_3,SUP_6,West,17.0,273.0,7.0,279,0,11.33,16.47,0,0,19.53
2024-12-22,SKU_4,WH_3,SUP_6,North,17.0,752.0,7.0,279,496,11.33,16.47,0,0,20.02
2024-12-23,SKU_4,WH_3,SUP_6,North,25.0,727.0,7.0,279,0,11.33,16.47,0,0,28.26
2024-12-24,SKU_4,WH_3,SUP_6,,16.0,,7.0,279,0,11.33,16.47,0,0,11.36
2024-12-25,SKU_4,WH_3,SUP_6,West,9.0,702.0,7.0,279,0,11.33,16.47,0,0,10.69
2024-12-26,SKU_4,WH_3,SUP_6,North,20.0,682.0,,279,0,11.33,16.47,0,0,23.21
2024-12-27,SKU_4,WH_3,SUP_6,North,26.0,656.0,7.0,279,0,11.33,16.47,0,0,26.28
2024-12-28,SKU_4,WH_3,SUP_6,West,22.0,634.0,7.0,279,0,11.33,16.47,0,0,24.11
2024-12-29,SKU_4,WH_3,SUP_6,East,20.0,614.0,,279,0,11.33,16.47,0,0,21.43
2024-12-30,SKU_4,WH_3,SUP_6,North,18.0,596.0,7.0,279,0,11.33,16.47,0,0,15.05
2024-01-01,SKU_4,WH_4,SUP_1,??UNKNOWN??,22.0,580.0,12.0,233,0,10.59,17.18,0,0,26.46
2024-01-02,SKU_4,WH_4,SUP_1,West,17.0,563.0,12.0,233,0,10.59,17.18,0,0,14.95
2024-01-03,SKU_4,WH_4,SUP_1,West,25.0,538.0,12.0,233,0,10.59,17.18,0,0,27.07
2024-01-04,SKU_4,WH_4,SUP_1,West,23.0,515.0,12.0,233,0,10.59,17.18,0,0,28.38
2024-01-05,SKU_4,WH_4,SUP_1,North,25.0,490.0,12.0,233,0,10.59,17.18,0,0,27.33
2024-01-06,SKU_4,WH_4,SUP_1,North,13.0,477.0,12.0,233,0,10.59,17.18,0,0,12.16
2024-01-07,SKU_4,WH_4,SUP_1,West,21.0,456.0,12.0,233,0,10.59,17.18,0,0,25.17
2024-01-08,SKU_4,WH_4,SUP_1,North,20.0,436.0,12.0,233,0,10.59,17.18,0,0,20.81
2024-01-09,SKU_4,WH_4,SUP_1,West,26.0,410.0,12.0,233,0,10.59,17.18,0,0,28.68
2024-01-10,SKU_4,WH_4,SUP_1,East,missing,378.0,12.0,233,0,10.59,17.18,1,0,
2024-01-11,SKU_4,WH_4,SUP_1,South,,357.0,,233,0,10.59,17.18,0,0,N/A
2024-01-12,SKU_4,WH_4,SUP_1,North,24.0,333.0,12.0,233,0,10.59,17.18,0,0,26.96
2024-01-13,SKU_4,WH_4,SUP_1,North,26.0,307.0,12.0,233,0,10.59,17.18,0,0,26.49
2024-01-14,SKU_4,WH_4,SUP_1,East,14.0,,12.0,233,0,10.59,17.18,0,0,10.77
2024-01-15,SKU_4,WH_4,SUP_1,South,22.0,271.0,,233,0,10.59,17.18,0,0,23.8
2024-01-16,SKU_4,WH_4,SUP_1,North,23.0,248.0,12.0,233,0,10.59,17.18,0,0,17.17
2024-01-17,SKU_4,WH_4,SUP_1,South,22.0,226.0,12.0,233,0,10.59,17.18,0,0,21.19
2024-01-18,SKU_4,WH_4,SUP_1,West,20.0,433.0,12.0,233,227,10.59,17.18,0,0,17.17
2024-01-19,SKU_4,WH_4,SUP_1,North,39.0,394.0,12.0,233,0,10.59,17.18,1,0,36.41
2024-01-20,SKU_4,WH_4,SUP_1,North,26.0,368.0,12.0,233,0,10.59,17.18,0,0,26.47
2024-01-21,SKU_4,WH_4,SUP_1,West,18.0,350.0,12.0,233,0,10.59,17.18,0,0,14.27
2024-01-22,SKU_4,WH_4,SUP_1,West,21.0,329.0,12.0,233,0,10.59,17.18,0,0,13.36
2024-01-23,SKU_4,WH_4,SUP_1,,37.0,292.0,12.0,233,0,10.59,17.18,1,0,37.94
2024-01-24,SKU_4,WH_4,SUP_1,North,18.0,274.0,12.0,233,0,10.59,17.18,0,0,16.39
2024-01-25,SKU_4,WH_4,SUP_1,East,16.0,,12.0,233,0,10.59,17.18,0,0,15.12
2024-01-26,SKU_4,WH_4,SUP_1,West,27.0,231.0,,233,0,10.59,17.18,0,0,30.17
2024-01-27,SKU_4,WH_4,SUP_1,North,31.0,691.0,12.0,233,491,10.59,17.18,0,0,29.42
2024-01-28,SKU_4,WH_4,SUP_1,,23.0,668.0,12.0,233,0,10.59,17.18,0,0,21.3
2024-01-29,SKU_4,WH_4,SUP_1,North,28.0,640.0,12.0,233,0,10.59,17.18,0,0,26.12
2024-01-30,SKU_4,WH_4,SUP_1,North,13.0,627.0,12.0,233,0,10.59,17.18,0,0,10.18
2024-01-31,SKU_4,WH_4,SUP_1,West,10.0,617.0,12.0,233,0,10.59,17.18,0,0,10.67
2024-02-01,SKU_4,WH_4,SUP_1,South,31.0,586.0,12.0,233,0,10.59,17.18,0,0,26.28
2024-02-02,SKU_4,WH_4,SUP_1,South,29.0,557.0,12.0,233,0,10.59,17.18,0,0,31.54
2024-02-03,SKU_4,WH_4,SUP_1,East,35.0,522.0,12.0,233,0,10.59,17.18,0,0,34.67
2024-02-04,SKU_4,WH_4,SUP_1,West,20.0,502.0,12.0,233,0,10.59,17.18,0,0,
2024-02-05,SKU_4,WH_4,SUP_1,West,27.0,475.0,12.0,233,0,10.59,17.18,0,0,27.27
2024-02-06,SKU_4,WH_4,SUP_1,West,26.0,449.0,12.0,233,0,10.59,17.18,0,0,28.31
2024-02-07,SKU_4,WH_4,SUP_1,East,28.0,421.0,12.0,233,0,10.59,17.18,0,0,29.77
2024-02-08,SKU_4,WH_4,SUP_1,West,33.0,388.0,12.0,233,0,10.59,17.18,0,0,35.2
2024-02-09,SKU_4,WH_4,SUP_1,North,22.0,366.0,12.0,233,0,10.59,17.18,0,0,21.83
2024-02-10,SKU_4,WH_4,SUP_1,South,33.0,333.0,12.0,233,0,10.59,17.18,1,0,33.99
2024-02-11,SKU_4,WH_4,SUP_1,East,37.0,296.0,12.0,233,0,10.59,17.18,0,0,37.29
2024-02-12,SKU_4,WH_4,SUP_1,West,32.0,264.0,12.0,233,0,10.59,17.18,0,0,36.22
2024-02-13,SKU_4,WH_4,SUP_1,West,37.0,227.0,12.0,233,0,10.59,17.18,1,0,37.59
2024-02-14,SKU_4,WH_4,SUP_1,,31.0,487.0,12.0,233,291,10.59,17.18,0,0,33.68
2024-02-15,SKU_4,WH_4,SUP_1,North,22.0,465.0,12.0,233,0,10.59,17.18,0,0,23.78
2024-02-16,SKU_4,WH_4,SUP_1,East,26.0,439.0,12.0,233,0,10.59,17.18,0,0,21.28
2024-02-17,SKU_4,WH_4,SUP_1,West,23.0,416.0,12.0,233,0,10.59,17.18,0,0,21.76
2024-02-18,SKU_4,WH_4,SUP_1,North,33.0,,12.0,233,0,10.59,17.18,0,0,33.88
2024-02-19,SKU_4,WH_4,SUP_1,South,,360.0,12.0,233,0,10.59,17.18,0,0,19.29
2024-02-20,SKU_4,WH_4,SUP_1,South,16.0,344.0,12.0,233,0,10.59,17.18,0,0,14.2
2024-02-21,SKU_4,WH_4,SUP_1,West,33.0,311.0,12.0,233,0,10.59,17.18,0,0,32.92
2024-02-22,SKU_4,WH_4,SUP_1,North,30.0,281.0,12.0,233,0,10.59,17.18,0,0,30.37
2024-02-23,SKU_4,WH_4,SUP_1,West,27.0,254.0,12.0,233,0,10.59,17.18,0,0,25.13
2024-02-24,SKU_4,WH_4,SUP_1,South,29.0,225.0,12.0,233,0,10.59,17.18,0,0,25.86
2024-02-25,SKU_4,WH_4,SUP_1,South,27.0,570.0,12.0,233,372,10.59,17.18,0,0,26.0
2024-02-26,SKU_4,WH_4,SUP_1,East,29.0,541.0,12.0,233,0,10.59,17.18,0,0,27.82
2024-02-27,SKU_4,WH_4,SUP_1,East,32.0,509.0,12.0,233,0,10.59,17.18,0,0,
2024-02-28,SKU_4,WH_4,SUP_1,West,28.0,481.0,12.0,233,0,10.59,17.18,0,0,26.3
2024-02-29,SKU_4,WH_4,SUP_1,North,,452.0,12.0,233,0,10.59,17.18,0,0,19.36
2024-03-01,SKU_4,WH_4,SUP_1,North,30.0,422.0,12.0,233,0,10.59,17.18,0,0,26.96
2024-03-02,SKU_4,WH_4,SUP_1,North,33.0,389.0,12.0,233,0,10.59,17.18,1,0,32.33
2024-03-03,SKU_4,WH_4,SUP_1,West,39.0,350.0,12.0,233,0,10.59,17.18,0,0,36.94
2024-03-04,SKU_4,WH_4,SUP_1,North,29.0,321.0,12.0,233,0,10.59,17.18,0,0,26.65
2024-03-05,SKU_4,WH_4,SUP_1,South,27.0,294.0,12.0,233,0,10.59,17.18,0,0,27.11
2024-03-06,SKU_4,WH_4,SUP_1,East,31.0,263.0,12.0,233,0,10.59,17.18,0,0,30.58
2024-03-07,SKU_4,WH_4,SUP_1,South,31.0,232.0,12.0,233,0,10.59,17.18,0,0,26.96
2024-03-08,SKU_4,WH_4,SUP_1,South,38.0,648.0,12.0,233,454,10.59,17.18,0,0,36.31
2024-03-09,SKU_4,WH_4,SUP_1,West,24.0,624.0,12.0,233,0,10.59,17.18,0,0,21.68
2024-03-10,SKU_4,WH_4,SUP_1,West,39.0,585.0,12.0,233,0,10.59,17.18,1,0,36.23
2024-03-11,SKU_4,WH_4,SUP_1,South,27.0,558.0,12.0,233,0,10.59,17.18,0,0,22.95
2024-03-12,SKU_4,WH_4,SUP_1,South,30.0,528.0,12.0,233,0,10.59,17.18,0,0,29.1
2024-03-13,SKU_4,WH_4,SUP_1,West,29.0,499.0,12.0,233,0,10.59,17.18,0,0,29.61
2024-03-14,SKU_4,WH_4,SUP_1,South,27.0,472.0,12.0,233,0,10.59,17.18,0,0,26.83
2024-03-15,SKU_4,WH_4,SUP_1,East,50.0,422.0,12.0,233,0,10.59,17.18,1,0,48.2
2024-03-16,SKU_4,WH_4,SUP_1,North,21.0,401.0,12.0,233,0,10.59,17.18,0,0,
2024-03-17,SKU_4,WH_4,SUP_1,South,27.0,374.0,12.0,233,0,10.59,17.18,0,0,26.98
2024-03-18,SKU_4,WH_4,SUP_1,East,28.0,346.0,12.0,233,0,10.59,17.18,0,0,24.77
2024-03-19,SKU_4,WH_4,SUP_1,North,33.0,313.0,12.0,233,0,10.59,17.18,0,0,36.34
2024-03-20,SKU_4,WH_4,SUP_1,East,20.0,293.0,12.0,233,0,10.59,17.18,0,0,23.03
2024-03-21,SKU_4,WH_4,SUP_1,East,,264.0,12.0,233,0,10.59,17.18,0,0,26.16
2024-03-22,SKU_4,WH_4,SUP_1,East,,233.0,12.0,233,0,10.59,17.18,0,0,27.44
2024-03-23,SKU_4,WH_4,SUP_1,??UNKNOWN??,32.0,679.0,12.0,233,478,10.59,17.18,0,0,32.67
2024-03-24,SKU_4,WH_4,SUP_1,South,21.0,658.0,12.0,233,0,10.59,17.18,0,0,28.05
2024-03-25,SKU_4,WH_4,SUP_1,West,25.0,633.0,12.0,233,0,10.59,17.18,0,0,19.98
2024-03-26,SKU_4,WH_4,SUP_1,North,33.0,600.0,12.0,233,0,10.59,17.18,0,0,32.85
2024-03-27,SKU_4,WH_4,SUP_1,West,297.0,2865.0,12.0,233,0,10.59,17.18,0,0,N/A
2024-03-28,SKU_4,WH_4,SUP_1,North,27.0,546.0,12.0,233,0,10.59,17.18,0,0,24.55
2024-03-29,SKU_4,WH_4,SUP_1,West,34.0,512.0,,233,0,10.59,17.18,0,0,30.8
2024-03-30,SKU_4,WH_4,SUP_1,North,20.0,492.0,12.0,233,0,10.59,17.18,0,0,18.8
2024-03-31,SKU_4,WH_4,SUP_1,East,41.0,451.0,12.0,233,0,10.59,17.18,1,0,40.87
2024-04-01,SKU_4,WH_4,SUP_1,South,36.0,415.0,12.0,233,0,10.59,17.18,0,0,39.66
2024-04-02,SKU_4,WH_4,SUP_1,South,31.0,384.0,12.0,233,0,10.59,17.18,0,0,32.8
2024-04-03,SKU_4,WH_4,SUP_1,East,30.0,354.0,12.0,233,0,10.59,17.18,0,0,29.78
2024-04-04,SKU_4,WH_4,SUP_1,East,36.0,318.0,12.0,233,0,10.59,17.18,0,0,32.91
2024-04-05,SKU_4,WH_4,SUP_1,East,,281.0,12.0,233,0,10.59,17.18,1,0,34.31
2024-04-06,SKU_4,WH_4,SUP_1,West,39.0,242.0,12.0,233,0,10.59,17.18,1,0,36.7
2024-04-07,SKU_4,WH_4,SUP_1,North,48.0,194.0,,233,0,10.59,17.18,1,0,51.65
2024-04-08,SKU_4,WH_4,SUP_1,South,29.0,506.0,12.0,233,341,10.59,17.18,0,0,27.23
2024-04-09,SKU_4,WH_4,SUP_1,South,22.0,484.0,12.0,233,0,10.59,17.18,0,0,18.97
2024-04-10,SKU_4,WH_4,SUP_1,South,25.0,459.0,,233,0,10.59,17.18,0,0,28.73
2024-04-11,SKU_4,WH_4,SUP_1,West,25.0,434.0,12.0,233,0,10.59,17.18,0,0,22.41
2024-04-12,SKU_4,WH_4,SUP_1,South,34.0,400.0,12.0,233,0,10.59,17.18,0,0,36.72
2024-04-13,SKU_4,WH_4,SUP_1,South,37.0,363.0,12.0,233,0,10.59,17.18,0,0,38.0
2024-04-14,SKU_4,WH_4,SUP_1,North,23.0,340.0,12.0,233,0,10.59,17.18,0,0,
2024-04-15,SKU_4,WH_4,SUP_1,East,25.0,315.0,12.0,233,0,10.59,17.18,0,0,23.8
2024-04-16,SKU_4,WH_4,SUP_1,North,missing,282.0,12.0,233,0,10.59,17.18,0,0,33.13
2024-04-17,SKU_4,WH_4,SUP_1,,34.0,248.0,12.0,233,0,10.59,17.18,0,0,34.04
2024-04-18,SKU_4,WH_4,SUP_1,East,27.0,,12.0,233,0,10.59,17.18,0,0,26.74
2024-04-19,SKU_4,WH_4,SUP_1,East,25.0,586.0,12.0,233,390,10.59,17.18,0,0,23.97
2024-04-20,SKU_4,WH_4,SUP_1,,33.0,553.0,12.0,233,0,10.59,17.18,0,0,34.32
2024-04-21,SKU_4,WH_4,SUP_1,South,34.0,519.0,12.0,233,0,10.59,17.18,0,0,38.52
2024-04-22,SKU_4,WH_4,SUP_1,South,25.0,494.0,12.0,233,0,10.59,17.18,0,0,25.7
2024-04-23,SKU_4,WH_4,SUP_1,South,28.0,466.0,,233,0,10.59,17.18,0,0,29.07
2024-04-24,SKU_4,WH_4,SUP_1,West,32.0,434.0,12.0,233,0,10.59,17.18,0,0,32.79
2024-04-25,SKU_4,WH_4,SUP_1,West,29.0,405.0,12.0,233,0,10.59,17.18,0,0,31.69
2024-04-26,SKU_4,WH_4,SUP_1,East,25.0,380.0,12.0,233,0,10.59,17.18,0,0,20.92
2024-04-27,SKU_4,WH_4,SUP_1,South,33.0,347.0,12.0,233,0,10.59,17.18,0,0,27.44
2024-04-28,SKU_4,WH_4,SUP_1,North,33.0,314.0,12.0,233,0,10.59,17.18,0,0,29.51
2024-04-29,SKU_4,WH_4,SUP_1,East,29.0,285.0,12.0,233,0,10.59,17.18,0,0,33.53
2024-04-30,SKU_4,WH_4,SUP_1,East,32.0,253.0,,233,0,10.59,17.18,0,0,33.5
2024-05-01,SKU_4,WH_4,SUP_1,East,41.0,212.0,12.0,233,0,10.59,17.18,0,0,45.08
2024-05-02,SKU_4,WH_4,SUP_1,East,33.0,541.0,12.0,233,362,10.59,17.18,0,0,31.57
2024-05-03,SKU_4,WH_4,SUP_1,South,34.0,507.0,12.0,233,0,10.59,17.18,0,0,
2024-05-04,SKU_4,WH_4,SUP_1,North,,475.0,12.0,233,0,10.59,17.18,0,0,
2024-05-05,SKU_4,WH_4,SUP_1,West,,444.0,,233,0,10.59,17.18,0,0,35.29
2024-05-06,SKU_4,WH_4,SUP_1,East,20.0,424.0,12.0,233,0,10.59,17.18,0,0,25.09
2024-05-07,SKU_4,WH_4,SUP_1,,35.0,389.0,12.0,233,0,10.59,17.18,0,0,37.77
2024-05-08,SKU_4,WH_4,SUP_1,East,28.0,361.0,12.0,233,0,10.59,17.18,0,0,32.44
2024-05-09,SKU_4,WH_4,SUP_1,South,45.0,316.0,,233,0,10.59,17.18,1,0,44.76
2024-05-10,SKU_4,WH_4,SUP_1,North,22.0,294.0,12.0,233,0,10.59,17.18,0,0,23.62
2024-05-11,SKU_4,WH_4,SUP_1,North,22.0,272.0,12.0,233,0,10.59,17.18,0,0,22.99
2024-05-12,SKU_4,WH_4,SUP_1,North,24.0,248.0,12.0,233,0,10.59,17.18,0,0,28.91
2024-05-13,SKU_4,WH_4,SUP_1,East,31.0,217.0,12.0,233,0,10.59,17.18,0,0,29.23
2024-05-14,SKU_4,WH_4,SUP_1,West,32.0,606.0,12.0,233,421,10.59,17.18,0,0,27.53
2024-05-15,SKU_4,WH_4,SUP_1,North,33.0,573.0,12.0,233,0,10.59,17.18,0,0,34.08
2024-05-16,SKU_4,WH_4,SUP_1,South,27.0,546.0,12.0,233,0,10.59,17.18,0,0,
2024-05-17,SKU_4,WH_4,SUP_1,South,23.0,523.0,12.0,233,0,10.59,17.18,0,0,21.86
2024-05-18,SKU_4,WH_4,SUP_1,South,19.0,504.0,12.0,233,0,10.59,17.18,0,0,15.78
2024-05-19,SKU_4,WH_4,SUP_1,North,,472.0,12.0,233,0,10.59,17.18,1,0,34.18
2024-05-20,SKU_4,WH_4,SUP_1,South,42.0,430.0,12.0,233,0,10.59,17.18,1,0,46.36
2024-05-21,SKU_4,WH_4,SUP_1,East,24.0,406.0,12.0,233,0,10.59,17.18,0,0,27.45
2024-05-22,SKU_4,WH_4,SUP_1,North,23.0,383.0,12.0,233,0,10.59,17.18,0,0,25.18
2024-05-23,SKU_4,WH_4,SUP_1,,28.0,355.0,12.0,233,0,10.59,17.18,0,0,27.1
2024-05-24,SKU_4,WH_4,SUP_1,South,32.0,323.0,12.0,233,0,10.59,17.18,0,0,27.83
2024-05-25,SKU_4,WH_4,SUP_1,South,21.0,302.0,12.0,233,0,10.59,17.18,0,0,22.08
2024-05-26,SKU_4,WH_4,SUP_1,East,9.0,293.0,12.0,233,0,10.59,17.18,1,0,12.36
2024-05-27,SKU_4,WH_4,SUP_1,North,27.0,266.0,12.0,233,0,10.59,17.18,0,0,23.04
2024-05-28,SKU_4,WH_4,SUP_1,West,22.0,244.0,12.0,233,0,10.59,17.18,0,0,21.6
2024-05-29,SKU_4,WH_4,SUP_1,North,24.0,220.0,12.0,233,0,10.59,17.18,1,0,19.42
2024-05-30,SKU_4,WH_4,SUP_1,North,26.0,584.0,12.0,233,390,10.59,17.18,0,0,21.58
2024-05-31,SKU_4,WH_4,SUP_1,South,45.0,539.0,12.0,233,0,10.59,17.18,1,0,49.23
2024-06-01,SKU_4,WH_4,SUP_1,North,20.0,519.0,12.0,233,0,10.59,17.18,0,0,22.34
2024-06-02,SKU_4,WH_4,SUP_1,South,23.0,,12.0,233,0,10.59,17.18,0,0,
2024-06-03,SKU_4,WH_4,SUP_1,South,11.0,485.0,12.0,233,0,10.59,17.18,0,0,14.36
2024-06-04,SKU_4,WH_4,SUP_1,West,19.0,466.0,12.0,233,0,10.59,17.18,0,0,23.74
2024-06-05,SKU_4,WH_4,SUP_1,South,17.0,449.0,12.0,233,0,10.59,17.18,0,0,14.91
2024-06-06,SKU_4,WH_4,SUP_1,South,20.0,429.0,12.0,233,0,10.59,17.18,0,0,
2024-06-07,SKU_4,WH_4,SUP_1,,33.0,396.0,12.0,233,0,10.59,17.18,0,0,31.62
2024-06-08,SKU_4,WH_4,SUP_1,West,34.0,362.0,12.0,233,0,10.59,17.18,0,0,34.09
2024-06-09,SKU_4,WH_4,SUP_1,West,24.0,338.0,12.0,233,0,10.59,17.18,0,0,24.94
2024-06-10,SKU_4,WH_4,SUP_1,West,24.0,314.0,12.0,233,0,10.59,17.18,0,0,16.77
2024-06-11,SKU_4,WH_4,SUP_1,West,24.0,290.0,12.0,233,0,10.59,17.18,0,0,24.57
2024-06-12,SKU_4,WH_4,SUP_1,East,26.0,264.0,12.0,233,0,10.59,17.18,0,0,26.84
2024-06-13,SKU_4,WH_4,SUP_1,West,24.0,240.0,12.0,233,0,10.59,17.18,0,0,29.15
2024-06-14,SKU_4,WH_4,SUP_1,East,27.0,213.0,12.0,233,0,10.59,17.18,0,0,18.73
2024-06-15,SKU_4,WH_4,SUP_1,East,25.0,617.0,12.0,233,429,10.59,17.18,0,0,25.78
2024-06-16,SKU_4,WH_4,SUP_1,West,17.0,600.0,12.0,233,0,10.59,17.18,0,0,19.85
2024-06-17,SKU_4,WH_4,SUP_1,West,23.0,577.0,12.0,233,0,10.59,17.18,0,0,28.81
2024-06-18,SKU_4,WH_4,SUP_1,East,17.0,560.0,12.0,233,0,10.59,17.18,0,0,14.95
2024-06-19,SKU_4,WH_4,SUP_1,West,17.0,543.0,12.0,233,0,10.59,17.18,0,0,21.32
2024-06-20,SKU_4,WH_4,SUP_1,East,18.0,525.0,12.0,233,0,10.59,17.18,0,0,18.63
2024-06-21,SKU_4,WH_4,SUP_1,West,17.0,508.0,12.0,233,0,10.59,17.18,0,0,
2024-06-22,SKU_4,WH_4,SUP_1,South,20.0,488.0,12.0,233,0,10.59,17.18,0,0,21.3
2024-06-23,SKU_4,WH_4,SUP_1,West,12.0,476.0,12.0,233,0,10.59,17.18,0,0,10.63
2024-06-24,SKU_4,WH_4,SUP_1,East,19.0,457.0,12.0,233,0,10.59,17.18,0,0,21.91
2024-06-25,SKU_4,WH_4,SUP_1,North,19.0,438.0,12.0,233,0,10.59,17.18,0,0,15.22
2024-06-26,SKU_4,WH_4,SUP_1,East,18.0,420.0,12.0,233,0,10.59,17.18,0,0,17.59
2024-06-27,SKU_4,WH_4,SUP_1,South,20.0,400.0,12.0,233,0,10.59,17.18,0,0,
2024-06-28,SKU_4,WH_4,SUP_1,,19.0,381.0,12.0,233,0,10.59,17.18,0,0,17.31
2024-06-29,SKU_4,WH_4,SUP_1,West,14.0,367.0,12.0,233,0,10.59,17.18,0,0,10.34
2024-06-30,SKU_4,WH_4,SUP_1,North,23.0,344.0,12.0,233,0,10.59,17.18,0,0,
2024-07-01,SKU_4,WH_4,SUP_1,East,12.0,332.0,12.0,233,0,10.59,17.18,0,0,10.37
2024-07-02,SKU_4,WH_4,SUP_1,West,22.0,310.0,12.0,233,0,10.59,17.18,0,0,24.48
2024-07-03,SKU_4,WH_4,SUP_1,South,26.0,284.0,12.0,233,0,10.59,17.18,0,0,30.21
2024-07-04,SKU_4,WH_4,SUP_1,East,13.0,271.0,12.0,233,0,10.59,17.18,0,0,7.49
2024-07-05,SKU_4,WH_4,SUP_1,North,24.0,247.0,12.0,233,0,10.59,17.18,0,0,22.14
2024-07-06,SKU_4,WH_4,SUP_1,East,14.0,,12.0,233,0,10.59,17.18,0,0,11.54
2024-07-07,SKU_4,WH_4,SUP_1,North,20.0,475.0,12.0,233,262,10.59,17.18,0,0,18.58
2024-07-08,SKU_4,WH_4,SUP_1,West,14.0,461.0,12.0,233,0,10.59,17.18,0,0,11.22
2024-07-09,SKU_4,WH_4,SUP_1,North,,441.0,12.0,233,0,10.59,17.18,0,0,19.85
2024-07-10,SKU_4,WH_4,SUP_1,West,14.0,427.0,12.0,233,0,10.59,17.18,0,0,11.09
2024-07-11,SKU_4,WH_4,SUP_1,South,20.0,407.0,12.0,233,0,10.59,17.18,0,0,25.52
2024-07-12,SKU_4,WH_4,SUP_1,West,23.0,,12.0,233,0,10.59,17.18,1,0,29.18
2024-07-13,SKU_4,WH_4,SUP_1,,12.0,372.0,12.0,233,0,10.59,17.18,0,0,12.76
2024-07-14,SKU_4,WH_4,SUP_1,East,12.0,,12.0,233,0,10.59,17.18,0,0,13.76
2024-07-15,SKU_4,WH_4,SUP_1,North,10.0,350.0,12.0,233,0,10.59,17.18,0,0,15.08
2024-07-16,SKU_4,WH_4,SUP_1,East,24.0,326.0,12.0,233,0,10.59,17.18,0,0,18.77
2024-07-17,SKU_4,WH_4,SUP_1,,14.0,312.0,12.0,233,0,10.59,17.18,0,0,11.53
2024-07-18,SKU_4,WH_4,SUP_1,North,19.0,293.0,12.0,233,0,10.59,17.18,0,0,17.71
2024-07-19,SKU_4,WH_4,SUP_1,South,6.0,287.0,12.0,233,0,10.59,17.18,0,0,11.35
2024-07-20,SKU_4,WH_4,SUP_1,East,14.0,273.0,12.0,233,0,10.59,17.18,0,0,18.64
2024-07-21,SKU_4,WH_4,SUP_1,West,17.0,256.0,,233,0,10.59,17.18,0,0,16.23
2024-07-22,SKU_4,WH_4,SUP_1,East,9.0,247.0,12.0,233,0,10.59,17.18,0,0,8.93
2024-07-23,SKU_4,WH_4,SUP_1,North,27.0,220.0,12.0,233,0,10.59,17.18,0,0,26.6
2024-07-24,SKU_4,WH_4,SUP_1,North,16.0,405.0,12.0,233,201,10.59,17.18,0,0,17.24
2024-07-25,SKU_4,WH_4,SUP_1,South,16.0,389.0,12.0,233,0,10.59,17.18,0,0,9.45
2024-07-26,SKU_4,WH_4,SUP_1,North,21.0,368.0,12.0,233,0,10.59,17.18,0,0,20.26
2024-07-27,SKU_4,WH_4,SUP_1,North,16.0,352.0,12.0,233,0,10.59,17.18,0,0,18.16
2024-07-28,SKU_4,WH_4,SUP_1,South,16.0,336.0,12.0,233,0,10.59,17.18,0,0,
2024-07-29,SKU_4,WH_4,SUP_1,North,3.0,,12.0,233,0,10.59,17.18,0,0,0.0
2024-07-30,SKU_4,WH_4,SUP_1,South,15.0,318.0,12.0,233,0,10.59,17.18,0,0,13.02
2024-07-31,SKU_4,WH_4,SUP_1,South,14.0,304.0,12.0,233,0,10.59,17.18,0,0,11.9
2024-08-01,SKU_4,WH_4,SUP_1,East,16.0,288.0,12.0,233,0,10.59,17.18,0,0,14.14
2024-08-02,SKU_4,WH_4,SUP_1,East,16.0,272.0,12.0,233,0,10.59,17.18,0,0,20.01
2024-08-03,SKU_4,WH_4,SUP_1,West,15.0,257.0,12.0,233,0,10.59,17.18,0,0,14.24
2024-08-04,SKU_4,WH_4,SUP_1,South,15.0,242.0,12.0,233,0,10.59,17.18,0,0,7.74
2024-08-05,SKU_4,WH_4,SUP_1,North,11.0,231.0,12.0,233,0,10.59,17.18,0,0,8.46
2024-08-06,SKU_4,WH_4,SUP_1,North,11.0,424.0,,233,204,10.59,17.18,0,0,13.19
2024-08-07,SKU_4,WH_4,SUP_1,South,16.0,408.0,12.0,233,0,10.59,17.18,0,0,20.04
2024-08-08,SKU_4,WH_4,SUP_1,East,,389.0,12.0,233,0,10.59,17.18,0,0,20.67
2024-08-09,SKU_4,WH_4,SUP_1,East,18.0,371.0,,233,0,10.59,17.18,0,0,17.55
2024-08-10,SKU_4,WH_4,SUP_1,West,9.0,362.0,12.0,233,0,10.59,17.18,0,0,11.99
2024-08-11,SKU_4,WH_4,SUP_1,South,18.0,344.0,12.0,233,0,10.59,17.18,1,0,22.66
2024-08-12,SKU_4,WH_4,SUP_1,South,19.0,325.0,12.0,233,0,10.59,17.18,0,0,15.64
2024-08-13,SKU_4,WH_4,SUP_1,South,11.0,,12.0,233,0,10.59,17.18,0,0,7.55
2024-08-14,SKU_4,WH_4,SUP_1,East,15.0,299.0,12.0,233,0,10.59,17.18,0,0,12.51
2024-08-15,SKU_4,WH_4,SUP_1,West,21.0,278.0,12.0,233,0,10.59,17.18,0,0,24.03
2024-08-16,SKU_4,WH_4,SUP_1,West,13.0,265.0,12.0,233,0,10.59,17.18,0,0,13.76
2024-08-17,SKU_4,WH_4,SUP_1,South,10.0,255.0,,233,0,10.59,17.18,0,0,12.07
2024-08-18,SKU_4,WH_4,SUP_1,South,14.0,241.0,12.0,233,0,10.59,17.18,0,0,17.7
2024-08-19,SKU_4,WH_4,SUP_1,,11.0,230.0,12.0,233,0,10.59,17.18,0,0,10.55
2024-08-20,SKU_4,WH_4,SUP_1,East,0.0,438.0,12.0,233,208,10.59,17.18,0,0,0.98
2024-08-21,SKU_4,WH_4,SUP_1,South,5.0,433.0,12.0,233,0,10.59,17.18,0,0,5.16
2024-08-22,SKU_4,WH_4,SUP_1,North,12.0,421.0,12.0,233,0,10.59,17.18,0,0,12.92
2024-08-23,SKU_4,WH_4,SUP_1,North,7.0,414.0,,233,0,10.59,17.18,0,0,3.85
2024-08-24,SKU_4,WH_4,SUP_1,North,6.0,408.0,12.0,233,0,10.59,17.18,0,0,5.02
2024-08-25,SKU_4,WH_4,SUP_1,South,5.0,403.0,12.0,233,0,10.59,17.18,0,0,2.12
2024-08-26,SKU_4,WH_4,SUP_1,East,8.0,395.0,12.0,233,0,10.59,17.18,0,0,7.47
2024-08-27,SKU_4,WH_4,SUP_1,West,9.0,386.0,12.0,233,0,10.59,17.18,0,0,7.78
2024-08-28,SKU_4,WH_4,SUP_1,North,12.0,374.0,12.0,233,0,10.59,17.18,0,0,9.09
2024-08-29,SKU_4,WH_4,SUP_1,South,13.0,361.0,12.0,233,0,10.59,17.18,0,0,17.84
2024-08-30,SKU_4,WH_4,SUP_1,South,216.0,2058.0,,233,0,10.59,17.18,0,0,85.38678073298723
2024-08-31,SKU_4,WH_4,SUP_1,East,2.0,341.0,12.0,233,0,10.59,17.18,0,0,0.0
2024-09-01,SKU_4,WH_4,SUP_1,East,13.0,328.0,12.0,233,0,10.59,17.18,0,0,8.55
2024-09-02,SKU_4,WH_4,SUP_1,North,8.0,320.0,12.0,233,0,10.59,17.18,0,0,10.38
2024-09-03,SKU_4,WH_4,SUP_1,West,15.0,305.0,12.0,233,0,10.59,17.18,0,0,16.22
2024-09-04,SKU_4,WH_4,SUP_1,,6.0,299.0,12.0,233,0,10.59,17.18,0,0,10.69
2024-09-05,SKU_4,WH_4,SUP_1,North,16.0,283.0,12.0,233,0,10.59,17.18,1,0,16.68
2024-09-06,SKU_4,WH_4,SUP_1,,10.0,273.0,12.0,233,0,10.59,17.18,0,0,9.72
2024-09-07,SKU_4,WH_4,SUP_1,South,0.0,273.0,12.0,233,0,10.59,17.18,0,0,0.0
2024-09-08,SKU_4,WH_4,SUP_1,South,2.0,271.0,12.0,233,0,10.59,17.18,0,0,3.7
2024-09-09,SKU_4,WH_4,SUP_1,South,24.0,247.0,12.0,233,0,10.59,17.18,1,0,24.68
2024-09-10,SKU_4,WH_4,SUP_1,North,10.0,237.0,12.0,233,0,10.59,17.18,0,0,8.58
2024-09-11,SKU_4,WH_4,SUP_1,East,25.0,212.0,12.0,233,0,10.59,17.18,0,0,21.78
2024-09-12,SKU_4,WH_4,SUP_1,South,22.0,624.0,12.0,233,434,10.59,17.18,1,0,22.44
2024-09-13,SKU_4,WH_4,SUP_1,South,8.0,616.0,12.0,233,0,10.59,17.18,0,0,10.2
2024-09-14,SKU_4,WH_4,SUP_1,South,11.0,605.0,12.0,233,0,10.59,17.18,0,0,10.66
2024-09-15,SKU_4,WH_4,SUP_1,East,10.0,595.0,12.0,233,0,10.59,17.18,0,0,11.03
2024-09-16,SKU_4,WH_4,SUP_1,North,21.0,,12.0,233,0,10.59,17.18,0,0,25.5
2024-09-17,SKU_4,WH_4,SUP_1,South,12.0,562.0,12.0,233,0,10.59,17.18,0,0,7.8
2024-09-18,SKU_4,WH_4,SUP_1,West,7.0,555.0,12.0,233,0,10.59,17.18,0,0,3.18
2024-09-19,SKU_4,WH_4,SUP_1,East,19.0,536.0,12.0,233,0,10.59,17.18,1,0,19.94
2024-09-20,SKU_4,WH_4,SUP_1,South,11.0,525.0,12.0,233,0,10.59,17.18,0,0,9.56
2024-09-21,SKU_4,WH_4,SUP_1,East,8.0,517.0,12.0,233,0,10.59,17.18,0,0,7.2
2024-09-22,SKU_4,WH_4,SUP_1,East,12.0,505.0,12.0,233,0,10.59,17.18,0,0,11.62
2024-09-23,SKU_4,WH_4,SUP_1,East,13.0,492.0,12.0,233,0,10.59,17.18,0,0,10.54
2024-09-24,SKU_4,WH_4,SUP_1,West,8.0,484.0,12.0,233,0,10.59,17.18,0,0,2.63
2024-09-25,SKU_4,WH_4,SUP_1,North,,473.0,12.0,233,0,10.59,17.18,0,0,10.89
2024-09-26,SKU_4,WH_4,SUP_1,West,8.0,465.0,12.0,233,0,10.59,17.18,0,0,1.35
2024-09-27,SKU_4,WH_4,SUP_1,East,9.0,456.0,12.0,233,0,10.59,17.18,0,0,14.03
2024-09-28,SKU_4,WH_4,SUP_1,North,11.0,445.0,12.0,233,0,10.59,17.18,1,0,15.64
2024-09-29,SKU_4,WH_4,SUP_1,South,13.0,432.0,12.0,233,0,10.59,17.18,0,0,11.84
2024-09-30,SKU_4,WH_4,SUP_1,North,13.0,419.0,12.0,233,0,10.59,17.18,0,0,12.91
2024-10-01,SKU_4,WH_4,SUP_1,South,11.0,408.0,12.0,233,0,10.59,17.18,0,0,11.04
2024-10-02,SKU_4,WH_4,SUP_1,North,7.0,401.0,12.0,233,0,10.59,17.18,0,0,5.75
2024-10-03,SKU_4,WH_4,SUP_1,North,,392.0,12.0,233,0,10.59,17.18,0,0,13.45
2024-10-04,SKU_4,WH_4,SUP_1,East,15.0,377.0,12.0,233,0,10.59,17.18,0,0,16.12
2024-10-05,SKU_4,WH_4,SUP_1,West,7.0,370.0,12.0,233,0,10.59,17.18,0,0,4.94
2024-10-06,SKU_4,WH_4,SUP_1,East,13.0,357.0,12.0,233,0,10.59,17.18,0,0,11.4
2024-10-07,SKU_4,WH_4,SUP_1,East,1.0,356.0,12.0,233,0,10.59,17.18,0,0,3.83
2024-10-08,SKU_4,WH_4,SUP_1,South,13.0,343.0,12.0,233,0,10.59,17.18,0,0,11.54
2024-10-09,SKU_4,WH_4,SUP_1,West,15.0,328.0,,233,0,10.59,17.18,0,0,15.09
2024-10-10,SKU_4,WH_4,SUP_1,South,7.0,321.0,12.0,233,0,10.59,17.18,0,0,6.23
2024-10-11,SKU_4,WH_4,SUP_1,,15.0,306.0,12.0,233,0,10.59,17.18,0,0,22.64
2024-10-12,SKU_4,WH_4,SUP_1,North,13.0,293.0,12.0,233,0,10.59,17.18,0,0,11.06
2024-10-13,SKU_4,WH_4,SUP_1,North,6.0,287.0,12.0,233,0,10.59,17.18,0,0,5.48
2024-10-14,SKU_4,WH_4,SUP_1,North,1.0,286.0,12.0,233,0,10.59,17.18,0,0,2.01
2024-10-15,SKU_4,WH_4,SUP_1,East,8.0,278.0,12.0,233,0,10.59,17.18,0,0,
2024-10-16,SKU_4,WH_4,SUP_1,North,17.0,,12.0,233,0,10.59,17.18,0,0,14.9
2024-10-17,SKU_4,WH_4,SUP_1,East,20.0,241.0,12.0,233,0,10.59,17.18,0,0,23.13
2024-10-18,SKU_4,WH_4,SUP_1,West,16.0,225.0,12.0,233,0,10.59,17.18,0,0,12.55
2024-10-19,SKU_4,WH_4,SUP_1,South,19.0,518.0,12.0,233,312,10.59,17.18,0,0,20.54
2024-10-20,SKU_4,WH_4,SUP_1,South,7.0,511.0,12.0,233,0,10.59,17.18,0,0,
2024-10-21,SKU_4,WH_4,SUP_1,??UNKNOWN??,3.0,508.0,12.0,233,0,10.59,17.18,0,0,8.84
2024-10-22,SKU_4,WH_4,SUP_1,East,,499.0,12.0,233,0,10.59,17.18,0,0,7.47
2024-10-23,SKU_4,WH_4,SUP_1,,9.0,,12.0,233,0,10.59,17.18,0,0,2.65
2024-10-24,SKU_4,WH_4,SUP_1,West,1.0,489.0,12.0,233,0,10.59,17.18,0,0,3.47
2024-10-25,SKU_4,WH_4,SUP_1,West,10.0,479.0,12.0,233,0,10.59,17.18,0,0,8.86
2024-10-26,SKU_4,WH_4,SUP_1,North,6.0,473.0,12.0,233,0,10.59,17.18,0,0,8.58
2024-10-27,SKU_4,WH_4,SUP_1,North,2.0,471.0,12.0,233,0,10.59,17.18,0,0,0.78
2024-10-28,SKU_4,WH_4,SUP_1,West,13.0,458.0,12.0,233,0,10.59,17.18,0,0,14.22
2024-10-29,SKU_4,WH_4,SUP_1,South,8.0,450.0,12.0,233,0,10.59,17.18,0,0,6.83
2024-10-30,SKU_4,WH_4,SUP_1,??UNKNOWN??,10.0,,12.0,233,0,10.59,17.18,0,0,10.53
2024-10-31,SKU_4,WH_4,SUP_1,West,,430.0,12.0,233,0,10.59,17.18,0,0,8.71
2024-11-01,SKU_4,WH_4,SUP_1,West,6.0,424.0,12.0,233,0,10.59,17.18,0,0,3.65
2024-11-02,SKU_4,WH_4,SUP_1,South,15.0,409.0,12.0,233,0,10.59,17.18,0,0,14.42
2024-11-03,SKU_4,WH_4,SUP_1,North,22.0,387.0,12.0,233,0,10.59,17.18,1,0,17.99
2024-11-04,SKU_4,WH_4,SUP_1,South,13.0,374.0,12.0,233,0,10.59,17.18,0,0,20.27
2024-11-05,SKU_4,WH_4,SUP_1,East,17.0,357.0,12.0,233,0,10.59,17.18,0,0,15.35
2024-11-06,SKU_4,WH_4,SUP_1,East,2.0,355.0,12.0,233,0,10.59,17.18,0,0,2.53
2024-11-07,SKU_4,WH_4,SUP_1,West,8.0,347.0,12.0,233,0,10.59,17.18,0,0,3.96
not_a_date,SKU_4,WH_4,SUP_1,East,10.0,337.0,12.0,233,0,10.59,17.18,0,0,10.03
2024-11-09,SKU_4,WH_4,SUP_1,West,7.0,330.0,12.0,233,0,10.59,17.18,0,0,7.22
2024-11-10,SKU_4,WH_4,SUP_1,South,8.0,322.0,12.0,233,0,10.59,17.18,0,0,7.03
2024-11-11,SKU_4,WH_4,SUP_1,West,21.0,301.0,12.0,233,0,10.59,17.18,0,0,17.08
2024-11-12,SKU_4,WH_4,SUP_1,East,11.0,290.0,,233,0,10.59,17.18,0,0,9.09
2024-11-13,SKU_4,WH_4,SUP_1,West,14.0,276.0,12.0,233,0,10.59,17.18,1,0,13.95
2024-11-14,SKU_4,WH_4,SUP_1,West,10.0,266.0,12.0,233,0,10.59,17.18,0,0,7.64
2024-11-15,SKU_4,WH_4,SUP_1,South,10.0,256.0,12.0,233,0,10.59,17.18,0,0,12.16
2024-11-16,SKU_4,WH_4,SUP_1,,14.0,242.0,12.0,233,0,10.59,17.18,0,0,12.8
2024-11-17,SKU_4,WH_4,SUP_1,North,11.0,231.0,12.0,233,0,10.59,17.18,0,0,11.03
2024-11-18,SKU_4,WH_4,SUP_1,East,15.0,669.0,12.0,233,453,10.59,17.18,0,0,11.52
2024-11-19,SKU_4,WH_4,SUP_1,South,8.0,661.0,12.0,233,0,10.59,17.18,0,0,7.6
2024-11-20,SKU_4,WH_4,SUP_1,??UNKNOWN??,15.0,646.0,12.0,233,0,10.59,17.18,1,0,16.58
2024-11-21,SKU_4,WH_4,SUP_1,North,missing,635.0,12.0,233,0,10.59,17.18,0,0,8.16
2024-11-22,SKU_4,WH_4,SUP_1,South,18.0,617.0,,233,0,10.59,17.18,0,0,17.91
2024-11-23,SKU_4,WH_4,SUP_1,North,4.0,613.0,12.0,233,0,10.59,17.18,0,0,3.32
2024-11-24,SKU_4,WH_4,SUP_1,East,20.0,593.0,12.0,233,0,10.59,17.18,0,0,
2024-11-25,SKU_4,WH_4,SUP_1,South,16.0,577.0,12.0,233,0,10.59,17.18,0,0,12.55
2024-11-26,SKU_4,WH_4,SUP_1,West,8.0,569.0,,233,0,10.59,17.18,0,0,12.57
2024-11-27,SKU_4,WH_4,SUP_1,West,,562.0,12.0,233,0,10.59,17.18,0,0,6.17
2024-11-28,SKU_4,WH_4,SUP_1,South,4.0,558.0,12.0,233,0,10.59,17.18,0,0,6.97
2024-11-29,SKU_4,WH_4,SUP_1,South,19.0,539.0,12.0,233,0,10.59,17.18,0,0,13.99
2024-11-30,SKU_4,WH_4,SUP_1,West,17.0,522.0,12.0,233,0,10.59,17.18,0,0,17.44
2024-12-01,SKU_4,WH_4,SUP_1,North,11.0,511.0,12.0,233,0,10.59,17.18,0,0,6.78
2024-12-02,SKU_4,WH_4,SUP_1,North,21.0,490.0,12.0,233,0,10.59,17.18,0,0,23.73
2024-12-03,SKU_4,WH_4,SUP_1,West,18.0,472.0,12.0,233,0,10.59,17.18,0,0,16.5
2024-12-04,SKU_4,WH_4,SUP_1,South,12.0,460.0,12.0,233,0,10.59,17.18,0,0,7.21
2024-12-05,SKU_4,WH_4,SUP_1,East,16.0,444.0,12.0,233,0,10.59,17.18,0,0,15.22
2024-12-06,SKU_4,WH_4,SUP_1,,27.0,417.0,12.0,233,0,10.59,17.18,1,0,31.69
2024-12-07,SKU_4,WH_4,SUP_1,North,23.0,394.0,12.0,233,0,10.59,17.18,0,0,24.99
2024-12-08,SKU_4,WH_4,SUP_1,South,,379.0,12.0,233,0,10.59,17.18,0,0,10.34
2024-12-09,SKU_4,WH_4,SUP_1,North,12.0,367.0,12.0,233,0,10.59,17.18,0,0,10.87
2024-12-10,SKU_4,WH_4,SUP_1,North,9.0,358.0,12.0,233,0,10.59,17.18,0,0,13.29
2024-12-11,SKU_4,WH_4,SUP_1,West,17.0,341.0,12.0,233,0,10.59,17.18,0,0,24.88
2024-12-12,SKU_4,WH_4,SUP_1,South,12.0,329.0,12.0,233,0,10.59,17.18,0,0,11.1
2024-12-13,SKU_4,WH_4,SUP_1,North,21.0,308.0,12.0,233,0,10.59,17.18,0,0,20.57
2024-12-14,SKU_4,WH_4,SUP_1,,14.0,294.0,12.0,233,0,10.59,17.18,0,0,11.29
2024-12-15,SKU_4,WH_4,SUP_1,East,24.0,270.0,12.0,233,0,10.59,17.18,1,0,30.31
2024-12-16,SKU_4,WH_4,SUP_1,East,13.0,257.0,12.0,233,0,10.59,17.18,0,0,15.32
2024-12-17,SKU_4,WH_4,SUP_1,South,26.0,231.0,12.0,233,0,10.59,17.18,0,0,29.69
not_a_date,SKU_4,WH_4,SUP_1,East,18.0,634.0,12.0,233,421,10.59,17.18,0,0,
2024-12-19,SKU_4,WH_4,SUP_1,East,17.0,617.0,12.0,233,0,10.59,17.18,0,0,14.88
2024-12-20,SKU_4,WH_4,SUP_1,East,17.0,600.0,12.0,233,0,10.59,17.18,0,0,13.32
2024-12-21,SKU_4,WH_4,SUP_1,West,,581.0,12.0,233,0,10.59,17.18,0,0,21.13
2024-12-22,SKU_4,WH_4,SUP_1,South,,562.0,12.0,233,0,10.59,17.18,0,0,N/A
2024-12-23,SKU_4,WH_4,SUP_1,West,13.0,549.0,12.0,233,0,10.59,17.18,0,0,14.94
2024-12-24,SKU_4,WH_4,SUP_1,South,16.0,,12.0,233,0,10.59,17.18,0,0,23.99
2024-12-25,SKU_4,WH_4,SUP_1,North,19.0,514.0,12.0,233,0,10.59,17.18,0,0,16.46
2024-12-26,SKU_4,WH_4,SUP_1,South,,489.0,,233,0,10.59,17.18,0,0,27.7
2024-12-27,SKU_4,WH_4,SUP_1,??UNKNOWN??,22.0,467.0,12.0,233,0,10.59,17.18,0,0,20.23
2024-12-28,SKU_4,WH_4,SUP_1,North,22.0,445.0,12.0,233,0,10.59,17.18,0,0,20.89
2024-12-29,SKU_4,WH_4,SUP_1,North,10.0,435.0,12.0,233,0,10.59,17.18,0,0,8.81
2024-12-30,SKU_4,WH_4,SUP_1,East,23.0,,12.0,233,0,10.59,17.18,0,0,21.92
2024-01-01,SKU_4,WH_5,SUP_5,East,11.0,957.0,8.0,363,0,14.67,24.22,0,0,15.16
2024-01-02,SKU_4,WH_5,SUP_5,East,25.0,932.0,8.0,363,0,14.67,24.22,0,0,28.94
2024-01-03,SKU_4,WH_5,SUP_5,East,22.0,910.0,8.0,363,0,14.67,24.22,0,0,22.23
2024-01-04,SKU_4,WH_5,SUP_5,North,14.0,896.0,8.0,363,0,14.67,24.22,0,0,14.02
2024-01-05,SKU_4,WH_5,SUP_5,South,23.0,873.0,8.0,363,0,14.67,24.22,0,0,25.79
2024-01-06,SKU_4,WH_5,SUP_5,West,20.0,853.0,8.0,363,0,14.67,24.22,0,0,21.18
2024-01-07,SKU_4,WH_5,SUP_5,West,39.0,814.0,8.0,363,0,14.67,24.22,1,0,38.8
2024-01-08,SKU_4,WH_5,SUP_5,West,18.0,796.0,8.0,363,0,14.67,24.22,0,0,12.56
2024-01-09,SKU_4,WH_5,SUP_5,North,21.0,775.0,8.0,363,0,14.67,24.22,0,0,
2024-01-10,SKU_4,WH_5,SUP_5,South,9.0,766.0,8.0,363,0,14.67,24.22,0,0,5.4
2024-01-11,SKU_4,WH_5,SUP_5,East,20.0,746.0,8.0,363,0,14.67,24.22,0,0,20.76
2024-01-12,SKU_4,WH_5,SUP_5,West,18.0,728.0,,363,0,14.67,24.22,0,0,14.5
2024-01-13,SKU_4,WH_5,SUP_5,West,26.0,702.0,8.0,363,0,14.67,24.22,0,0,29.21
2024-01-14,SKU_4,WH_5,SUP_5,South,27.0,675.0,8.0,363,0,14.67,24.22,0,0,26.53
2024-01-15,SKU_4,WH_5,SUP_5,South,19.0,656.0,8.0,363,0,14.67,24.22,0,0,19.51
2024-01-16,SKU_4,WH_5,SUP_5,East,16.0,640.0,8.0,363,0,14.67,24.22,0,0,12.61
2024-01-17,SKU_4,WH_5,SUP_5,West,26.0,614.0,8.0,363,0,14.67,24.22,0,0,25.72
2024-01-18,SKU_4,WH_5,SUP_5,West,22.0,592.0,8.0,363,0,14.67,24.22,0,0,20.24
2024-01-19,SKU_4,WH_5,SUP_5,West,25.0,567.0,8.0,363,0,14.67,24.22,0,0,20.78
2024-01-20,SKU_4,WH_5,SUP_5,North,28.0,539.0,8.0,363,0,14.67,24.22,0,0,30.1
2024-01-21,SKU_4,WH_5,SUP_5,??UNKNOWN??,23.0,516.0,8.0,363,0,14.67,24.22,0,0,23.11
2024-01-22,SKU_4,WH_5,SUP_5,East,15.0,501.0,8.0,363,0,14.67,24.22,0,0,19.69
2024-01-23,SKU_4,WH_5,SUP_5,West,23.0,478.0,8.0,363,0,14.67,24.22,0,0,24.47
2024-01-24,SKU_4,WH_5,SUP_5,West,23.0,455.0,8.0,363,0,14.67,24.22,1,0,21.12
2024-01-25,SKU_4,WH_5,SUP_5,West,34.0,421.0,8.0,363,0,14.67,24.22,0,0,34.59
2024-01-26,SKU_4,WH_5,SUP_5,West,24.0,397.0,8.0,363,0,14.67,24.22,1,0,25.53
2024-01-27,SKU_4,WH_5,SUP_5,North,,377.0,8.0,363,0,14.67,24.22,0,0,23.28
2024-01-28,SKU_4,WH_5,SUP_5,East,20.0,357.0,8.0,363,0,14.67,24.22,0,0,
2024-01-29,SKU_4,WH_5,SUP_5,West,24.0,618.0,8.0,363,285,14.67,24.22,0,0,29.82
2024-01-30,SKU_4,WH_5,SUP_5,East,28.0,590.0,8.0,363,0,14.67,24.22,1,0,27.46
2024-01-31,SKU_4,WH_5,SUP_5,North,22.0,568.0,8.0,363,0,14.67,24.22,0,0,21.55
2024-02-01,SKU_4,WH_5,SUP_5,North,26.0,542.0,8.0,363,0,14.67,24.22,0,0,
2024-02-02,SKU_4,WH_5,SUP_5,South,36.0,506.0,8.0,363,0,14.67,24.22,1,0,34.3
2024-02-03,SKU_4,WH_5,SUP_5,West,38.0,468.0,8.0,363,0,14.67,24.22,0,0,37.89
2024-02-04,SKU_4,WH_5,SUP_5,East,19.0,449.0,8.0,363,0,14.67,24.22,0,0,23.33
2024-02-05,SKU_4,WH_5,SUP_5,West,27.0,422.0,8.0,363,0,14.67,24.22,0,0,
2024-02-06,SKU_4,WH_5,SUP_5,West,23.0,399.0,8.0,363,0,14.67,24.22,0,0,24.91
2024-02-07,SKU_4,WH_5,SUP_5,South,406.0,2960.0,8.0,363,0,14.67,24.22,0,0,180.90200854215004
2024-02-08,SKU_4,WH_5,SUP_5,East,24.0,346.0,8.0,363,0,14.67,24.22,0,0,18.81
2024-02-09,SKU_4,WH_5,SUP_5,South,18.0,,8.0,363,343,14.67,24.22,0,0,22.12
2024-02-10,SKU_4,WH_5,SUP_5,East,20.0,651.0,8.0,363,0,14.67,24.22,0,0,27.36
2024-02-11,SKU_4,WH_5,SUP_5,South,31.0,620.0,8.0,363,0,14.67,24.22,0,0,30.16
2024-02-12,SKU_4,WH_5,SUP_5,West,21.0,599.0,8.0,363,0,14.67,24.22,0,0,24.67
2024-02-13,SKU_4,WH_5,SUP_5,,30.0,569.0,8.0,363,0,14.67,24.22,0,0,26.17
2024-02-14,SKU_4,WH_5,SUP_5,East,28.0,541.0,8.0,363,0,14.67,24.22,0,0,28.99
2024-02-15,SKU_4,WH_5,SUP_5,South,23.0,518.0,8.0,363,0,14.67,24.22,0,0,25.0
2024-02-16,SKU_4,WH_5,SUP_5,South,,489.0,8.0,363,0,14.67,24.22,0,0,33.5
2024-02-17,SKU_4,WH_5,SUP_5,West,20.0,469.0,8.0,363,0,14.67,24.22,0,0,24.09
2024-02-18,SKU_4,WH_5,SUP_5,West,28.0,441.0,8.0,363,0,14.67,24.22,0,0,27.11
2024-02-19,SKU_4,WH_5,SUP_5,East,27.0,414.0,8.0,363,0,14.67,24.22,0,0,30.0
2024-02-20,SKU_4,WH_5,SUP_5,East,34.0,380.0,8.0,363,0,14.67,24.22,0,0,32.99
2024-02-21,SKU_4,WH_5,SUP_5,North,,353.0,8.0,363,0,14.67,24.22,0,0,28.59
2024-02-22,SKU_4,WH_5,SUP_5,North,21.0,692.0,8.0,363,360,14.67,24.22,0,0,
2024-02-23,SKU_4,WH_5,SUP_5,North,28.0,664.0,8.0,363,0,14.67,24.22,0,0,27.68
2024-02-24,SKU_4,WH_5,SUP_5,South,30.0,634.0,8.0,363,0,14.67,24.22,0,0,33.26
2024-02-25,SKU_4,WH_5,SUP_5,West,35.0,599.0,,363,0,14.67,24.22,0,0,32.87
2024-02-26,SKU_4,WH_5,SUP_5,West,25.0,574.0,8.0,363,0,14.67,24.22,0,0,25.49
2024-02-27,SKU_4,WH_5,SUP_5,East,34.0,540.0,8.0,363,0,14.67,24.22,0,0,40.58
2024-02-28,SKU_4,WH_5,SUP_5,East,38.0,502.0,8.0,363,0,14.67,24.22,0,0,45.46
2024-02-29,SKU_4,WH_5,SUP_5,West,28.0,474.0,8.0,363,0,14.67,24.22,0,0,32.31
2024-03-01,SKU_4,WH_5,SUP_5,East,26.0,448.0,8.0,363,0,14.67,24.22,0,0,27.4
2024-03-02,SKU_4,WH_5,SUP_5,North,24.0,424.0,8.0,363,0,14.67,24.22,0,0,27.1
2024-03-03,SKU_4,WH_5,SUP_5,West,,390.0,8.0,363,0,14.67,24.22,0,0,37.71
2024-03-04,SKU_4,WH_5,SUP_5,West,37.0,353.0,,363,0,14.67,24.22,1,0,
2024-03-05,SKU_4,WH_5,SUP_5,West,34.0,814.0,8.0,363,495,14.67,24.22,0,0,30.98
2024-03-06,SKU_4,WH_5,SUP_5,West,22.0,792.0,8.0,363,0,14.67,24.22,0,0,21.37
2024-03-07,SKU_4,WH_5,SUP_5,East,38.0,754.0,8.0,363,0,14.67,24.22,0,0,39.97
2024-03-08,SKU_4,WH_5,SUP_5,East,30.0,724.0,8.0,363,0,14.67,24.22,0,0,27.91
2024-03-09,SKU_4,WH_5,SUP_5,West,32.0,692.0,8.0,363,0,14.67,24.22,0,0,32.25
2024-03-10,SKU_4,WH_5,SUP_5,East,31.0,661.0,8.0,363,0,14.67,24.22,0,0,
2024-03-11,SKU_4,WH_5,SUP_5,North,,633.0,8.0,363,0,14.67,24.22,0,0,29.38
2024-03-12,SKU_4,WH_5,SUP_5,South,36.0,597.0,8.0,363,0,14.67,24.22,0,0,32.45
2024-03-13,SKU_4,WH_5,SUP_5,North,34.0,563.0,8.0,363,0,14.67,24.22,0,0,
2024-03-14,SKU_4,WH_5,SUP_5,North,28.0,,8.0,363,0,14.67,24.22,0,0,24.95
2024-03-15,SKU_4,WH_5,SUP_5,East,34.0,501.0,8.0,363,0,14.67,24.22,0,0,35.85
2024-03-16,SKU_4,WH_5,SUP_5,West,22.0,479.0,8.0,363,0,14.67,24.22,0,0,18.08
2024-03-17,SKU_4,WH_5,SUP_5,West,30.0,449.0,8.0,363,0,14.67,24.22,0,0,33.23
2024-03-18,SKU_4,WH_5,SUP_5,South,23.0,426.0,8.0,363,0,14.67,24.22,0,0,20.15
2024-03-19,SKU_4,WH_5,SUP_5,,19.0,,8.0,363,0,14.67,24.22,0,0,21.3
2024-03-20,SKU_4,WH_5,SUP_5,West,41.0,366.0,8.0,363,0,14.67,24.22,0,0,41.34
2024-03-21,SKU_4,WH_5,SUP_5,West,29.0,337.0,8.0,363,0,14.67,24.22,0,0,29.8
2024-03-22,SKU_4,WH_5,SUP_5,North,20.0,699.0,,363,382,14.67,24.22,0,0,21.59
2024-03-23,SKU_4,WH_5,SUP_5,North,26.0,673.0,8.0,363,0,14.67,24.22,0,0,25.19
2024-03-24,SKU_4,WH_5,SUP_5,West,15.0,658.0,,363,0,14.67,24.22,0,0,11.8
2024-03-25,SKU_4,WH_5,SUP_5,East,34.0,624.0,8.0,363,0,14.67,24.22,0,0,33.32
2024-03-26,SKU_4,WH_5,SUP_5,North,33.0,,8.0,363,0,14.67,24.22,0,0,27.21
2024-03-27,SKU_4,WH_5,SUP_5,East,40.0,551.0,8.0,363,0,14.67,24.22,0,0,37.22
2024-03-28,SKU_4,WH_5,SUP_5,North,23.0,528.0,8.0,363,0,14.67,24.22,0,0,24.69
2024-03-29,SKU_4,WH_5,SUP_5,West,23.0,505.0,8.0,363,0,14.67,24.22,0,0,18.46
2024-03-30,SKU_4,WH_5,SUP_5,North,18.0,487.0,8.0,363,0,14.67,24.22,0,0,18.08
2024-03-31,SKU_4,WH_5,SUP_5,West,34.0,453.0,8.0,363,0,14.67,24.22,0,0,31.07
2024-04-01,SKU_4,WH_5,SUP_5,South,46.0,,8.0,363,0,14.67,24.22,1,0,42.98
2024-04-02,SKU_4,WH_5,SUP_5,North,31.0,376.0,8.0,363,0,14.67,24.22,1,0,27.04
2024-04-03,SKU_4,WH_5,SUP_5,North,17.0,359.0,8.0,363,0,14.67,24.22,0,0,13.8
2024-04-04,SKU_4,WH_5,SUP_5,East,27.0,676.0,8.0,363,344,14.67,24.22,0,0,24.89
2024-04-05,SKU_4,WH_5,SUP_5,East,38.0,638.0,8.0,363,0,14.67,24.22,0,0,32.56
2024-04-06,SKU_4,WH_5,SUP_5,South,33.0,605.0,8.0,363,0,14.67,24.22,1,0,34.32
2024-04-07,SKU_4,WH_5,SUP_5,South,22.0,583.0,8.0,363,0,14.67,24.22,0,0,19.17
2024-04-08,SKU_4,WH_5,SUP_5,South,19.0,564.0,8.0,363,0,14.67,24.22,0,0,16.29
2024-04-09,SKU_4,WH_5,SUP_5,East,28.0,536.0,8.0,363,0,14.67,24.22,0,0,29.07
2024-04-10,SKU_4,WH_5,SUP_5,North,33.0,503.0,8.0,363,0,14.67,24.22,0,0,33.35
2024-04-11,SKU_4,WH_5,SUP_5,West,31.0,472.0,8.0,363,0,14.67,24.22,0,0,26.69
2024-04-12,SKU_4,WH_5,SUP_5,West,40.0,432.0,8.0,363,0,14.67,24.22,0,0,40.14
2024-04-13,SKU_4,WH_5,SUP_5,North,32.0,400.0,8.0,363,0,14.67,24.22,0,0,33.07
2024-04-14,SKU_4,WH_5,SUP_5,West,32.0,,8.0,363,0,14.67,24.22,0,0,30.61
2024-04-15,SKU_4,WH_5,SUP_5,North,38.0,330.0,8.0,363,0,14.67,24.22,0,0,42.63
2024-04-16,SKU_4,WH_5,SUP_5,West,33.0,622.0,8.0,363,325,14.67,24.22,0,0,38.56
2024-04-17,SKU_4,WH_5,SUP_5,South,21.0,601.0,,363,0,14.67,24.22,0,0,18.7
2024-04-18,SKU_4,WH_5,SUP_5,West,28.0,573.0,8.0,363,0,14.67,24.22,0,0,27.71
2024-04-19,SKU_4,WH_5,SUP_5,West,27.0,546.0,8.0,363,0,14.67,24.22,0,0,26.28
2024-04-20,SKU_4,WH_5,SUP_5,South,,512.0,8.0,363,0,14.67,24.22,0,0,35.24
2024-04-21,SKU_4,WH_5,SUP_5,North,36.0,476.0,8.0,363,0,14.67,24.22,0,0,40.99
2024-04-22,SKU_4,WH_5,SUP_5,South,30.0,446.0,8.0,363,0,14.67,24.22,0,0,31.23
2024-04-23,SKU_4,WH_5,SUP_5,North,34.0,412.0,,363,0,14.67,24.22,0,0,25.99
2024-04-24,SKU_4,WH_5,SUP_5,East,,377.0,8.0,363,0,14.67,24.22,0,0,34.23
2024-04-25,SKU_4,WH_5,SUP_5,West,,346.0,8.0,363,0,14.67,24.22,0,0,30.01
2024-04-26,SKU_4,WH_5,SUP_5,North,29.0,625.0,8.0,363,308,14.67,24.22,0,0,32.08
2024-04-27,SKU_4,WH_5,SUP_5,,36.0,589.0,8.0,363,0,14.67,24.22,0,0,38.25
2024-04-28,SKU_4,WH_5,SUP_5,North,28.0,561.0,8.0,363,0,14.67,24.22,0,0,27.77
2024-04-29,SKU_4,WH_5,SUP_5,North,30.0,531.0,8.0,363,0,14.67,24.22,0,0,32.46
2024-04-30,SKU_4,WH_5,SUP_5,,40.0,491.0,8.0,363,0,14.67,24.22,1,0,42.41
2024-05-01,SKU_4,WH_5,SUP_5,North,25.0,466.0,8.0,363,0,14.67,24.22,0,0,28.28
2024-05-02,SKU_4,WH_5,SUP_5,East,24.0,442.0,8.0,363,0,14.67,24.22,0,0,17.24
2024-05-03,SKU_4,WH_5,SUP_5,East,22.0,420.0,8.0,363,0,14.67,24.22,0,0,19.45
2024-05-04,SKU_4,WH_5,SUP_5,North,31.0,389.0,8.0,363,0,14.67,24.22,0,0,33.29
not_a_date,SKU_4,WH_5,SUP_5,East,36.0,353.0,8.0,363,0,14.67,24.22,0,0,34.19
2024-05-06,SKU_4,WH_5,SUP_5,West,30.0,760.0,8.0,363,437,14.67,24.22,0,0,35.15
2024-05-07,SKU_4,WH_5,SUP_5,North,21.0,739.0,8.0,363,0,14.67,24.22,0,0,21.22
2024-05-08,SKU_4,WH_5,SUP_5,East,22.0,717.0,8.0,363,0,14.67,24.22,0,0,20.4
2024-05-09,SKU_4,WH_5,SUP_5,North,36.0,681.0,8.0,363,0,14.67,24.22,0,0,41.99
2024-05-10,SKU_4,WH_5,SUP_5,East,22.0,659.0,8.0,363,0,14.67,24.22,0,0,24.19
2024-05-11,SKU_4,WH_5,SUP_5,South,24.0,635.0,8.0,363,0,14.67,24.22,0,0,24.35
2024-05-12,SKU_4,WH_5,SUP_5,North,33.0,602.0,8.0,363,0,14.67,24.22,0,0,32.47
2024-05-13,SKU_4,WH_5,SUP_5,East,32.0,570.0,8.0,363,0,14.67,24.22,0,0,35.2
2024-05-14,SKU_4,WH_5,SUP_5,South,30.0,540.0,8.0,363,0,14.67,24.22,0,0,30.52
2024-05-15,SKU_4,WH_5,SUP_5,West,36.0,504.0,8.0,363,0,14.67,24.22,1,0,35.74
2024-05-16,SKU_4,WH_5,SUP_5,East,33.0,471.0,8.0,363,0,14.67,24.22,0,0,38.44
2024-05-17,SKU_4,WH_5,SUP_5,South,,436.0,8.0,363,0,14.67,24.22,0,0,39.55
2024-05-18,SKU_4,WH_5,SUP_5,North,29.0,407.0,8.0,363,0,14.67,24.22,0,0,23.29
2024-05-19,SKU_4,WH_5,SUP_5,East,29.0,378.0,8.0,363,0,14.67,24.22,0,0,30.65
2024-05-20,SKU_4,WH_5,SUP_5,South,21.0,357.0,8.0,363,0,14.67,24.22,0,0,20.63
2024-05-21,SKU_4,WH_5,SUP_5,East,28.0,773.0,,363,444,14.67,24.22,0,0,25.93
2024-05-22,SKU_4,WH_5,SUP_5,North,24.0,749.0,8.0,363,0,14.67,24.22,0,0,24.66
2024-05-23,SKU_4,WH_5,SUP_5,North,26.0,723.0,8.0,363,0,14.67,24.22,0,0,27.56
2024-05-24,SKU_4,WH_5,SUP_5,South,35.0,688.0,8.0,363,0,14.67,24.22,0,0,35.85
2024-05-25,SKU_4,WH_5,SUP_5,South,23.0,665.0,8.0,363,0,14.67,24.22,0,0,19.9
2024-05-26,SKU_4,WH_5,SUP_5,North,46.0,619.0,,363,0,14.67,24.22,1,0,
2024-05-27,SKU_4,WH_5,SUP_5,West,39.0,580.0,8.0,363,0,14.67,24.22,1,0,38.43
2024-05-28,SKU_4,WH_5,SUP_5,West,29.0,551.0,8.0,363,0,14.67,24.22,0,0,26.37
2024-05-29,SKU_4,WH_5,SUP_5,??UNKNOWN??,20.0,531.0,8.0,363,0,14.67,24.22,0,0,15.14
2024-05-30,SKU_4,WH_5,SUP_5,East,429.0,3486.0,8.0,363,0,14.67,24.22,0,0,135.8074509061869
2024-05-31,SKU_4,WH_5,SUP_5,West,31.0,467.0,8.0,363,0,14.67,24.22,0,0,31.53
2024-06-01,SKU_4,WH_5,SUP_5,North,17.0,450.0,8.0,363,0,14.67,24.22,0,0,17.64
2024-06-02,SKU_4,WH_5,SUP_5,South,26.0,424.0,8.0,363,0,14.67,24.22,0,0,26.09
2024-06-03,SKU_4,WH_5,SUP_5,,21.0,403.0,8.0,363,0,14.67,24.22,0,0,17.64
2024-06-04,SKU_4,WH_5,SUP_5,South,29.0,374.0,,363,0,14.67,24.22,0,0,23.3
2024-06-05,SKU_4,WH_5,SUP_5,North,21.0,353.0,,363,0,14.67,24.22,0,0,21.19
2024-06-06,SKU_4,WH_5,SUP_5,,25.0,555.0,8.0,363,227,14.67,24.22,0,0,29.84
2024-06-07,SKU_4,WH_5,SUP_5,East,19.0,536.0,8.0,363,0,14.67,24.22,0,0,17.73
2024-06-08,SKU_4,WH_5,SUP_5,??UNKNOWN??,24.0,512.0,,363,0,14.67,24.22,0,0,26.1
2024-06-09,SKU_4,WH_5,SUP_5,South,25.0,487.0,8.0,363,0,14.67,24.22,0,0,23.94
2024-06-10,SKU_4,WH_5,SUP_5,East,,472.0,8.0,363,0,14.67,24.22,0,0,18.72
2024-06-11,SKU_4,WH_5,SUP_5,East,24.0,448.0,8.0,363,0,14.67,24.22,0,0,25.15
2024-06-12,SKU_4,WH_5,SUP_5,West,28.0,420.0,8.0,363,0,14.67,24.22,0,0,28.43
2024-06-13,SKU_4,WH_5,SUP_5,South,27.0,393.0,8.0,363,0,14.67,24.22,0,0,26.29
2024-06-14,SKU_4,WH_5,SUP_5,North,,367.0,8.0,363,0,14.67,24.22,0,0,25.63
2024-06-15,SKU_4,WH_5,SUP_5,West,18.0,349.0,8.0,363,0,14.67,24.22,0,0,14.7
2024-06-16,SKU_4,WH_5,SUP_5,West,29.0,732.0,8.0,363,412,14.67,24.22,0,0,28.81
2024-06-17,SKU_4,WH_5,SUP_5,North,22.0,710.0,8.0,363,0,14.67,24.22,0,0,25.33
2024-06-18,SKU_4,WH_5,SUP_5,East,21.0,689.0,8.0,363,0,14.67,24.22,0,0,19.35
2024-06-19,SKU_4,WH_5,SUP_5,West,16.0,673.0,8.0,363,0,14.67,24.22,0,0,17.44
2024-06-20,SKU_4,WH_5,SUP_5,East,22.0,651.0,8.0,363,0,14.67,24.22,0,0,26.06
2024-06-21,SKU_4,WH_5,SUP_5,??UNKNOWN??,23.0,628.0,,363,0,14.67,24.22,0,0,20.87
2024-06-22,SKU_4,WH_5,SUP_5,West,20.0,608.0,8.0,363,0,14.67,24.22,0,0,13.96
2024-06-23,SKU_4,WH_5,SUP_5,North,20.0,588.0,8.0,363,0,14.67,24.22,0,0,20.62
2024-06-24,SKU_4,WH_5,SUP_5,South,15.0,573.0,8.0,363,0,14.67,24.22,0,0,15.72
2024-06-25,SKU_4,WH_5,SUP_5,South,29.0,544.0,8.0,363,0,14.67,24.22,1,0,31.82
2024-06-26,SKU_4,WH_5,SUP_5,West,25.0,519.0,8.0,363,0,14.67,24.22,0,0,
2024-06-27,SKU_4,WH_5,SUP_5,North,,490.0,8.0,363,0,14.67,24.22,0,0,28.35
2024-06-28,SKU_4,WH_5,SUP_5,North,11.0,479.0,8.0,363,0,14.67,24.22,0,0,7.67
2024-06-29,SKU_4,WH_5,SUP_5,East,,460.0,8.0,363,0,14.67,24.22,0,0,21.93
2024-06-30,SKU_4,WH_5,SUP_5,North,15.0,445.0,8.0,363,0,14.67,24.22,0,0,10.42
2024-07-01,SKU_4,WH_5,SUP_5,East,23.0,422.0,8.0,363,0,14.67,24.22,0,0,22.82
2024-07-02,SKU_4,WH_5,SUP_5,East,8.0,414.0,8.0,363,0,14.67,24.22,0,0,6.53
2024-07-03,SKU_4,WH_5,SUP_5,North,19.0,395.0,8.0,363,0,14.67,24.22,0,0,18.91
2024-07-04,SKU_4,WH_5,SUP_5,South,21.0,374.0,8.0,363,0,14.67,24.22,0,0,15.61
2024-07-05,SKU_4,WH_5,SUP_5,,16.0,,8.0,363,0,14.67,24.22,0,0,17.84
2024-07-06,SKU_4,WH_5,SUP_5,East,,666.0,8.0,363,323,14.67,24.22,0,0,11.01
2024-07-07,SKU_4,WH_5,SUP_5,East,29.0,637.0,8.0,363,0,14.67,24.22,0,0,27.96
2024-07-08,SKU_4,WH_5,SUP_5,South,25.0,612.0,8.0,363,0,14.67,24.22,0,0,25.11
2024-07-09,SKU_4,WH_5,SUP_5,East,15.0,597.0,,363,0,14.67,24.22,0,0,18.2
2024-07-10,SKU_4,WH_5,SUP_5,North,15.0,582.0,8.0,363,0,14.67,24.22,0,0,11.87
2024-07-11,SKU_4,WH_5,SUP_5,South,15.0,567.0,8.0,363,0,14.67,24.22,0,0,11.74
2024-07-12,SKU_4,WH_5,SUP_5,North,8.0,559.0,8.0,363,0,14.67,24.22,0,0,
2024-07-13,SKU_4,WH_5,SUP_5,West,17.0,542.0,8.0,363,0,14.67,24.22,0,0,16.35
2024-07-14,SKU_4,WH_5,SUP_5,South,8.0,534.0,8.0,363,0,14.67,24.22,0,0,6.78
2024-07-15,SKU_4,WH_5,SUP_5,South,8.0,526.0,8.0,363,0,14.67,24.22,0,0,4.83
2024-07-16,SKU_4,WH_5,SUP_5,West,14.0,512.0,8.0,363,0,14.67,24.22,0,0,14.0
2024-07-17,SKU_4,WH_5,SUP_5,South,27.0,485.0,8.0,363,0,14.67,24.22,0,0,22.9
2024-07-18,SKU_4,WH_5,SUP_5,North,13.0,472.0,8.0,363,0,14.67,24.22,0,0,11.4
2024-07-19,SKU_4,WH_5,SUP_5,South,10.0,462.0,8.0,363,0,14.67,24.22,0,0,10.01
2024-07-20,SKU_4,WH_5,SUP_5,South,15.0,447.0,8.0,363,0,14.67,24.22,0,0,17.34
2024-07-21,SKU_4,WH_5,SUP_5,North,15.0,432.0,8.0,363,0,14.67,24.22,0,0,14.68
2024-07-22,SKU_4,WH_5,SUP_5,South,20.0,412.0,8.0,363,0,14.67,24.22,0,0,19.6
2024-07-23,SKU_4,WH_5,SUP_5,East,missing,393.0,8.0,363,0,14.67,24.22,0,0,16.02
2024-07-24,SKU_4,WH_5,SUP_5,North,15.0,378.0,8.0,363,0,14.67,24.22,0,0,15.63
2024-07-25,SKU_4,WH_5,SUP_5,North,15.0,363.0,8.0,363,0,14.67,24.22,0,0,9.29
2024-07-26,SKU_4,WH_5,SUP_5,West,14.0,,8.0,363,292,14.67,24.22,0,0,16.56
2024-07-27,SKU_4,WH_5,SUP_5,,27.0,614.0,8.0,363,0,14.67,24.22,0,0,29.29
2024-07-28,SKU_4,WH_5,SUP_5,North,21.0,593.0,8.0,363,0,14.67,24.22,0,0,
2024-07-29,SKU_4,WH_5,SUP_5,South,19.0,574.0,8.0,363,0,14.67,24.22,1,0,16.83
2024-07-30,SKU_4,WH_5,SUP_5,East,21.0,553.0,8.0,363,0,14.67,24.22,0,0,22.24
2024-07-31,SKU_4,WH_5,SUP_5,North,21.0,,8.0,363,0,14.67,24.22,0,0,19.47
2024-08-01,SKU_4,WH_5,SUP_5,South,15.0,517.0,8.0,363,0,14.67,24.22,0,0,14.55
2024-08-02,SKU_4,WH_5,SUP_5,North,15.0,502.0,8.0,363,0,14.67,24.22,0,0,18.45
2024-08-03,SKU_4,WH_5,SUP_5,West,3.0,499.0,8.0,363,0,14.67,24.22,0,0,2.65
2024-08-04,SKU_4,WH_5,SUP_5,North,16.0,483.0,8.0,363,0,14.67,24.22,0,0,15.26
2024-08-05,SKU_4,WH_5,SUP_5,South,25.0,458.0,8.0,363,0,14.67,24.22,0,0,25.35
2024-08-06,SKU_4,WH_5,SUP_5,West,15.0,443.0,8.0,363,0,14.67,24.22,0,0,16.24
2024-08-07,SKU_4,WH_5,SUP_5,East,11.0,432.0,8.0,363,0,14.67,24.22,0,0,11.08
2024-08-08,SKU_4,WH_5,SUP_5,West,9.0,423.0,8.0,363,0,14.67,24.22,0,0,6.27
2024-08-09,SKU_4,WH_5,SUP_5,North,6.0,417.0,8.0,363,0,14.67,24.22,1,0,9.79
2024-08-10,SKU_4,WH_5,SUP_5,West,14.0,403.0,8.0,363,0,14.67,24.22,1,0,
2024-08-11,SKU_4,WH_5,SUP_5,West,18.0,385.0,8.0,363,0,14.67,24.22,0,0,14.88
2024-08-12,SKU_4,WH_5,SUP_5,West,2.0,383.0,8.0,363,0,14.67,24.22,0,0,0.0
2024-08-13,SKU_4,WH_5,SUP_5,North,16.0,367.0,8.0,363,0,14.67,24.22,0,0,15.19
2024-08-14,SKU_4,WH_5,SUP_5,North,11.0,356.0,8.0,363,0,14.67,24.22,0,0,14.38
2024-08-15,SKU_4,WH_5,SUP_5,West,18.0,803.0,8.0,363,465,14.67,24.22,0,0,
2024-08-16,SKU_4,WH_5,SUP_5,South,12.0,791.0,8.0,363,0,14.67,24.22,0,0,17.04
2024-08-17,SKU_4,WH_5,SUP_5,East,13.0,778.0,8.0,363,0,14.67,24.22,0,0,11.52
2024-08-18,SKU_4,WH_5,SUP_5,North,0.0,778.0,8.0,363,0,14.67,24.22,1,0,0.0
2024-08-19,SKU_4,WH_5,SUP_5,West,15.0,763.0,8.0,363,0,14.67,24.22,1,0,13.33
2024-08-20,SKU_4,WH_5,SUP_5,West,13.0,750.0,8.0,363,0,14.67,24.22,0,0,11.11
2024-08-21,SKU_4,WH_5,SUP_5,West,11.0,739.0,8.0,363,0,14.67,24.22,0,0,9.59
2024-08-22,SKU_4,WH_5,SUP_5,North,23.0,716.0,8.0,363,0,14.67,24.22,0,0,27.4
2024-08-23,SKU_4,WH_5,SUP_5,North,15.0,701.0,8.0,363,0,14.67,24.22,0,0,15.2
2024-08-24,SKU_4,WH_5,SUP_5,South,18.0,683.0,8.0,363,0,14.67,24.22,0,0,21.11
2024-08-25,SKU_4,WH_5,SUP_5,North,0.0,683.0,8.0,363,0,14.67,24.22,0,0,0.0
2024-08-26,SKU_4,WH_5,SUP_5,South,,671.0,,363,0,14.67,24.22,0,0,16.07
2024-08-27,SKU_4,WH_5,SUP_5,South,18.0,653.0,8.0,363,0,14.67,24.22,0,0,26.83
2024-08-28,SKU_4,WH_5,SUP_5,South,8.0,645.0,8.0,363,0,14.67,24.22,0,0,5.56
2024-08-29,SKU_4,WH_5,SUP_5,South,,637.0,8.0,363,0,14.67,24.22,0,0,7.38
2024-08-30,SKU_4,WH_5,SUP_5,West,8.0,629.0,8.0,363,0,14.67,24.22,0,0,3.57
2024-08-31,SKU_4,WH_5,SUP_5,West,14.0,615.0,8.0,363,0,14.67,24.22,0,0,14.8
2024-09-01,SKU_4,WH_5,SUP_5,West,5.0,610.0,8.0,363,0,14.67,24.22,0,0,5.61
2024-09-02,SKU_4,WH_5,SUP_5,West,4.0,606.0,8.0,363,0,14.67,24.22,0,0,3.09
2024-09-03,SKU_4,WH_5,SUP_5,East,8.0,598.0,8.0,363,0,14.67,24.22,0,0,9.44
2024-09-04,SKU_4,WH_5,SUP_5,West,7.0,591.0,8.0,363,0,14.67,24.22,1,0,7.95
2024-09-05,SKU_4,WH_5,SUP_5,East,7.0,584.0,8.0,363,0,14.67,24.22,0,0,6.76
2024-09-06,SKU_4,WH_5,SUP_5,East,16.0,568.0,8.0,363,0,14.67,24.22,0,0,18.13
2024-09-07,SKU_4,WH_5,SUP_5,North,10.0,558.0,8.0,363,0,14.67,24.22,0,0,14.49
2024-09-08,SKU_4,WH_5,SUP_5,South,19.0,539.0,8.0,363,0,14.67,24.22,0,0,14.4
2024-09-09,SKU_4,WH_5,SUP_5,West,8.0,531.0,8.0,363,0,14.67,24.22,0,0,2.75
2024-09-10,SKU_4,WH_5,SUP_5,East,12.0,519.0,8.0,363,0,14.67,24.22,0,0,14.2
2024-09-11,SKU_4,WH_5,SUP_5,South,,514.0,8.0,363,0,14.67,24.22,0,0,9.14
2024-09-12,SKU_4,WH_5,SUP_5,West,9.0,505.0,8.0,363,0,14.67,24.22,0,0,8.05
2024-09-13,SKU_4,WH_5,SUP_5,,7.0,498.0,8.0,363,0,14.67,24.22,0,0,9.11
2024-09-14,SKU_4,WH_5,SUP_5,East,9.0,489.0,8.0,363,0,14.67,24.22,0,0,2.53
2024-09-15,SKU_4,WH_5,SUP_5,South,12.0,477.0,,363,0,14.67,24.22,0,0,15.1
2024-09-16,SKU_4,WH_5,SUP_5,East,6.0,471.0,8.0,363,0,14.67,24.22,0,0,3.93
2024-09-17,SKU_4,WH_5,SUP_5,South,,458.0,8.0,363,0,14.67,24.22,1,0,10.26
2024-09-18,SKU_4,WH_5,SUP_5,East,11.0,447.0,8.0,363,0,14.67,24.22,0,0,14.1
2024-09-19,SKU_4,WH_5,SUP_5,South,4.0,443.0,8.0,363,0,14.67,24.22,0,0,1.39
2024-09-20,SKU_4,WH_5,SUP_5,East,8.0,435.0,8.0,363,0,14.67,24.22,0,0,4.03
2024-09-21,SKU_4,WH_5,SUP_5,South,,423.0,8.0,363,0,14.67,24.22,0,0,14.11
2024-09-22,SKU_4,WH_5,SUP_5,West,9.0,414.0,8.0,363,0,14.67,24.22,0,0,5.49
2024-09-23,SKU_4,WH_5,SUP_5,West,4.0,410.0,8.0,363,0,14.67,24.22,0,0,3.31
2024-09-24,SKU_4,WH_5,SUP_5,East,17.0,393.0,8.0,363,0,14.67,24.22,0,0,18.36
2024-09-25,SKU_4,WH_5,SUP_5,North,9.0,384.0,8.0,363,0,14.67,24.22,0,0,13.44
2024-09-26,SKU_4,WH_5,SUP_5,??UNKNOWN??,14.0,370.0,8.0,363,0,14.67,24.22,0,0,
2024-09-27,SKU_4,WH_5,SUP_5,North,,360.0,8.0,363,0,14.67,24.22,0,0,16.17
2024-09-28,SKU_4,WH_5,SUP_5,South,3.0,605.0,8.0,363,248,14.67,24.22,0,0,6.98
2024-09-29,SKU_4,WH_5,SUP_5,East,13.0,592.0,8.0,363,0,14.67,24.22,0,0,15.18
2024-09-30,SKU_4,WH_5,SUP_5,North,,579.0,8.0,363,0,14.67,24.22,0,0,13.89
2024-10-01,SKU_4,WH_5,SUP_5,North,8.0,,8.0,363,0,14.67,24.22,0,0,10.37
2024-10-02,SKU_4,WH_5,SUP_5,East,11.0,560.0,8.0,363,0,14.67,24.22,0,0,18.64
2024-10-03,SKU_4,WH_5,SUP_5,North,5.0,555.0,,363,0,14.67,24.22,0,0,5.77
2024-10-04,SKU_4,WH_5,SUP_5,South,5.0,550.0,8.0,363,0,14.67,24.22,0,0,0.47
2024-10-05,SKU_4,WH_5,SUP_5,West,4.0,546.0,8.0,363,0,14.67,24.22,0,0,6.65
2024-10-06,SKU_4,WH_5,SUP_5,South,10.0,536.0,8.0,363,0,14.67,24.22,0,0,12.12
2024-10-07,SKU_4,WH_5,SUP_5,North,5.0,531.0,8.0,363,0,14.67,24.22,0,0,4.05
2024-10-08,SKU_4,WH_5,SUP_5,East,19.0,512.0,8.0,363,0,14.67,24.22,1,0,10.8
2024-10-09,SKU_4,WH_5,SUP_5,West,20.0,492.0,8.0,363,0,14.67,24.22,0,0,18.89
2024-10-10,SKU_4,WH_5,SUP_5,North,9.0,483.0,8.0,363,0,14.67,24.22,1,0,11.72
2024-10-11,SKU_4,WH_5,SUP_5,North,22.0,461.0,8.0,363,0,14.67,24.22,1,0,16.9
2024-10-12,SKU_4,WH_5,SUP_5,,7.0,454.0,8.0,363,0,14.67,24.22,0,0,10.75
2024-10-13,SKU_4,WH_5,SUP_5,,12.0,442.0,8.0,363,0,14.67,24.22,0,0,11.71
2024-10-14,SKU_4,WH_5,SUP_5,East,4.0,438.0,8.0,363,0,14.67,24.22,0,0,5.09
2024-10-15,SKU_4,WH_5,SUP_5,North,6.0,432.0,8.0,363,0,14.67,24.22,1,0,4.93
2024-10-16,SKU_4,WH_5,SUP_5,West,5.0,427.0,8.0,363,0,14.67,24.22,0,0,14.98
2024-10-17,SKU_4,WH_5,SUP_5,South,7.0,420.0,8.0,363,0,14.67,24.22,0,0,6.37
2024-10-18,SKU_4,WH_5,SUP_5,South,8.0,412.0,8.0,363,0,14.67,24.22,0,0,13.26
2024-10-19,SKU_4,WH_5,SUP_5,South,11.0,401.0,8.0,363,0,14.67,24.22,0,0,15.98
2024-10-20,SKU_4,WH_5,SUP_5,East,4.0,,8.0,363,0,14.67,24.22,0,0,7.83
2024-10-21,SKU_4,WH_5,SUP_5,??UNKNOWN??,12.0,385.0,8.0,363,0,14.67,24.22,0,0,6.91
2024-10-22,SKU_4,WH_5,SUP_5,North,12.0,373.0,8.0,363,0,14.67,24.22,0,0,11.2
2024-10-23,SKU_4,WH_5,SUP_5,South,19.0,354.0,8.0,363,0,14.67,24.22,0,0,24.18
2024-10-24,SKU_4,WH_5,SUP_5,,9.0,619.0,,363,274,14.67,24.22,0,0,11.16
2024-10-25,SKU_4,WH_5,SUP_5,East,9.0,610.0,8.0,363,0,14.67,24.22,0,0,
2024-10-26,SKU_4,WH_5,SUP_5,West,8.0,602.0,8.0,363,0,14.67,24.22,0,0,5.67
2024-10-27,SKU_4,WH_5,SUP_5,South,9.0,593.0,8.0,363,0,14.67,24.22,0,0,8.52
2024-10-28,SKU_4,WH_5,SUP_5,West,7.0,586.0,8.0,363,0,14.67,24.22,0,0,3.7
2024-10-29,SKU_4,WH_5,SUP_5,North,24.0,562.0,8.0,363,0,14.67,24.22,0,0,21.01
2024-10-30,SKU_4,WH_5,SUP_5,North,11.0,551.0,8.0,363,0,14.67,24.22,0,0,9.12
2024-10-31,SKU_4,WH_5,SUP_5,West,16.0,535.0,8.0,363,0,14.67,24.22,1,0,14.45
2024-11-01,SKU_4,WH_5,SUP_5,North,13.0,522.0,8.0,363,0,14.67,24.22,0,0,14.29
2024-11-02,SKU_4,WH_5,SUP_5,,14.0,508.0,8.0,363,0,14.67,24.22,0,0,17.67
2024-11-03,SKU_4,WH_5,SUP_5,South,10.0,498.0,8.0,363,0,14.67,24.22,0,0,10.93
2024-11-04,SKU_4,WH_5,SUP_5,North,221.0,2405.0,8.0,363,0,14.67,24.22,0,0,76.41351817058104
2024-11-05,SKU_4,WH_5,SUP_5,South,10.0,471.0,8.0,363,0,14.67,24.22,0,0,8.39
2024-11-06,SKU_4,WH_5,SUP_5,North,16.0,455.0,8.0,363,0,14.67,24.22,0,0,11.95
2024-11-07,SKU_4,WH_5,SUP_5,South,12.0,443.0,8.0,363,0,14.67,24.22,0,0,14.68
2024-11-08,SKU_4,WH_5,SUP_5,West,8.0,435.0,8.0,363,0,14.67,24.22,0,0,9.19
2024-11-09,SKU_4,WH_5,SUP_5,North,missing,421.0,,363,0,14.67,24.22,0,0,9.32
2024-11-10,SKU_4,WH_5,SUP_5,South,11.0,410.0,8.0,363,0,14.67,24.22,0,0,11.23
2024-11-11,SKU_4,WH_5,SUP_5,,5.0,405.0,8.0,363,0,14.67,24.22,0,0,10.04
2024-11-12,SKU_4,WH_5,SUP_5,East,12.0,393.0,8.0,363,0,14.67,24.22,0,0,12.46
2024-11-13,SKU_4,WH_5,SUP_5,North,9.0,,8.0,363,0,14.67,24.22,0,0,10.26
2024-11-14,SKU_4,WH_5,SUP_5,South,18.0,366.0,8.0,363,0,14.67,24.22,0,0,20.76
2024-11-15,SKU_4,WH_5,SUP_5,East,14.0,352.0,8.0,363,0,14.67,24.22,0,0,10.92
2024-11-16,SKU_4,WH_5,SUP_5,South,15.0,642.0,8.0,363,305,14.67,24.22,0,0,17.26
2024-11-17,SKU_4,WH_5,SUP_5,East,14.0,628.0,8.0,363,0,14.67,24.22,0,0,14.05
2024-11-18,SKU_4,WH_5,SUP_5,West,23.0,605.0,8.0,363,0,14.67,24.22,0,0,20.2
2024-11-19,SKU_4,WH_5,SUP_5,East,13.0,,8.0,363,0,14.67,24.22,0,0,10.18
2024-11-20,SKU_4,WH_5,SUP_5,West,20.0,572.0,8.0,363,0,14.67,24.22,0,0,20.66
2024-11-21,SKU_4,WH_5,SUP_5,East,18.0,554.0,8.0,363,0,14.67,24.22,0,0,19.02
2024-11-22,SKU_4,WH_5,SUP_5,West,13.0,541.0,8.0,363,0,14.67,24.22,0,0,12.29
2024-11-23,SKU_4,WH_5,SUP_5,North,14.0,527.0,8.0,363,0,14.67,24.22,0,0,16.27
2024-11-24,SKU_4,WH_5,SUP_5,North,15.0,,8.0,363,0,14.67,24.22,0,0,21.32
2024-11-25,SKU_4,WH_5,SUP_5,South,24.0,488.0,8.0,363,0,14.67,24.22,0,0,22.52
2024-11-26,SKU_4,WH_5,SUP_5,,14.0,474.0,8.0,363,0,14.67,24.22,0,0,15.66
2024-11-27,SKU_4,WH_5,SUP_5,East,10.0,464.0,8.0,363,0,14.67,24.22,0,0,11.75
2024-11-28,SKU_4,WH_5,SUP_5,South,9.0,455.0,,363,0,14.67,24.22,0,0,10.58
2024-11-29,SKU_4,WH_5,SUP_5,West,14.0,441.0,8.0,363,0,14.67,24.22,0,0,14.87
2024-11-30,SKU_4,WH_5,SUP_5,North,25.0,416.0,,363,0,14.67,24.22,0,0,23.08
2024-12-01,SKU_4,WH_5,SUP_5,South,19.0,397.0,8.0,363,0,14.67,24.22,1,0,15.79
2024-12-02,SKU_4,WH_5,SUP_5,,13.0,,8.0,363,0,14.67,24.22,0,0,16.28
2024-12-03,SKU_4,WH_5,SUP_5,North,19.0,365.0,8.0,363,0,14.67,24.22,0,0,18.76
2024-12-04,SKU_4,WH_5,SUP_5,South,18.0,347.0,8.0,363,0,14.67,24.22,0,0,12.68
2024-12-05,SKU_4,WH_5,SUP_5,North,21.0,631.0,8.0,363,305,14.67,24.22,0,0,23.54
2024-12-06,SKU_4,WH_5,SUP_5,North,20.0,611.0,8.0,363,0,14.67,24.22,0,0,18.69
2024-12-07,SKU_4,WH_5,SUP_5,North,12.0,599.0,8.0,363,0,14.67,24.22,0,0,10.84
2024-12-08,SKU_4,WH_5,SUP_5,,,587.0,8.0,363,0,14.67,24.22,0,0,15.83
2024-12-09,SKU_4,WH_5,SUP_5,East,15.0,572.0,8.0,363,0,14.67,24.22,1,0,13.54
2024-12-10,SKU_4,WH_5,SUP_5,North,18.0,554.0,8.0,363,0,14.67,24.22,0,0,20.31
2024-12-11,SKU_4,WH_5,SUP_5,East,12.0,542.0,8.0,363,0,14.67,24.22,0,0,11.4
2024-12-12,SKU_4,WH_5,SUP_5,North,21.0,521.0,8.0,363,0,14.67,24.22,0,0,17.81
2024-12-13,SKU_4,WH_5,SUP_5,West,9.0,512.0,8.0,363,0,14.67,24.22,0,0,3.49
2024-12-14,SKU_4,WH_5,SUP_5,North,10.0,502.0,8.0,363,0,14.67,24.22,0,0,8.13
2024-12-15,SKU_4,WH_5,SUP_5,East,20.0,482.0,8.0,363,0,14.67,24.22,1,0,19.6
2024-12-16,SKU_4,WH_5,SUP_5,West,20.0,462.0,8.0,363,0,14.67,24.22,0,0,
2024-12-17,SKU_4,WH_5,SUP_5,South,20.0,,8.0,363,0,14.67,24.22,1,0,17.31
2024-12-18,SKU_4,WH_5,SUP_5,West,16.0,426.0,8.0,363,0,14.67,24.22,0,0,14.82
2024-12-19,SKU_4,WH_5,SUP_5,,20.0,406.0,8.0,363,0,14.67,24.22,0,0,17.79
2024-12-20,SKU_4,WH_5,SUP_5,North,19.0,387.0,8.0,363,0,14.67,24.22,0,0,17.74
2024-12-21,SKU_4,WH_5,SUP_5,South,,374.0,8.0,363,0,14.67,24.22,0,0,8.04
2024-12-22,SKU_4,WH_5,SUP_5,North,18.0,356.0,8.0,363,0,14.67,24.22,0,0,17.69
2024-12-23,SKU_4,WH_5,SUP_5,East,17.0,778.0,8.0,363,439,14.67,24.22,0,0,16.56
2024-12-24,SKU_4,WH_5,SUP_5,East,20.0,758.0,8.0,363,0,14.67,24.22,0,0,
2024-12-25,SKU_4,WH_5,SUP_5,South,17.0,741.0,8.0,363,0,14.67,24.22,0,0,19.94
2024-12-26,SKU_4,WH_5,SUP_5,North,15.0,726.0,8.0,363,0,14.67,24.22,0,0,13.4
2024-12-27,SKU_4,WH_5,SUP_5,North,25.0,701.0,8.0,363,0,14.67,24.22,0,0,19.81
2024-12-28,SKU_4,WH_5,SUP_5,North,15.0,686.0,8.0,363,0,14.67,24.22,0,0,12.14
2024-12-29,SKU_4,WH_5,SUP_5,East,25.0,661.0,8.0,363,0,14.67,24.22,0,0,21.16
2024-12-30,SKU_4,WH_5,SUP_5,North,,638.0,8.0,363,0,14.67,24.22,0,0,21.38
2024-01-01,SKU_5,WH_1,SUP_7,East,22.0,,4.0,338,0,8.69,11.62,0,0,18.96
2024-01-02,SKU_5,WH_1,SUP_7,West,19.0,553.0,4.0,338,0,8.69,11.62,0,0,
2024-01-03,SKU_5,WH_1,SUP_7,East,,541.0,4.0,338,0,8.69,11.62,0,0,
2024-01-04,SKU_5,WH_1,SUP_7,East,17.0,524.0,4.0,338,0,8.69,11.62,0,0,16.42
2024-01-05,SKU_5,WH_1,SUP_7,South,18.0,506.0,4.0,338,0,8.69,11.62,0,0,15.61
2024-01-06,SKU_5,WH_1,SUP_7,West,missing,488.0,4.0,338,0,8.69,11.62,0,0,16.74
2024-01-07,SKU_5,WH_1,SUP_7,South,,460.0,4.0,338,0,8.69,11.62,1,0,29.72
2024-01-08,SKU_5,WH_1,SUP_7,South,28.0,432.0,4.0,338,0,8.69,11.62,0,0,27.28
2024-01-09,SKU_5,WH_1,SUP_7,South,27.0,405.0,4.0,338,0,8.69,11.62,0,0,25.97
2024-01-10,SKU_5,WH_1,SUP_7,South,21.0,384.0,4.0,338,0,8.69,11.62,0,0,
2024-01-11,SKU_5,WH_1,SUP_7,East,21.0,363.0,4.0,338,0,8.69,11.62,0,0,23.22
2024-01-12,SKU_5,WH_1,SUP_7,East,21.0,342.0,4.0,338,0,8.69,11.62,0,0,16.95
2024-01-13,SKU_5,WH_1,SUP_7,North,22.0,320.0,4.0,338,0,8.69,11.62,0,0,22.14
2024-01-14,SKU_5,WH_1,SUP_7,West,28.0,563.0,4.0,338,271,8.69,11.62,0,0,
2024-01-15,SKU_5,WH_1,SUP_7,North,,541.0,4.0,338,0,8.69,11.62,0,0,21.51
2024-01-16,SKU_5,WH_1,SUP_7,West,27.0,514.0,4.0,338,0,8.69,11.62,1,0,30.79
2024-01-17,SKU_5,WH_1,SUP_7,North,16.0,498.0,,338,0,8.69,11.62,0,0,11.28
2024-01-18,SKU_5,WH_1,SUP_7,North,25.0,473.0,4.0,338,0,8.69,11.62,0,0,27.68
2024-01-19,SKU_5,WH_1,SUP_7,South,168.0,2670.0,4.0,338,0,8.69,11.62,0,0,172.82467888083323
2024-01-20,SKU_5,WH_1,SUP_7,West,24.0,421.0,4.0,338,0,8.69,11.62,0,0,17.27
2024-01-21,SKU_5,WH_1,SUP_7,North,15.0,406.0,4.0,338,0,8.69,11.62,0,0,14.28
2024-01-22,SKU_5,WH_1,SUP_7,North,24.0,382.0,4.0,338,0,8.69,11.62,0,0,25.87
2024-01-23,SKU_5,WH_1,SUP_7,East,23.0,359.0,4.0,338,0,8.69,11.62,0,0,22.19
2024-01-24,SKU_5,WH_1,SUP_7,North,32.0,327.0,4.0,338,0,8.69,11.62,1,0,29.41
2024-01-25,SKU_5,WH_1,SUP_7,East,448.0,3605.0,4.0,338,426,8.69,11.62,0,0,160.52613802793633
2024-01-26,SKU_5,WH_1,SUP_7,East,21.0,700.0,4.0,338,0,8.69,11.62,0,0,15.65
2024-01-27,SKU_5,WH_1,SUP_7,South,21.0,679.0,4.0,338,0,8.69,11.62,0,0,16.6
2024-01-28,SKU_5,WH_1,SUP_7,East,18.0,661.0,4.0,338,0,8.69,11.62,0,0,20.93
2024-01-29,SKU_5,WH_1,SUP_7,West,32.0,629.0,4.0,338,0,8.69,11.62,0,0,35.19
2024-01-30,SKU_5,WH_1,SUP_7,North,17.0,612.0,4.0,338,0,8.69,11.62,0,0,16.62
2024-01-31,SKU_5,WH_1,SUP_7,East,28.0,584.0,4.0,338,0,8.69,11.62,0,0,23.42
2024-02-01,SKU_5,WH_1,SUP_7,South,,559.0,4.0,338,0,8.69,11.62,0,0,25.84
2024-02-02,SKU_5,WH_1,SUP_7,,20.0,539.0,4.0,338,0,8.69,11.62,0,0,18.64
2024-02-03,SKU_5,WH_1,SUP_7,South,25.0,514.0,4.0,338,0,8.69,11.62,0,0,23.47
2024-02-04,SKU_5,WH_1,SUP_7,,25.0,489.0,4.0,338,0,8.69,11.62,0,0,29.74
2024-02-05,SKU_5,WH_1,SUP_7,North,28.0,461.0,4.0,338,0,8.69,11.62,0,0,26.17
2024-02-06,SKU_5,WH_1,SUP_7,North,31.0,430.0,4.0,338,0,8.69,11.62,0,0,26.62
2024-02-07,SKU_5,WH_1,SUP_7,South,,400.0,4.0,338,0,8.69,11.62,0,0,31.75
2024-02-08,SKU_5,WH_1,SUP_7,East,27.0,373.0,4.0,338,0,8.69,11.62,0,0,29.57
2024-02-09,SKU_5,WH_1,SUP_7,East,24.0,349.0,4.0,338,0,8.69,11.62,0,0,24.49
2024-02-10,SKU_5,WH_1,SUP_7,East,20.0,329.0,4.0,338,0,8.69,11.62,0,0,16.62
2024-02-11,SKU_5,WH_1,SUP_7,North,24.0,774.0,4.0,338,469,8.69,11.62,0,0,21.06
2024-02-12,SKU_5,WH_1,SUP_7,North,29.0,745.0,4.0,338,0,8.69,11.62,0,0,23.4
2024-02-13,SKU_5,WH_1,SUP_7,West,missing,721.0,4.0,338,0,8.69,11.62,0,0,18.31
2024-02-14,SKU_5,WH_1,SUP_7,East,32.0,689.0,4.0,338,0,8.69,11.62,1,0,36.63
2024-02-15,SKU_5,WH_1,SUP_7,North,,,4.0,338,0,8.69,11.62,0,0,26.29
2024-02-16,SKU_5,WH_1,SUP_7,South,39.0,,4.0,338,0,8.69,11.62,1,0,36.82
2024-02-17,SKU_5,WH_1,SUP_7,North,36.0,587.0,4.0,338,0,8.69,11.62,0,0,37.16
2024-02-18,SKU_5,WH_1,SUP_7,West,37.0,550.0,4.0,338,0,8.69,11.62,1,0,39.55
2024-02-19,SKU_5,WH_1,SUP_7,West,27.0,523.0,4.0,338,0,8.69,11.62,0,0,23.94
2024-02-20,SKU_5,WH_1,SUP_7,South,25.0,498.0,4.0,338,0,8.69,11.62,0,0,17.59
2024-02-21,SKU_5,WH_1,SUP_7,North,36.0,462.0,4.0,338,0,8.69,11.62,0,0,39.43
2024-02-22,SKU_5,WH_1,SUP_7,North,22.0,440.0,4.0,338,0,8.69,11.62,0,0,22.53
2024-02-23,SKU_5,WH_1,SUP_7,South,32.0,408.0,4.0,338,0,8.69,11.62,0,0,24.54
2024-02-24,SKU_5,WH_1,SUP_7,East,33.0,375.0,4.0,338,0,8.69,11.62,0,0,30.6
2024-02-25,SKU_5,WH_1,SUP_7,East,27.0,348.0,4.0,338,0,8.69,11.62,0,0,
2024-02-26,SKU_5,WH_1,SUP_7,North,26.0,322.0,4.0,338,0,8.69,11.62,0,0,27.35
2024-02-27,SKU_5,WH_1,SUP_7,,31.0,671.0,4.0,338,380,8.69,11.62,1,0,32.57
2024-02-28,SKU_5,WH_1,SUP_7,North,17.0,654.0,4.0,338,0,8.69,11.62,0,0,12.95
2024-02-29,SKU_5,WH_1,SUP_7,,33.0,621.0,4.0,338,0,8.69,11.62,0,0,30.55
2024-03-01,SKU_5,WH_1,SUP_7,,37.0,584.0,4.0,338,0,8.69,11.62,0,0,41.97
2024-03-02,SKU_5,WH_1,SUP_7,,31.0,553.0,4.0,338,0,8.69,11.62,0,0,32.74
2024-03-03,SKU_5,WH_1,SUP_7,North,,533.0,4.0,338,0,8.69,11.62,0,0,19.52
2024-03-04,SKU_5,WH_1,SUP_7,West,32.0,501.0,4.0,338,0,8.69,11.62,0,0,32.13
2024-03-05,SKU_5,WH_1,SUP_7,East,25.0,476.0,4.0,338,0,8.69,11.62,0,0,30.5
2024-03-06,SKU_5,WH_1,SUP_7,South,26.0,450.0,4.0,338,0,8.69,11.62,0,0,28.78
2024-03-07,SKU_5,WH_1,SUP_7,East,,419.0,4.0,338,0,8.69,11.62,0,0,27.09
2024-03-08,SKU_5,WH_1,SUP_7,South,23.0,396.0,4.0,338,0,8.69,11.62,0,0,21.08
2024-03-09,SKU_5,WH_1,SUP_7,East,27.0,369.0,,338,0,8.69,11.62,0,0,28.78
2024-03-10,SKU_5,WH_1,SUP_7,North,22.0,347.0,4.0,338,0,8.69,11.62,0,0,26.95
2024-03-11,SKU_5,WH_1,SUP_7,South,26.0,321.0,4.0,338,0,8.69,11.62,0,0,30.35
2024-03-12,SKU_5,WH_1,SUP_7,North,31.0,730.0,4.0,338,440,8.69,11.62,0,0,27.51
2024-03-13,SKU_5,WH_1,SUP_7,North,29.0,,4.0,338,0,8.69,11.62,0,0,33.09
2024-03-14,SKU_5,WH_1,SUP_7,South,missing,666.0,4.0,338,0,8.69,11.62,0,0,33.29
2024-03-15,SKU_5,WH_1,SUP_7,North,30.0,636.0,4.0,338,0,8.69,11.62,0,0,32.36
2024-03-16,SKU_5,WH_1,SUP_7,West,26.0,610.0,4.0,338,0,8.69,11.62,0,0,
2024-03-17,SKU_5,WH_1,SUP_7,South,34.0,576.0,4.0,338,0,8.69,11.62,0,0,35.51
2024-03-18,SKU_5,WH_1,SUP_7,North,22.0,554.0,4.0,338,0,8.69,11.62,0,0,20.58
2024-03-19,SKU_5,WH_1,SUP_7,East,25.0,529.0,4.0,338,0,8.69,11.62,0,0,22.53
2024-03-20,SKU_5,WH_1,SUP_7,East,26.0,503.0,4.0,338,0,8.69,11.62,0,0,
2024-03-21,SKU_5,WH_1,SUP_7,North,34.0,469.0,4.0,338,0,8.69,11.62,0,0,32.67
2024-03-22,SKU_5,WH_1,SUP_7,East,21.0,448.0,4.0,338,0,8.69,11.62,0,0,
2024-03-23,SKU_5,WH_1,SUP_7,South,23.0,425.0,4.0,338,0,8.69,11.62,0,0,25.7
2024-03-24,SKU_5,WH_1,SUP_7,East,29.0,396.0,4.0,338,0,8.69,11.62,0,0,28.34
2024-03-25,SKU_5,WH_1,SUP_7,East,26.0,370.0,4.0,338,0,8.69,11.62,0,0,24.59
2024-03-26,SKU_5,WH_1,SUP_7,South,22.0,348.0,4.0,338,0,8.69,11.62,0,0,23.08
2024-03-27,SKU_5,WH_1,SUP_7,East,31.0,317.0,4.0,338,0,8.69,11.62,0,0,34.02
2024-03-28,SKU_5,WH_1,SUP_7,,39.0,,4.0,338,334,8.69,11.62,0,0,36.52
2024-03-29,SKU_5,WH_1,SUP_7,East,25.0,587.0,4.0,338,0,8.69,11.62,0,0,21.64
2024-03-30,SKU_5,WH_1,SUP_7,South,40.0,547.0,4.0,338,0,8.69,11.62,1,0,39.83
2024-03-31,SKU_5,WH_1,SUP_7,East,22.0,525.0,4.0,338,0,8.69,11.62,0,0,21.22
2024-04-01,SKU_5,WH_1,SUP_7,East,22.0,503.0,4.0,338,0,8.69,11.62,0,0,24.7
2024-04-02,SKU_5,WH_1,SUP_7,,31.0,,4.0,338,0,8.69,11.62,0,0,27.51
2024-04-03,SKU_5,WH_1,SUP_7,West,36.0,436.0,4.0,338,0,8.69,11.62,0,0,35.91
2024-04-04,SKU_5,WH_1,SUP_7,West,26.0,410.0,4.0,338,0,8.69,11.62,0,0,27.7
2024-04-05,SKU_5,WH_1,SUP_7,,29.0,381.0,4.0,338,0,8.69,11.62,0,0,29.65
2024-04-06,SKU_5,WH_1,SUP_7,,28.0,353.0,4.0,338,0,8.69,11.62,0,0,26.56
2024-04-07,SKU_5,WH_1,SUP_7,North,26.0,,4.0,338,0,8.69,11.62,0,0,22.84
2024-04-08,SKU_5,WH_1,SUP_7,South,32.0,647.0,4.0,338,352,8.69,11.62,1,0,30.54
2024-04-09,SKU_5,WH_1,SUP_7,South,35.0,612.0,4.0,338,0,8.69,11.62,0,0,36.48
2024-04-10,SKU_5,WH_1,SUP_7,North,31.0,581.0,4.0,338,0,8.69,11.62,0,0,28.66
2024-04-11,SKU_5,WH_1,SUP_7,South,28.0,553.0,4.0,338,0,8.69,11.62,0,0,22.28
2024-04-12,SKU_5,WH_1,SUP_7,South,35.0,518.0,4.0,338,0,8.69,11.62,1,0,30.37
2024-04-13,SKU_5,WH_1,SUP_7,East,31.0,487.0,4.0,338,0,8.69,11.62,0,0,30.24
2024-04-14,SKU_5,WH_1,SUP_7,North,33.0,454.0,4.0,338,0,8.69,11.62,1,0,36.03
not_a_date,SKU_5,WH_1,SUP_7,East,23.0,431.0,4.0,338,0,8.69,11.62,0,0,
2024-04-16,SKU_5,WH_1,SUP_7,South,30.0,401.0,4.0,338,0,8.69,11.62,0,0,30.21
2024-04-17,SKU_5,WH_1,SUP_7,West,34.0,,4.0,338,0,8.69,11.62,0,0,33.67
2024-04-18,SKU_5,WH_1,SUP_7,South,25.0,342.0,4.0,338,0,8.69,11.62,0,0,28.3
2024-04-19,SKU_5,WH_1,SUP_7,South,42.0,300.0,4.0,338,0,8.69,11.62,0,0,47.74
2024-04-20,SKU_5,WH_1,SUP_7,North,25.0,601.0,4.0,338,326,8.69,11.62,0,0,26.3
2024-04-21,SKU_5,WH_1,SUP_7,West,24.0,577.0,4.0,338,0,8.69,11.62,0,0,23.86
2024-04-22,SKU_5,WH_1,SUP_7,North,missing,552.0,4.0,338,0,8.69,11.62,0,0,26.69
2024-04-23,SKU_5,WH_1,SUP_7,North,19.0,533.0,4.0,338,0,8.69,11.62,0,0,20.42
2024-04-24,SKU_5,WH_1,SUP_7,West,32.0,,4.0,338,0,8.69,11.62,0,0,
2024-04-25,SKU_5,WH_1,SUP_7,East,30.0,471.0,4.0,338,0,8.69,11.62,0,0,34.93
2024-04-26,SKU_5,WH_1,SUP_7,West,38.0,433.0,4.0,338,0,8.69,11.62,0,0,37.28
2024-04-27,SKU_5,WH_1,SUP_7,West,28.0,405.0,4.0,338,0,8.69,11.62,0,0,24.0
2024-04-28,SKU_5,WH_1,SUP_7,North,,381.0,4.0,338,0,8.69,11.62,0,0,21.87
2024-04-29,SKU_5,WH_1,SUP_7,North,31.0,350.0,4.0,338,0,8.69,11.62,0,0,31.65
2024-04-30,SKU_5,WH_1,SUP_7,North,34.0,316.0,4.0,338,0,8.69,11.62,0,0,
2024-05-01,SKU_5,WH_1,SUP_7,South,38.0,532.0,4.0,338,254,8.69,11.62,0,0,34.99
2024-05-02,SKU_5,WH_1,SUP_7,North,30.0,502.0,4.0,338,0,8.69,11.62,0,0,33.64
2024-05-03,SKU_5,WH_1,SUP_7,North,31.0,471.0,4.0,338,0,8.69,11.62,0,0,26.82
2024-05-04,SKU_5,WH_1,SUP_7,West,35.0,436.0,4.0,338,0,8.69,11.62,0,0,34.1
2024-05-05,SKU_5,WH_1,SUP_7,,42.0,394.0,4.0,338,0,8.69,11.62,1,0,43.6
2024-05-06,SKU_5,WH_1,SUP_7,North,32.0,362.0,4.0,338,0,8.69,11.62,0,0,33.69
2024-05-07,SKU_5,WH_1,SUP_7,South,33.0,329.0,4.0,338,0,8.69,11.62,0,0,34.24
2024-05-08,SKU_5,WH_1,SUP_7,North,27.0,,4.0,338,458,8.69,11.62,0,0,30.77
2024-05-09,SKU_5,WH_1,SUP_7,East,32.0,728.0,4.0,338,0,8.69,11.62,0,0,31.94
2024-05-10,SKU_5,WH_1,SUP_7,South,31.0,697.0,4.0,338,0,8.69,11.62,0,0,28.96
2024-05-11,SKU_5,WH_1,SUP_7,West,23.0,674.0,4.0,338,0,8.69,11.62,0,0,29.54
2024-05-12,SKU_5,WH_1,SUP_7,West,22.0,652.0,4.0,338,0,8.69,11.62,0,0,20.02
2024-05-13,SKU_5,WH_1,SUP_7,North,31.0,621.0,4.0,338,0,8.69,11.62,0,0,33.84
2024-05-14,SKU_5,WH_1,SUP_7,South,32.0,589.0,4.0,338,0,8.69,11.62,0,0,33.48
2024-05-15,SKU_5,WH_1,SUP_7,West,30.0,559.0,,338,0,8.69,11.62,0,0,
2024-05-16,SKU_5,WH_1,SUP_7,South,37.0,522.0,4.0,338,0,8.69,11.62,1,0,41.78
2024-05-17,SKU_5,WH_1,SUP_7,North,28.0,494.0,4.0,338,0,8.69,11.62,0,0,33.58
2024-05-18,SKU_5,WH_1,SUP_7,East,30.0,464.0,4.0,338,0,8.69,11.62,0,0,29.4
2024-05-19,SKU_5,WH_1,SUP_7,North,34.0,430.0,4.0,338,0,8.69,11.62,0,0,27.0
2024-05-20,SKU_5,WH_1,SUP_7,West,20.0,410.0,4.0,338,0,8.69,11.62,0,0,20.02
2024-05-21,SKU_5,WH_1,SUP_7,West,28.0,382.0,4.0,338,0,8.69,11.62,1,0,
2024-05-22,SKU_5,WH_1,SUP_7,South,,343.0,,338,0,8.69,11.62,0,0,35.47
2024-05-23,SKU_5,WH_1,SUP_7,West,24.0,319.0,4.0,338,0,8.69,11.62,0,0,28.34
2024-05-24,SKU_5,WH_1,SUP_7,South,24.0,593.0,4.0,338,298,8.69,11.62,0,0,28.69
2024-05-25,SKU_5,WH_1,SUP_7,,32.0,561.0,4.0,338,0,8.69,11.62,0,0,31.35
2024-05-26,SKU_5,WH_1,SUP_7,North,26.0,535.0,4.0,338,0,8.69,11.62,0,0,25.78
2024-05-27,SKU_5,WH_1,SUP_7,East,21.0,514.0,4.0,338,0,8.69,11.62,0,0,17.01
2024-05-28,SKU_5,WH_1,SUP_7,East,24.0,490.0,4.0,338,0,8.69,11.62,0,0,22.53
2024-05-29,SKU_5,WH_1,SUP_7,North,24.0,466.0,4.0,338,0,8.69,11.62,0,0,23.16
2024-05-30,SKU_5,WH_1,SUP_7,North,28.0,438.0,4.0,338,0,8.69,11.62,0,0,21.81
2024-05-31,SKU_5,WH_1,SUP_7,North,36.0,402.0,4.0,338,0,8.69,11.62,0,0,35.92
2024-06-01,SKU_5,WH_1,SUP_7,North,28.0,374.0,4.0,338,0,8.69,11.62,0,0,33.03
2024-06-02,SKU_5,WH_1,SUP_7,,29.0,345.0,4.0,338,0,8.69,11.62,0,0,29.0
2024-06-03,SKU_5,WH_1,SUP_7,South,,329.0,4.0,338,0,8.69,11.62,0,0,17.58
2024-06-04,SKU_5,WH_1,SUP_7,West,24.0,646.0,4.0,338,341,8.69,11.62,0,0,22.57
2024-06-05,SKU_5,WH_1,SUP_7,West,,621.0,4.0,338,0,8.69,11.62,0,0,26.2
2024-06-06,SKU_5,WH_1,SUP_7,West,22.0,599.0,4.0,338,0,8.69,11.62,0,0,24.37
2024-06-07,SKU_5,WH_1,SUP_7,West,17.0,582.0,4.0,338,0,8.69,11.62,0,0,14.18
2024-06-08,SKU_5,WH_1,SUP_7,South,23.0,559.0,4.0,338,0,8.69,11.62,0,0,23.65
2024-06-09,SKU_5,WH_1,SUP_7,South,20.0,539.0,4.0,338,0,8.69,11.62,0,0,21.34
2024-06-10,SKU_5,WH_1,SUP_7,East,,517.0,4.0,338,0,8.69,11.62,0,0,18.53
2024-06-11,SKU_5,WH_1,SUP_7,South,22.0,495.0,4.0,338,0,8.69,11.62,0,0,25.54
2024-06-12,SKU_5,WH_1,SUP_7,South,25.0,470.0,4.0,338,0,8.69,11.62,0,0,24.77
2024-06-13,SKU_5,WH_1,SUP_7,East,24.0,446.0,4.0,338,0,8.69,11.62,1,0,25.37
2024-06-14,SKU_5,WH_1,SUP_7,West,21.0,,4.0,338,0,8.69,11.62,0,0,21.25
2024-06-15,SKU_5,WH_1,SUP_7,,,406.0,4.0,338,0,8.69,11.62,0,0,15.53
2024-06-16,SKU_5,WH_1,SUP_7,West,30.0,376.0,4.0,338,0,8.69,11.62,0,0,29.64
2024-06-17,SKU_5,WH_1,SUP_7,North,31.0,345.0,,338,0,8.69,11.62,0,0,30.88
2024-06-18,SKU_5,WH_1,SUP_7,South,26.0,319.0,4.0,338,0,8.69,11.62,0,0,24.28
2024-06-19,SKU_5,WH_1,SUP_7,East,20.0,762.0,4.0,338,463,8.69,11.62,0,0,20.89
2024-06-20,SKU_5,WH_1,SUP_7,North,19.0,743.0,4.0,338,0,8.69,11.62,0,0,10.73
2024-06-21,SKU_5,WH_1,SUP_7,South,18.0,725.0,4.0,338,0,8.69,11.62,0,0,17.46
2024-06-22,SKU_5,WH_1,SUP_7,South,33.0,692.0,4.0,338,0,8.69,11.62,1,0,34.48
2024-06-23,SKU_5,WH_1,SUP_7,North,-20.0,-672.0,4.0,338,0,-8.69,-11.62,0,0,-21.36
2024-06-24,SKU_5,WH_1,SUP_7,West,22.0,650.0,4.0,338,0,8.69,11.62,0,0,21.24
2024-06-25,SKU_5,WH_1,SUP_7,South,22.0,628.0,4.0,338,0,8.69,11.62,0,0,18.13
2024-06-26,SKU_5,WH_1,SUP_7,West,126.0,5463.0,4.0,338,0,8.69,11.62,0,0,134.5126764734704
2024-06-27,SKU_5,WH_1,SUP_7,South,12.0,595.0,4.0,338,0,8.69,11.62,0,0,14.95
2024-06-28,SKU_5,WH_1,SUP_7,West,23.0,572.0,4.0,338,0,8.69,11.62,0,0,27.93
2024-06-29,SKU_5,WH_1,SUP_7,East,24.0,548.0,4.0,338,0,8.69,11.62,0,0,30.39
2024-06-30,SKU_5,WH_1,SUP_7,West,22.0,526.0,4.0,338,0,8.69,11.62,0,0,25.91
2024-07-01,SKU_5,WH_1,SUP_7,West,24.0,502.0,4.0,338,0,8.69,11.62,0,0,28.81
2024-07-02,SKU_5,WH_1,SUP_7,South,15.0,487.0,4.0,338,0,8.69,11.62,0,0,14.36
2024-07-03,SKU_5,WH_1,SUP_7,South,14.0,473.0,4.0,338,0,8.69,11.62,0,0,10.56
2024-07-04,SKU_5,WH_1,SUP_7,North,21.0,452.0,4.0,338,0,8.69,11.62,0,0,18.42
2024-07-05,SKU_5,WH_1,SUP_7,South,22.0,430.0,4.0,338,0,8.69,11.62,0,0,22.78
not_a_date,SKU_5,WH_1,SUP_7,East,17.0,413.0,4.0,338,0,8.69,11.62,0,0,16.87
2024-07-07,SKU_5,WH_1,SUP_7,West,,397.0,4.0,338,0,8.69,11.62,0,0,16.2
2024-07-08,SKU_5,WH_1,SUP_7,East,20.0,377.0,4.0,338,0,8.69,11.62,0,0,
2024-07-09,SKU_5,WH_1,SUP_7,East,18.0,359.0,4.0,338,0,8.69,11.62,0,0,19.54
2024-07-10,SKU_5,WH_1,SUP_7,West,27.0,,4.0,338,0,8.69,11.62,0,0,27.01
2024-07-11,SKU_5,WH_1,SUP_7,West,14.0,611.0,4.0,338,293,8.69,11.62,0,0,17.6
2024-07-12,SKU_5,WH_1,SUP_7,West,126.0,4130.0,4.0,338,0,8.69,11.62,0,0,151.1893622932812
2024-07-13,SKU_5,WH_1,SUP_7,West,28.0,562.0,4.0,338,0,8.69,11.62,1,0,29.21
2024-07-14,SKU_5,WH_1,SUP_7,West,15.0,547.0,4.0,338,0,8.69,11.62,0,0,16.03
2024-07-15,SKU_5,WH_1,SUP_7,South,11.0,536.0,4.0,338,0,8.69,11.62,0,0,12.58
2024-07-16,SKU_5,WH_1,SUP_7,East,23.0,513.0,4.0,338,0,8.69,11.62,0,0,24.58
2024-07-17,SKU_5,WH_1,SUP_7,South,15.0,498.0,4.0,338,0,8.69,11.62,0,0,10.69
2024-07-18,SKU_5,WH_1,SUP_7,??UNKNOWN??,12.0,486.0,4.0,338,0,8.69,11.62,0,0,
2024-07-19,SKU_5,WH_1,SUP_7,West,17.0,469.0,4.0,338,0,8.69,11.62,0,0,15.77
2024-07-20,SKU_5,WH_1,SUP_7,East,18.0,451.0,4.0,338,0,8.69,11.62,0,0,18.08
2024-07-21,SKU_5,WH_1,SUP_7,East,22.0,429.0,4.0,338,0,8.69,11.62,0,0,24.63
2024-07-22,SKU_5,WH_1,SUP_7,North,,411.0,4.0,338,0,8.69,11.62,0,0,16.98
2024-07-23,SKU_5,WH_1,SUP_7,West,8.0,403.0,4.0,338,0,8.69,11.62,0,0,8.39
2024-07-24,SKU_5,WH_1,SUP_7,West,19.0,384.0,4.0,338,0,8.69,11.62,0,0,15.7
2024-07-25,SKU_5,WH_1,SUP_7,West,13.0,371.0,4.0,338,0,8.69,11.62,0,0,6.67
2024-07-26,SKU_5,WH_1,SUP_7,West,9.0,362.0,4.0,338,0,8.69,11.62,0,0,11.02
2024-07-27,SKU_5,WH_1,SUP_7,South,14.0,348.0,4.0,338,0,8.69,11.62,1,0,13.85
2024-07-28,SKU_5,WH_1,SUP_7,South,,325.0,4.0,338,0,8.69,11.62,1,0,19.98
2024-07-29,SKU_5,WH_1,SUP_7,East,14.0,574.0,4.0,338,263,8.69,11.62,0,0,15.85
2024-07-30,SKU_5,WH_1,SUP_7,South,17.0,557.0,4.0,338,0,8.69,11.62,0,0,14.11
2024-07-31,SKU_5,WH_1,SUP_7,North,12.0,545.0,4.0,338,0,8.69,11.62,0,0,15.07
2024-08-01,SKU_5,WH_1,SUP_7,East,10.0,535.0,4.0,338,0,8.69,11.62,0,0,8.29
2024-08-02,SKU_5,WH_1,SUP_7,North,13.0,522.0,4.0,338,0,8.69,11.62,0,0,10.28
2024-08-03,SKU_5,WH_1,SUP_7,South,22.0,500.0,4.0,338,0,8.69,11.62,1,0,21.15
2024-08-04,SKU_5,WH_1,SUP_7,West,14.0,486.0,4.0,338,0,8.69,11.62,0,0,15.88
2024-08-05,SKU_5,WH_1,SUP_7,North,12.0,474.0,4.0,338,0,8.69,11.62,0,0,17.11
2024-08-06,SKU_5,WH_1,SUP_7,South,14.0,460.0,4.0,338,0,8.69,11.62,0,0,10.26
2024-08-07,SKU_5,WH_1,SUP_7,South,13.0,447.0,4.0,338,0,8.69,11.62,0,0,14.6
2024-08-08,SKU_5,WH_1,SUP_7,North,15.0,432.0,4.0,338,0,8.69,11.62,0,0,16.91
2024-08-09,SKU_5,WH_1,SUP_7,North,16.0,416.0,4.0,338,0,8.69,11.62,0,0,13.73
2024-08-10,SKU_5,WH_1,SUP_7,East,13.0,403.0,4.0,338,0,8.69,11.62,0,0,13.22
2024-08-11,SKU_5,WH_1,SUP_7,North,16.0,387.0,4.0,338,0,8.69,11.62,0,0,12.85
2024-08-12,SKU_5,WH_1,SUP_7,West,20.0,367.0,4.0,338,0,8.69,11.62,1,0,18.38
2024-08-13,SKU_5,WH_1,SUP_7,West,16.0,351.0,4.0,338,0,8.69,11.62,0,0,16.25
2024-08-14,SKU_5,WH_1,SUP_7,,,343.0,4.0,338,0,8.69,11.62,0,0,10.5
2024-08-15,SKU_5,WH_1,SUP_7,East,14.0,329.0,4.0,338,0,8.69,11.62,0,0,14.95
2024-08-16,SKU_5,WH_1,SUP_7,South,7.0,773.0,4.0,338,451,8.69,11.62,0,0,6.87
2024-08-17,SKU_5,WH_1,SUP_7,East,10.0,763.0,4.0,338,0,8.69,11.62,0,0,10.85
2024-08-18,SKU_5,WH_1,SUP_7,South,9.0,754.0,4.0,338,0,8.69,11.62,0,0,4.39
2024-08-19,SKU_5,WH_1,SUP_7,East,5.0,749.0,4.0,338,0,8.69,11.62,0,0,0.01
2024-08-20,SKU_5,WH_1,SUP_7,East,22.0,727.0,4.0,338,0,8.69,11.62,0,0,14.52
2024-08-21,SKU_5,WH_1,SUP_7,West,5.0,722.0,4.0,338,0,8.69,11.62,0,0,
2024-08-22,SKU_5,WH_1,SUP_7,North,6.0,716.0,4.0,338,0,8.69,11.62,0,0,9.42
2024-08-23,SKU_5,WH_1,SUP_7,West,13.0,703.0,4.0,338,0,8.69,11.62,0,0,8.88
2024-08-24,SKU_5,WH_1,SUP_7,West,14.0,689.0,4.0,338,0,8.69,11.62,0,0,18.63
2024-08-25,SKU_5,WH_1,SUP_7,West,7.0,682.0,4.0,338,0,8.69,11.62,0,0,4.87
2024-08-26,SKU_5,WH_1,SUP_7,East,missing,668.0,4.0,338,0,8.69,11.62,0,0,
2024-08-27,SKU_5,WH_1,SUP_7,East,7.0,661.0,4.0,338,0,8.69,11.62,0,0,4.95
2024-08-28,SKU_5,WH_1,SUP_7,??UNKNOWN??,12.0,649.0,4.0,338,0,8.69,11.62,0,0,15.0
2024-08-29,SKU_5,WH_1,SUP_7,North,14.0,635.0,,338,0,8.69,11.62,0,0,
2024-08-30,SKU_5,WH_1,SUP_7,West,9.0,626.0,4.0,338,0,8.69,11.62,0,0,12.37
2024-08-31,SKU_5,WH_1,SUP_7,North,6.0,620.0,,338,0,8.69,11.62,0,0,5.73
2024-09-01,SKU_5,WH_1,SUP_7,North,8.0,612.0,4.0,338,0,8.69,11.62,0,0,8.86
2024-09-02,SKU_5,WH_1,SUP_7,North,27.0,585.0,4.0,338,0,8.69,11.62,1,0,29.7
2024-09-03,SKU_5,WH_1,SUP_7,West,7.0,578.0,4.0,338,0,8.69,11.62,0,0,7.24
2024-09-04,SKU_5,WH_1,SUP_7,North,5.0,573.0,4.0,338,0,8.69,11.62,0,0,3.59
2024-09-05,SKU_5,WH_1,SUP_7,South,12.0,561.0,4.0,338,0,8.69,11.62,0,0,17.51
2024-09-06,SKU_5,WH_1,SUP_7,North,12.0,549.0,4.0,338,0,8.69,11.62,0,0,15.19
2024-09-07,SKU_5,WH_1,SUP_7,West,15.0,,4.0,338,0,8.69,11.62,0,0,16.94
2024-09-08,SKU_5,WH_1,SUP_7,North,26.0,508.0,4.0,338,0,8.69,11.62,0,0,25.33
2024-09-09,SKU_5,WH_1,SUP_7,North,10.0,498.0,,338,0,8.69,11.62,0,0,9.99
2024-09-10,SKU_5,WH_1,SUP_7,West,8.0,490.0,4.0,338,0,8.69,11.62,0,0,5.0
2024-09-11,SKU_5,WH_1,SUP_7,South,13.0,477.0,4.0,338,0,8.69,11.62,0,0,14.97
2024-09-12,SKU_5,WH_1,SUP_7,East,3.0,474.0,4.0,338,0,8.69,11.62,0,0,4.11
2024-09-13,SKU_5,WH_1,SUP_7,??UNKNOWN??,16.0,458.0,4.0,338,0,8.69,11.62,0,0,9.69
2024-09-14,SKU_5,WH_1,SUP_7,South,13.0,445.0,4.0,338,0,8.69,11.62,0,0,13.57
2024-09-15,SKU_5,WH_1,SUP_7,South,15.0,430.0,4.0,338,0,8.69,11.62,0,0,16.52
2024-09-16,SKU_5,WH_1,SUP_7,East,6.0,424.0,4.0,338,0,8.69,11.62,0,0,4.06
2024-09-17,SKU_5,WH_1,SUP_7,West,7.0,417.0,4.0,338,0,8.69,11.62,0,0,9.02
2024-09-18,SKU_5,WH_1,SUP_7,South,,403.0,,338,0,8.69,11.62,0,0,15.5
2024-09-19,SKU_5,WH_1,SUP_7,North,4.0,,4.0,338,0,8.69,11.62,0,0,
2024-09-20,SKU_5,WH_1,SUP_7,West,11.0,388.0,4.0,338,0,8.69,11.62,0,0,12.22
2024-09-21,SKU_5,WH_1,SUP_7,West,,,4.0,338,0,8.69,11.62,0,0,6.72
2024-09-22,SKU_5,WH_1,SUP_7,West,19.0,361.0,4.0,338,0,8.69,11.62,0,0,
2024-09-23,SKU_5,WH_1,SUP_7,East,14.0,347.0,4.0,338,0,8.69,11.62,1,0,14.49
2024-09-24,SKU_5,WH_1,SUP_7,South,7.0,,4.0,338,0,8.69,11.62,0,0,6.57
2024-09-25,SKU_5,WH_1,SUP_7,North,16.0,324.0,4.0,338,0,8.69,11.62,0,0,16.9
2024-09-26,SKU_5,WH_1,SUP_7,East,9.0,799.0,4.0,338,484,8.69,11.62,0,0,2.89
2024-09-27,SKU_5,WH_1,SUP_7,South,10.0,789.0,4.0,338,0,8.69,11.62,0,0,3.74
2024-09-28,SKU_5,WH_1,SUP_7,North,15.0,774.0,4.0,338,0,8.69,11.62,0,0,10.54
2024-09-29,SKU_5,WH_1,SUP_7,South,10.0,764.0,4.0,338,0,8.69,11.62,0,0,7.82
2024-09-30,SKU_5,WH_1,SUP_7,East,16.0,,4.0,338,0,8.69,11.62,0,0,11.7
2024-10-01,SKU_5,WH_1,SUP_7,,8.0,740.0,4.0,338,0,8.69,11.62,0,0,6.03
2024-10-02,SKU_5,WH_1,SUP_7,East,11.0,,4.0,338,0,8.69,11.62,0,0,11.48
2024-10-03,SKU_5,WH_1,SUP_7,,10.0,719.0,4.0,338,0,8.69,11.62,0,0,9.06
2024-10-04,SKU_5,WH_1,SUP_7,West,17.0,702.0,4.0,338,0,8.69,11.62,0,0,10.31
2024-10-05,SKU_5,WH_1,SUP_7,South,7.0,695.0,4.0,338,0,8.69,11.62,0,0,1.96
2024-10-06,SKU_5,WH_1,SUP_7,East,10.0,685.0,4.0,338,0,8.69,11.62,0,0,10.5
2024-10-07,SKU_5,WH_1,SUP_7,North,3.0,682.0,4.0,338,0,8.69,11.62,1,0,0.8
2024-10-08,SKU_5,WH_1,SUP_7,North,3.0,679.0,4.0,338,0,8.69,11.62,0,0,3.69
2024-10-09,SKU_5,WH_1,SUP_7,West,9.0,670.0,4.0,338,0,8.69,11.62,0,0,7.77
2024-10-10,SKU_5,WH_1,SUP_7,South,19.0,651.0,4.0,338,0,8.69,11.62,1,0,15.49
2024-10-11,SKU_5,WH_1,SUP_7,East,12.0,639.0,4.0,338,0,8.69,11.62,0,0,
2024-10-12,SKU_5,WH_1,SUP_7,South,13.0,626.0,4.0,338,0,8.69,11.62,0,0,13.35
2024-10-13,SKU_5,WH_1,SUP_7,North,,622.0,4.0,338,0,8.69,11.62,0,0,8.9
2024-10-14,SKU_5,WH_1,SUP_7,East,3.0,619.0,4.0,338,0,8.69,11.62,0,0,0.0
2024-10-15,SKU_5,WH_1,SUP_7,West,7.0,612.0,4.0,338,0,8.69,11.62,0,0,8.14
2024-10-16,SKU_5,WH_1,SUP_7,South,14.0,598.0,4.0,338,0,8.69,11.62,0,0,13.88
2024-10-17,SKU_5,WH_1,SUP_7,West,11.0,587.0,4.0,338,0,8.69,11.62,0,0,11.1
2024-10-18,SKU_5,WH_1,SUP_7,East,10.0,577.0,4.0,338,0,8.69,11.62,0,0,
2024-10-19,SKU_5,WH_1,SUP_7,East,11.0,566.0,4.0,338,0,8.69,11.62,0,0,7.66
2024-10-20,SKU_5,WH_1,SUP_7,South,17.0,549.0,4.0,338,0,8.69,11.62,0,0,12.46
2024-10-21,SKU_5,WH_1,SUP_7,South,4.0,545.0,4.0,338,0,8.69,11.62,0,0,5.81
2024-10-22,SKU_5,WH_1,SUP_7,,18.0,527.0,4.0,338,0,8.69,11.62,1,0,18.39
2024-10-23,SKU_5,WH_1,SUP_7,East,5.0,522.0,4.0,338,0,8.69,11.62,0,0,
2024-10-24,SKU_5,WH_1,SUP_7,North,12.0,510.0,4.0,338,0,8.69,11.62,0,0,15.15
2024-10-25,SKU_5,WH_1,SUP_7,West,6.0,504.0,4.0,338,0,8.69,11.62,0,0,5.96
2024-10-26,SKU_5,WH_1,SUP_7,North,2.0,502.0,4.0,338,0,8.69,11.62,0,0,2.22
2024-10-27,SKU_5,WH_1,SUP_7,East,8.0,494.0,4.0,338,0,8.69,11.62,0,0,11.47
2024-10-28,SKU_5,WH_1,SUP_7,West,18.0,476.0,4.0,338,0,8.69,11.62,0,0,20.79
2024-10-29,SKU_5,WH_1,SUP_7,West,,463.0,4.0,338,0,8.69,11.62,0,0,17.61
2024-10-30,SKU_5,WH_1,SUP_7,North,15.0,448.0,4.0,338,0,8.69,11.62,0,0,14.38
2024-10-31,SKU_5,WH_1,SUP_7,East,,432.0,4.0,338,0,8.69,11.62,0,0,13.81
2024-11-01,SKU_5,WH_1,SUP_7,North,14.0,418.0,4.0,338,0,8.69,11.62,0,0,11.72
2024-11-02,SKU_5,WH_1,SUP_7,East,6.0,412.0,4.0,338,0,8.69,11.62,0,0,6.42
2024-11-03,SKU_5,WH_1,SUP_7,North,10.0,402.0,4.0,338,0,8.69,11.62,0,0,10.17
2024-11-04,SKU_5,WH_1,SUP_7,South,3.0,399.0,4.0,338,0,8.69,11.62,0,0,0.0
2024-11-05,SKU_5,WH_1,SUP_7,South,12.0,387.0,4.0,338,0,8.69,11.62,0,0,11.68
2024-11-06,SKU_5,WH_1,SUP_7,North,13.0,374.0,4.0,338,0,8.69,11.62,0,0,16.59
2024-11-07,SKU_5,WH_1,SUP_7,North,14.0,360.0,4.0,338,0,8.69,11.62,0,0,16.96
2024-11-08,SKU_5,WH_1,SUP_7,West,15.0,345.0,4.0,338,0,8.69,11.62,0,0,15.99
2024-11-09,SKU_5,WH_1,SUP_7,,8.0,337.0,4.0,338,0,8.69,11.62,0,0,7.26
2024-11-10,SKU_5,WH_1,SUP_7,South,16.0,689.0,4.0,338,368,8.69,11.62,0,0,20.82
2024-11-11,SKU_5,WH_1,SUP_7,West,10.0,679.0,4.0,338,0,8.69,11.62,0,0,5.29
2024-11-12,SKU_5,WH_1,SUP_7,South,7.0,672.0,4.0,338,0,8.69,11.62,0,0,7.95
2024-11-13,SKU_5,WH_1,SUP_7,West,,664.0,4.0,338,0,8.69,11.62,0,0,7.2
2024-11-14,SKU_5,WH_1,SUP_7,North,16.0,648.0,4.0,338,0,8.69,11.62,0,0,17.79
2024-11-15,SKU_5,WH_1,SUP_7,North,,634.0,4.0,338,0,8.69,11.62,0,0,11.6
2024-11-16,SKU_5,WH_1,SUP_7,East,18.0,616.0,4.0,338,0,8.69,11.62,0,0,18.76
2024-11-17,SKU_5,WH_1,SUP_7,North,21.0,595.0,4.0,338,0,8.69,11.62,0,0,19.97
2024-11-18,SKU_5,WH_1,SUP_7,South,16.0,579.0,4.0,338,0,8.69,11.62,0,0,12.75
2024-11-19,SKU_5,WH_1,SUP_7,West,5.0,574.0,4.0,338,0,8.69,11.62,0,0,0.56
2024-11-20,SKU_5,WH_1,SUP_7,East,9.0,565.0,4.0,338,0,8.69,11.62,0,0,5.32
2024-11-21,SKU_5,WH_1,SUP_7,North,14.0,551.0,4.0,338,0,8.69,11.62,0,0,18.74
2024-11-22,SKU_5,WH_1,SUP_7,East,12.0,539.0,,338,0,8.69,11.62,0,0,9.19
2024-11-23,SKU_5,WH_1,SUP_7,North,8.0,531.0,4.0,338,0,8.69,11.62,0,0,6.94
2024-11-24,SKU_5,WH_1,SUP_7,East,12.0,519.0,4.0,338,0,8.69,11.62,0,0,11.62
2024-11-25,SKU_5,WH_1,SUP_7,East,8.0,511.0,,338,0,8.69,11.62,0,0,7.72
2024-11-26,SKU_5,WH_1,SUP_7,West,20.0,,4.0,338,0,8.69,11.62,0,0,22.81
2024-11-27,SKU_5,WH_1,SUP_7,West,25.0,466.0,4.0,338,0,8.69,11.62,0,0,26.18
2024-11-28,SKU_5,WH_1,SUP_7,West,11.0,455.0,4.0,338,0,8.69,11.62,0,0,11.15
2024-11-29,SKU_5,WH_1,SUP_7,East,20.0,435.0,4.0,338,0,8.69,11.62,0,0,16.23
2024-11-30,SKU_5,WH_1,SUP_7,North,21.0,414.0,4.0,338,0,8.69,11.62,0,0,
2024-12-01,SKU_5,WH_1,SUP_7,South,17.0,397.0,,338,0,8.69,11.62,0,0,13.17
2024-12-02,SKU_5,WH_1,SUP_7,East,13.0,384.0,4.0,338,0,8.69,11.62,0,0,12.26
2024-12-03,SKU_5,WH_1,SUP_7,East,6.0,378.0,4.0,338,0,8.69,11.62,0,0,3.34
2024-12-04,SKU_5,WH_1,SUP_7,North,11.0,367.0,4.0,338,0,8.69,11.62,0,0,13.23
2024-12-05,SKU_5,WH_1,SUP_7,East,16.0,351.0,4.0,338,0,8.69,11.62,0,0,10.73
2024-12-06,SKU_5,WH_1,SUP_7,East,8.0,343.0,4.0,338,0,8.69,11.62,0,0,6.83
2024-12-07,SKU_5,WH_1,SUP_7,East,14.0,329.0,4.0,338,0,8.69,11.62,0,0,13.77
2024-12-08,SKU_5,WH_1,SUP_7,East,15.0,552.0,4.0,338,238,8.69,11.62,0,0,12.52
2024-12-09,SKU_5,WH_1,SUP_7,West,13.0,539.0,4.0,338,0,8.69,11.62,0,0,12.83
2024-12-10,SKU_5,WH_1,SUP_7,North,8.0,531.0,,338,0,8.69,11.62,0,0,5.49
2024-12-11,SKU_5,WH_1,SUP_7,South,14.0,517.0,4.0,338,0,8.69,11.62,0,0,7.14
2024-12-12,SKU_5,WH_1,SUP_7,South,,507.0,4.0,338,0,8.69,11.62,1,0,9.44
2024-12-13,SKU_5,WH_1,SUP_7,South,13.0,494.0,4.0,338,0,8.69,11.62,0,0,14.04
2024-12-14,SKU_5,WH_1,SUP_7,West,16.0,478.0,4.0,338,0,8.69,11.62,0,0,12.66
2024-12-15,SKU_5,WH_1,SUP_7,East,28.0,450.0,4.0,338,0,8.69,11.62,0,0,27.54
2024-12-16,SKU_5,WH_1,SUP_7,East,12.0,,4.0,338,0,8.69,11.62,0,0,12.68
2024-12-17,SKU_5,WH_1,SUP_7,West,16.0,422.0,4.0,338,0,8.69,11.62,0,0,19.01
2024-12-18,SKU_5,WH_1,SUP_7,North,12.0,410.0,4.0,338,0,8.69,11.62,0,0,9.86
2024-12-19,SKU_5,WH_1,SUP_7,South,missing,389.0,4.0,338,0,8.69,11.62,0,0,16.85
2024-12-20,SKU_5,WH_1,SUP_7,South,19.0,370.0,4.0,338,0,8.69,11.62,0,0,17.46
2024-12-21,SKU_5,WH_1,SUP_7,South,28.0,342.0,4.0,338,0,8.69,11.62,1,0,31.61
2024-12-22,SKU_5,WH_1,SUP_7,West,23.0,319.0,4.0,338,0,8.69,11.62,0,0,26.14
2024-12-23,SKU_5,WH_1,SUP_7,West,14.0,690.0,4.0,338,385,8.69,11.62,0,0,15.73
2024-12-24,SKU_5,WH_1,SUP_7,East,18.0,672.0,4.0,338,0,8.69,11.62,0,0,15.38
2024-12-25,SKU_5,WH_1,SUP_7,,11.0,661.0,4.0,338,0,8.69,11.62,1,0,11.98
2024-12-26,SKU_5,WH_1,SUP_7,West,14.0,647.0,4.0,338,0,8.69,11.62,0,0,12.77
2024-12-27,SKU_5,WH_1,SUP_7,South,17.0,630.0,4.0,338,0,8.69,11.62,0,0,15.4
2024-12-28,SKU_5,WH_1,SUP_7,West,missing,609.0,4.0,338,0,8.69,11.62,0,0,16.05
2024-12-29,SKU_5,WH_1,SUP_7,North,24.0,585.0,4.0,338,0,8.69,11.62,0,0,24.06
2024-12-30,SKU_5,WH_1,SUP_7,East,missing,565.0,4.0,338,0,8.69,11.62,0,0,22.66
2024-01-01,SKU_5,WH_2,SUP_8,West,22.0,560.0,2.0,260,0,16.35,22.62,0,0,23.91
2024-01-02,SKU_5,WH_2,SUP_8,North,22.0,538.0,2.0,260,0,16.35,22.62,0,0,19.44
2024-01-03,SKU_5,WH_2,SUP_8,South,20.0,,2.0,260,0,16.35,22.62,0,0,23.33
2024-01-04,SKU_5,WH_2,SUP_8,South,-19.0,-499.0,2.0,260,0,-16.35,-22.62,0,0,-1.0
2024-01-05,SKU_5,WH_2,SUP_8,South,19.0,480.0,,260,0,16.35,22.62,0,0,
2024-01-06,SKU_5,WH_2,SUP_8,East,18.0,462.0,2.0,260,0,16.35,22.62,0,0,13.83
2024-01-07,SKU_5,WH_2,SUP_8,North,18.0,444.0,2.0,260,0,16.35,22.62,0,0,17.37
2024-01-08,SKU_5,WH_2,SUP_8,North,,418.0,2.0,260,0,16.35,22.62,0,0,26.22
2024-01-09,SKU_5,WH_2,SUP_8,East,16.0,402.0,2.0,260,0,16.35,22.62,0,0,11.75
2024-01-10,SKU_5,WH_2,SUP_8,East,20.0,382.0,2.0,260,0,16.35,22.62,0,0,14.37
2024-01-11,SKU_5,WH_2,SUP_8,North,21.0,361.0,2.0,260,0,16.35,22.62,0,0,22.19
2024-01-12,SKU_5,WH_2,SUP_8,South,16.0,345.0,2.0,260,0,16.35,22.62,0,0,15.11
2024-01-13,SKU_5,WH_2,SUP_8,East,33.0,312.0,2.0,260,0,16.35,22.62,1,0,
2024-01-14,SKU_5,WH_2,SUP_8,North,31.0,281.0,2.0,260,0,16.35,22.62,0,0,N/A
2024-01-15,SKU_5,WH_2,SUP_8,North,22.0,259.0,2.0,260,0,16.35,22.62,0,0,26.87
2024-01-16,SKU_5,WH_2,SUP_8,South,23.0,495.0,2.0,260,259,16.35,22.62,0,0,26.94
2024-01-17,SKU_5,WH_2,SUP_8,East,15.0,480.0,2.0,260,0,16.35,22.62,1,0,14.44
2024-01-18,SKU_5,WH_2,SUP_8,West,18.0,462.0,2.0,260,0,16.35,22.62,0,0,15.78
2024-01-19,SKU_5,WH_2,SUP_8,West,29.0,433.0,,260,0,16.35,22.62,0,0,25.68
2024-01-20,SKU_5,WH_2,SUP_8,North,26.0,407.0,2.0,260,0,16.35,22.62,1,0,30.11
2024-01-21,SKU_5,WH_2,SUP_8,South,15.0,392.0,2.0,260,0,16.35,22.62,0,0,15.4
2024-01-22,SKU_5,WH_2,SUP_8,East,29.0,363.0,2.0,260,0,16.35,22.62,0,0,30.17
2024-01-23,SKU_5,WH_2,SUP_8,South,23.0,340.0,2.0,260,0,16.35,22.62,0,0,27.12
2024-01-24,SKU_5,WH_2,SUP_8,West,,313.0,2.0,260,0,16.35,22.62,0,0,29.17
2024-01-25,SKU_5,WH_2,SUP_8,South,27.0,286.0,2.0,260,0,16.35,22.62,1,0,26.6
2024-01-26,SKU_5,WH_2,SUP_8,West,24.0,262.0,2.0,260,0,16.35,22.62,0,0,22.19
2024-01-27,SKU_5,WH_2,SUP_8,East,12.0,250.0,2.0,260,0,16.35,22.62,0,0,14.5
2024-01-28,SKU_5,WH_2,SUP_8,South,14.0,729.0,2.0,260,493,16.35,22.62,0,0,11.63
2024-01-29,SKU_5,WH_2,SUP_8,South,26.0,703.0,2.0,260,0,16.35,22.62,0,0,23.41
2024-01-30,SKU_5,WH_2,SUP_8,East,21.0,682.0,2.0,260,0,16.35,22.62,0,0,22.18
2024-01-31,SKU_5,WH_2,SUP_8,North,18.0,664.0,2.0,260,0,16.35,22.62,0,0,16.79
2024-02-01,SKU_5,WH_2,SUP_8,South,22.0,642.0,2.0,260,0,16.35,22.62,0,0,19.01
2024-02-02,SKU_5,WH_2,SUP_8,South,28.0,,2.0,260,0,16.35,22.62,0,0,35.21
2024-02-03,SKU_5,WH_2,SUP_8,North,32.0,582.0,2.0,260,0,16.35,22.62,0,0,32.91
2024-02-04,SKU_5,WH_2,SUP_8,East,12.0,570.0,2.0,260,0,16.35,22.62,0,0,5.24
2024-02-05,SKU_5,WH_2,SUP_8,North,19.0,551.0,2.0,260,0,16.35,22.62,0,0,23.72
2024-02-06,SKU_5,WH_2,SUP_8,West,29.0,522.0,2.0,260,0,16.35,22.62,0,0,28.79
2024-02-07,SKU_5,WH_2,SUP_8,West,29.0,493.0,2.0,260,0,16.35,22.62,0,0,25.25
2024-02-08,SKU_5,WH_2,SUP_8,North,25.0,468.0,2.0,260,0,16.35,22.62,0,0,24.19
2024-02-09,SKU_5,WH_2,SUP_8,West,37.0,431.0,2.0,260,0,16.35,22.62,1,0,36.77
2024-02-10,SKU_5,WH_2,SUP_8,West,21.0,410.0,2.0,260,0,16.35,22.62,0,0,25.23
2024-02-11,SKU_5,WH_2,SUP_8,South,33.0,377.0,2.0,260,0,16.35,22.62,0,0,31.84
2024-02-12,SKU_5,WH_2,SUP_8,West,21.0,356.0,2.0,260,0,16.35,22.62,0,0,18.34
2024-02-13,SKU_5,WH_2,SUP_8,North,27.0,329.0,2.0,260,0,16.35,22.62,0,0,27.3
2024-02-14,SKU_5,WH_2,SUP_8,East,37.0,292.0,2.0,260,0,16.35,22.62,0,0,39.21
2024-02-15,SKU_5,WH_2,SUP_8,North,156.0,2394.0,2.0,260,0,16.35,22.62,0,0,223.72662151170667
2024-02-16,SKU_5,WH_2,SUP_8,South,29.0,237.0,2.0,260,0,16.35,22.62,0,0,31.49
2024-02-17,SKU_5,WH_2,SUP_8,South,21.0,605.0,2.0,260,389,16.35,22.62,0,0,15.8
2024-02-18,SKU_5,WH_2,SUP_8,North,20.0,585.0,2.0,260,0,16.35,22.62,0,0,19.02
2024-02-19,SKU_5,WH_2,SUP_8,North,24.0,561.0,2.0,260,0,16.35,22.62,0,0,25.38
2024-02-20,SKU_5,WH_2,SUP_8,East,49.0,512.0,2.0,260,0,16.35,22.62,1,0,50.99
2024-02-21,SKU_5,WH_2,SUP_8,??UNKNOWN??,29.0,483.0,2.0,260,0,16.35,22.62,0,0,22.8
2024-02-22,SKU_5,WH_2,SUP_8,West,30.0,453.0,2.0,260,0,16.35,22.62,0,0,27.73
2024-02-23,SKU_5,WH_2,SUP_8,South,21.0,432.0,2.0,260,0,16.35,22.62,0,0,28.57
2024-02-24,SKU_5,WH_2,SUP_8,South,36.0,396.0,2.0,260,0,16.35,22.62,0,0,
2024-02-25,SKU_5,WH_2,SUP_8,South,missing,368.0,2.0,260,0,16.35,22.62,0,0,29.79
2024-02-26,SKU_5,WH_2,SUP_8,East,26.0,342.0,2.0,260,0,16.35,22.62,0,0,25.89
2024-02-27,SKU_5,WH_2,SUP_8,West,23.0,319.0,,260,0,16.35,22.62,0,0,24.46
2024-02-28,SKU_5,WH_2,SUP_8,West,31.0,288.0,2.0,260,0,16.35,22.62,0,0,29.18
2024-02-29,SKU_5,WH_2,SUP_8,West,32.0,256.0,2.0,260,0,16.35,22.62,0,0,30.05
2024-03-01,SKU_5,WH_2,SUP_8,East,28.0,680.0,2.0,260,452,16.35,22.62,0,0,31.41
2024-03-02,SKU_5,WH_2,SUP_8,,16.0,664.0,2.0,260,0,16.35,22.62,0,0,16.85
2024-03-03,SKU_5,WH_2,SUP_8,West,23.0,641.0,2.0,260,0,16.35,22.62,0,0,24.76
2024-03-04,SKU_5,WH_2,SUP_8,,31.0,610.0,2.0,260,0,16.35,22.62,0,0,28.98
2024-03-05,SKU_5,WH_2,SUP_8,West,32.0,578.0,2.0,260,0,16.35,22.62,0,0,28.77
2024-03-06,SKU_5,WH_2,SUP_8,West,27.0,551.0,2.0,260,0,16.35,22.62,0,0,29.39
2024-03-07,SKU_5,WH_2,SUP_8,West,18.0,533.0,2.0,260,0,16.35,22.62,0,0,17.18
2024-03-08,SKU_5,WH_2,SUP_8,South,34.0,499.0,2.0,260,0,16.35,22.62,0,0,27.34
2024-03-09,SKU_5,WH_2,SUP_8,East,28.0,471.0,2.0,260,0,16.35,22.62,0,0,27.7
2024-03-10,SKU_5,WH_2,SUP_8,East,25.0,446.0,2.0,260,0,16.35,22.62,0,0,26.71
2024-03-11,SKU_5,WH_2,SUP_8,South,,423.0,2.0,260,0,16.35,22.62,0,0,19.37
2024-03-12,SKU_5,WH_2,SUP_8,East,30.0,393.0,2.0,260,0,16.35,22.62,0,0,30.59
2024-03-13,SKU_5,WH_2,SUP_8,East,20.0,373.0,2.0,260,0,16.35,22.62,0,0,17.89
2024-03-14,SKU_5,WH_2,SUP_8,North,27.0,346.0,2.0,260,0,16.35,22.62,0,0,27.92
2024-03-15,SKU_5,WH_2,SUP_8,North,25.0,321.0,2.0,260,0,16.35,22.62,0,0,28.01
2024-03-16,SKU_5,WH_2,SUP_8,North,32.0,289.0,2.0,260,0,16.35,22.62,0,0,30.72
2024-03-17,SKU_5,WH_2,SUP_8,,32.0,257.0,2.0,260,0,16.35,22.62,0,0,31.59
2024-03-18,SKU_5,WH_2,SUP_8,East,29.0,619.0,2.0,260,391,16.35,22.62,0,0,26.08
2024-03-19,SKU_5,WH_2,SUP_8,North,23.0,596.0,2.0,260,0,16.35,22.62,0,0,21.62
2024-03-20,SKU_5,WH_2,SUP_8,East,30.0,566.0,2.0,260,0,16.35,22.62,0,0,30.49
2024-03-21,SKU_5,WH_2,SUP_8,West,25.0,541.0,2.0,260,0,16.35,22.62,0,0,20.31
2024-03-22,SKU_5,WH_2,SUP_8,East,43.0,498.0,2.0,260,0,16.35,22.62,0,0,39.07
2024-03-23,SKU_5,WH_2,SUP_8,West,33.0,465.0,2.0,260,0,16.35,22.62,0,0,31.89
2024-03-24,SKU_5,WH_2,SUP_8,North,21.0,444.0,2.0,260,0,16.35,22.62,0,0,21.25
2024-03-25,SKU_5,WH_2,SUP_8,East,31.0,413.0,,260,0,16.35,22.62,0,0,27.76
2024-03-26,SKU_5,WH_2,SUP_8,West,23.0,390.0,2.0,260,0,16.35,22.62,0,0,24.83
2024-03-27,SKU_5,WH_2,SUP_8,South,24.0,366.0,2.0,260,0,16.35,22.62,0,0,
2024-03-28,SKU_5,WH_2,SUP_8,South,38.0,328.0,2.0,260,0,16.35,22.62,0,0,38.99
2024-03-29,SKU_5,WH_2,SUP_8,North,38.0,290.0,2.0,260,0,16.35,22.62,0,0,37.49
2024-03-30,SKU_5,WH_2,SUP_8,North,35.0,255.0,2.0,260,0,16.35,22.62,0,0,37.42
2024-03-31,SKU_5,WH_2,SUP_8,,31.0,630.0,2.0,260,406,16.35,22.62,0,0,36.37
2024-04-01,SKU_5,WH_2,SUP_8,West,31.0,599.0,2.0,260,0,16.35,22.62,0,0,30.23
2024-04-02,SKU_5,WH_2,SUP_8,North,,571.0,2.0,260,0,16.35,22.62,0,0,25.94
2024-04-03,SKU_5,WH_2,SUP_8,South,19.0,552.0,2.0,260,0,16.35,22.62,0,0,14.94
2024-04-04,SKU_5,WH_2,SUP_8,West,-22.0,-530.0,,260,0,-16.35,-22.62,0,0,-25.06
2024-04-05,SKU_5,WH_2,SUP_8,South,35.0,495.0,2.0,260,0,16.35,22.62,0,0,32.54
2024-04-06,SKU_5,WH_2,SUP_8,North,42.0,453.0,2.0,260,0,16.35,22.62,1,0,42.68
2024-04-07,SKU_5,WH_2,SUP_8,North,30.0,423.0,2.0,260,0,16.35,22.62,0,0,31.47
2024-04-08,SKU_5,WH_2,SUP_8,East,24.0,399.0,2.0,260,0,16.35,22.62,0,0,24.36
2024-04-09,SKU_5,WH_2,SUP_8,South,29.0,370.0,,260,0,16.35,22.62,0,0,33.61
2024-04-10,SKU_5,WH_2,SUP_8,East,37.0,333.0,2.0,260,0,16.35,22.62,1,0,
2024-04-11,SKU_5,WH_2,SUP_8,East,34.0,299.0,2.0,260,0,16.35,22.62,0,0,30.12
2024-04-12,SKU_5,WH_2,SUP_8,East,28.0,271.0,2.0,260,0,16.35,22.62,0,0,27.86
2024-04-13,SKU_5,WH_2,SUP_8,South,25.0,246.0,2.0,260,0,16.35,22.62,0,0,28.37
2024-04-14,SKU_5,WH_2,SUP_8,North,24.0,634.0,2.0,260,412,16.35,22.62,0,0,23.95
2024-04-15,SKU_5,WH_2,SUP_8,East,,592.0,2.0,260,0,16.35,22.62,1,0,39.61
2024-04-16,SKU_5,WH_2,SUP_8,South,35.0,557.0,2.0,260,0,16.35,22.62,1,0,34.4
2024-04-17,SKU_5,WH_2,SUP_8,North,29.0,,2.0,260,0,16.35,22.62,0,0,N/A
2024-04-18,SKU_5,WH_2,SUP_8,West,24.0,504.0,2.0,260,0,16.35,22.62,0,0,
2024-04-19,SKU_5,WH_2,SUP_8,North,16.0,488.0,2.0,260,0,16.35,22.62,0,0,8.98
2024-04-20,SKU_5,WH_2,SUP_8,South,25.0,463.0,2.0,260,0,16.35,22.62,0,0,24.45
2024-04-21,SKU_5,WH_2,SUP_8,West,30.0,433.0,2.0,260,0,16.35,22.62,0,0,30.83
2024-04-22,SKU_5,WH_2,SUP_8,South,,393.0,2.0,260,0,16.35,22.62,1,0,36.6
2024-04-23,SKU_5,WH_2,SUP_8,East,30.0,363.0,2.0,260,0,16.35,22.62,0,0,32.32
2024-04-24,SKU_5,WH_2,SUP_8,East,24.0,339.0,2.0,260,0,16.35,22.62,0,0,
2024-04-25,SKU_5,WH_2,SUP_8,North,21.0,318.0,2.0,260,0,16.35,22.62,0,0,26.85
2024-04-26,SKU_5,WH_2,SUP_8,East,30.0,288.0,,260,0,16.35,22.62,0,0,35.88
2024-04-27,SKU_5,WH_2,SUP_8,,30.0,258.0,2.0,260,0,16.35,22.62,0,0,29.45
2024-04-28,SKU_5,WH_2,SUP_8,East,34.0,568.0,2.0,260,344,16.35,22.62,0,0,
2024-04-29,SKU_5,WH_2,SUP_8,West,21.0,547.0,2.0,260,0,16.35,22.62,0,0,25.54
2024-04-30,SKU_5,WH_2,SUP_8,West,31.0,516.0,2.0,260,0,16.35,22.62,0,0,30.06
2024-05-01,SKU_5,WH_2,SUP_8,West,29.0,,2.0,260,0,16.35,22.62,0,0,29.51
2024-05-02,SKU_5,WH_2,SUP_8,East,26.0,461.0,2.0,260,0,16.35,22.62,0,0,22.89
2024-05-03,SKU_5,WH_2,SUP_8,West,27.0,434.0,2.0,260,0,16.35,22.62,0,0,26.97
2024-05-04,SKU_5,WH_2,SUP_8,,35.0,399.0,2.0,260,0,16.35,22.62,0,0,35.78
2024-05-05,SKU_5,WH_2,SUP_8,North,38.0,361.0,2.0,260,0,16.35,22.62,0,0,36.11
2024-05-06,SKU_5,WH_2,SUP_8,North,26.0,335.0,2.0,260,0,16.35,22.62,0,0,21.64
2024-05-07,SKU_5,WH_2,SUP_8,South,29.0,306.0,2.0,260,0,16.35,22.62,0,0,29.37
2024-05-08,SKU_5,WH_2,SUP_8,East,24.0,282.0,2.0,260,0,16.35,22.62,0,0,27.93
2024-05-09,SKU_5,WH_2,SUP_8,North,23.0,259.0,2.0,260,0,16.35,22.62,0,0,21.39
2024-05-10,SKU_5,WH_2,SUP_8,South,18.0,729.0,2.0,260,488,16.35,22.62,0,0,20.67
2024-05-11,SKU_5,WH_2,SUP_8,East,16.0,713.0,2.0,260,0,16.35,22.62,0,0,11.26
2024-05-12,SKU_5,WH_2,SUP_8,North,25.0,688.0,2.0,260,0,16.35,22.62,0,0,16.19
2024-05-13,SKU_5,WH_2,SUP_8,East,41.0,647.0,2.0,260,0,16.35,22.62,0,0,41.37
2024-05-14,SKU_5,WH_2,SUP_8,West,26.0,621.0,2.0,260,0,16.35,22.62,0,0,30.87
2024-05-15,SKU_5,WH_2,SUP_8,West,,599.0,2.0,260,0,16.35,22.62,0,0,24.47
2024-05-16,SKU_5,WH_2,SUP_8,North,37.0,562.0,2.0,260,0,16.35,22.62,0,0,38.94
2024-05-17,SKU_5,WH_2,SUP_8,West,27.0,535.0,2.0,260,0,16.35,22.62,0,0,27.17
2024-05-18,SKU_5,WH_2,SUP_8,East,23.0,512.0,2.0,260,0,16.35,22.62,0,0,27.23
2024-05-19,SKU_5,WH_2,SUP_8,East,33.0,479.0,2.0,260,0,16.35,22.62,0,0,28.57
2024-05-20,SKU_5,WH_2,SUP_8,North,33.0,446.0,2.0,260,0,16.35,22.62,1,0,36.97
2024-05-21,SKU_5,WH_2,SUP_8,South,21.0,425.0,2.0,260,0,16.35,22.62,0,0,19.19
2024-05-22,SKU_5,WH_2,SUP_8,South,34.0,391.0,2.0,260,0,16.35,22.62,0,0,27.95
2024-05-23,SKU_5,WH_2,SUP_8,South,18.0,373.0,2.0,260,0,16.35,22.62,0,0,21.64
2024-05-24,SKU_5,WH_2,SUP_8,East,31.0,342.0,2.0,260,0,16.35,22.62,0,0,24.91
2024-05-25,SKU_5,WH_2,SUP_8,South,31.0,311.0,2.0,260,0,16.35,22.62,0,0,34.08
2024-05-26,SKU_5,WH_2,SUP_8,East,26.0,285.0,2.0,260,0,16.35,22.62,0,0,24.45
2024-05-27,SKU_5,WH_2,SUP_8,East,23.0,262.0,2.0,260,0,16.35,22.62,0,0,21.89
2024-05-28,SKU_5,WH_2,SUP_8,West,36.0,226.0,2.0,260,0,16.35,22.62,1,0,
2024-05-29,SKU_5,WH_2,SUP_8,North,20.0,451.0,2.0,260,245,16.35,22.62,0,0,15.89
2024-05-30,SKU_5,WH_2,SUP_8,East,33.0,418.0,2.0,260,0,16.35,22.62,1,0,27.13
2024-05-31,SKU_5,WH_2,SUP_8,East,20.0,398.0,2.0,260,0,16.35,22.62,0,0,25.18
2024-06-01,SKU_5,WH_2,SUP_8,South,,369.0,,260,0,16.35,22.62,1,0,32.22
2024-06-02,SKU_5,WH_2,SUP_8,East,34.0,335.0,2.0,260,0,16.35,22.62,0,0,34.37
2024-06-03,SKU_5,WH_2,SUP_8,,27.0,308.0,2.0,260,0,16.35,22.62,0,0,28.69
2024-06-04,SKU_5,WH_2,SUP_8,South,23.0,285.0,2.0,260,0,16.35,22.62,0,0,18.84
2024-06-05,SKU_5,WH_2,SUP_8,East,19.0,266.0,,260,0,16.35,22.62,0,0,17.87
2024-06-06,SKU_5,WH_2,SUP_8,,23.0,243.0,2.0,260,0,16.35,22.62,0,0,22.13
2024-06-07,SKU_5,WH_2,SUP_8,East,24.0,611.0,2.0,260,392,16.35,22.62,0,0,23.25
2024-06-08,SKU_5,WH_2,SUP_8,North,29.0,582.0,2.0,260,0,16.35,22.62,0,0,
2024-06-09,SKU_5,WH_2,SUP_8,South,20.0,562.0,2.0,260,0,16.35,22.62,0,0,23.39
2024-06-10,SKU_5,WH_2,SUP_8,East,30.0,532.0,,260,0,16.35,22.62,0,0,31.92
2024-06-11,SKU_5,WH_2,SUP_8,West,28.0,504.0,2.0,260,0,16.35,22.62,0,0,29.73
2024-06-12,SKU_5,WH_2,SUP_8,South,35.0,469.0,2.0,260,0,16.35,22.62,1,0,39.2
2024-06-13,SKU_5,WH_2,SUP_8,South,20.0,449.0,2.0,260,0,16.35,22.62,0,0,23.81
2024-06-14,SKU_5,WH_2,SUP_8,West,20.0,429.0,2.0,260,0,16.35,22.62,0,0,20.09
2024-06-15,SKU_5,WH_2,SUP_8,North,26.0,403.0,2.0,260,0,16.35,22.62,0,0,24.74
2024-06-16,SKU_5,WH_2,SUP_8,West,21.0,,2.0,260,0,16.35,22.62,0,0,20.72
2024-06-17,SKU_5,WH_2,SUP_8,South,21.0,361.0,2.0,260,0,16.35,22.62,0,0,13.33
2024-06-18,SKU_5,WH_2,SUP_8,North,21.0,340.0,2.0,260,0,16.35,22.62,0,0,N/A
2024-06-19,SKU_5,WH_2,SUP_8,West,21.0,319.0,2.0,260,0,16.35,22.62,0,0,16.7
2024-06-20,SKU_5,WH_2,SUP_8,South,16.0,303.0,2.0,260,0,16.35,22.62,0,0,8.51
2024-06-21,SKU_5,WH_2,SUP_8,South,22.0,281.0,2.0,260,0,16.35,22.62,0,0,28.69
2024-06-22,SKU_5,WH_2,SUP_8,South,20.0,261.0,2.0,260,0,16.35,22.62,0,0,17.73
2024-06-23,SKU_5,WH_2,SUP_8,East,18.0,243.0,,260,0,16.35,22.62,1,0,25.44
2024-06-24,SKU_5,WH_2,SUP_8,South,35.0,655.0,2.0,260,447,16.35,22.62,1,0,31.86
2024-06-25,SKU_5,WH_2,SUP_8,South,24.0,631.0,2.0,260,0,16.35,22.62,0,0,N/A
2024-06-26,SKU_5,WH_2,SUP_8,East,29.0,602.0,2.0,260,0,16.35,22.62,0,0,27.21
2024-06-27,SKU_5,WH_2,SUP_8,West,23.0,579.0,2.0,260,0,16.35,22.62,0,0,22.92
2024-06-28,SKU_5,WH_2,SUP_8,South,20.0,559.0,2.0,260,0,16.35,22.62,0,0,22.86
2024-06-29,SKU_5,WH_2,SUP_8,North,10.0,549.0,2.0,260,0,16.35,22.62,0,0,14.66
2024-06-30,SKU_5,WH_2,SUP_8,East,23.0,526.0,2.0,260,0,16.35,22.62,0,0,26.17
2024-07-01,SKU_5,WH_2,SUP_8,East,25.0,501.0,2.0,260,0,16.35,22.62,0,0,23.4
2024-07-02,SKU_5,WH_2,SUP_8,North,19.0,482.0,2.0,260,0,16.35,22.62,0,0,11.85
2024-07-03,SKU_5,WH_2,SUP_8,East,24.0,458.0,2.0,260,0,16.35,22.62,0,0,23.11
2024-07-04,SKU_5,WH_2,SUP_8,East,,437.0,2.0,260,0,16.35,22.62,0,0,18.69
2024-07-05,SKU_5,WH_2,SUP_8,South,14.0,423.0,2.0,260,0,16.35,22.62,0,0,15.35
2024-07-06,SKU_5,WH_2,SUP_8,North,13.0,410.0,2.0,260,0,16.35,22.62,0,0,15.64
2024-07-07,SKU_5,WH_2,SUP_8,West,10.0,400.0,2.0,260,0,16.35,22.62,0,0,13.88
2024-07-08,SKU_5,WH_2,SUP_8,East,15.0,385.0,2.0,260,0,16.35,22.62,0,0,10.98
2024-07-09,SKU_5,WH_2,SUP_8,North,17.0,368.0,2.0,260,0,16.35,22.62,0,0,19.29
2024-07-10,SKU_5,WH_2,SUP_8,South,29.0,339.0,2.0,260,0,16.35,22.62,1,0,28.63
2024-07-11,SKU_5,WH_2,SUP_8,West,29.0,310.0,2.0,260,0,16.35,22.62,0,0,25.39
2024-07-12,SKU_5,WH_2,SUP_8,South,22.0,288.0,2.0,260,0,16.35,22.62,0,0,22.98
2024-07-13,SKU_5,WH_2,SUP_8,,18.0,270.0,2.0,260,0,16.35,22.62,0,0,25.47
2024-07-14,SKU_5,WH_2,SUP_8,South,11.0,259.0,2.0,260,0,16.35,22.62,0,0,12.99
2024-07-15,SKU_5,WH_2,SUP_8,South,24.0,438.0,2.0,260,203,16.35,22.62,0,0,20.67
2024-07-16,SKU_5,WH_2,SUP_8,,16.0,422.0,2.0,260,0,16.35,22.62,0,0,15.57
2024-07-17,SKU_5,WH_2,SUP_8,North,16.0,406.0,2.0,260,0,16.35,22.62,0,0,18.28
2024-07-18,SKU_5,WH_2,SUP_8,West,19.0,387.0,2.0,260,0,16.35,22.62,0,0,16.09
2024-07-19,SKU_5,WH_2,SUP_8,East,7.0,380.0,2.0,260,0,16.35,22.62,0,0,6.25
2024-07-20,SKU_5,WH_2,SUP_8,North,24.0,356.0,2.0,260,0,16.35,22.62,0,0,28.53
2024-07-21,SKU_5,WH_2,SUP_8,West,17.0,339.0,2.0,260,0,16.35,22.62,0,0,17.93
2024-07-22,SKU_5,WH_2,SUP_8,North,22.0,317.0,2.0,260,0,16.35,22.62,0,0,17.82
2024-07-23,SKU_5,WH_2,SUP_8,North,22.0,295.0,2.0,260,0,16.35,22.62,0,0,23.33
2024-07-24,SKU_5,WH_2,SUP_8,South,missing,278.0,2.0,260,0,16.35,22.62,0,0,15.88
2024-07-25,SKU_5,WH_2,SUP_8,North,20.0,,2.0,260,0,16.35,22.62,1,0,17.95
2024-07-26,SKU_5,WH_2,SUP_8,North,18.0,498.0,,260,258,16.35,22.62,0,0,24.02
2024-07-27,SKU_5,WH_2,SUP_8,South,12.0,486.0,2.0,260,0,16.35,22.62,0,0,8.99
2024-07-28,SKU_5,WH_2,SUP_8,East,15.0,471.0,2.0,260,0,16.35,22.62,0,0,12.97
2024-07-29,SKU_5,WH_2,SUP_8,East,14.0,457.0,2.0,260,0,16.35,22.62,0,0,19.43
2024-07-30,SKU_5,WH_2,SUP_8,South,11.0,446.0,2.0,260,0,16.35,22.62,0,0,18.35
2024-07-31,SKU_5,WH_2,SUP_8,,15.0,,2.0,260,0,16.35,22.62,0,0,
2024-08-01,SKU_5,WH_2,SUP_8,North,22.0,409.0,2.0,260,0,16.35,22.62,0,0,19.64
2024-08-02,SKU_5,WH_2,SUP_8,East,20.0,389.0,2.0,260,0,16.35,22.62,0,0,23.34
2024-08-03,SKU_5,WH_2,SUP_8,East,24.0,365.0,2.0,260,0,16.35,22.62,0,0,26.24
2024-08-04,SKU_5,WH_2,SUP_8,West,19.0,346.0,2.0,260,0,16.35,22.62,0,0,17.85
2024-08-05,SKU_5,WH_2,SUP_8,,14.0,332.0,2.0,260,0,16.35,22.62,0,0,14.15
2024-08-06,SKU_5,WH_2,SUP_8,North,12.0,320.0,2.0,260,0,16.35,22.62,0,0,2.79
2024-08-07,SKU_5,WH_2,SUP_8,East,30.0,290.0,2.0,260,0,16.35,22.62,0,0,26.72
2024-08-08,SKU_5,WH_2,SUP_8,West,20.0,270.0,2.0,260,0,16.35,22.62,0,0,15.54
2024-08-09,SKU_5,WH_2,SUP_8,West,11.0,259.0,2.0,260,0,16.35,22.62,0,0,9.57
2024-08-10,SKU_5,WH_2,SUP_8,West,14.0,574.0,2.0,260,329,16.35,22.62,0,0,17.26
2024-08-11,SKU_5,WH_2,SUP_8,East,17.0,557.0,2.0,260,0,16.35,22.62,0,0,19.8
2024-08-12,SKU_5,WH_2,SUP_8,South,8.0,549.0,2.0,260,0,16.35,22.62,0,0,10.94
2024-08-13,SKU_5,WH_2,SUP_8,West,13.0,536.0,2.0,260,0,16.35,22.62,0,0,10.33
2024-08-14,SKU_5,WH_2,SUP_8,East,8.0,528.0,2.0,260,0,16.35,22.62,0,0,11.52
2024-08-15,SKU_5,WH_2,SUP_8,West,16.0,512.0,2.0,260,0,16.35,22.62,1,0,N/A
2024-08-16,SKU_5,WH_2,SUP_8,East,20.0,492.0,2.0,260,0,16.35,22.62,0,0,21.72
2024-08-17,SKU_5,WH_2,SUP_8,West,39.0,4401.0,2.0,260,0,16.35,22.62,0,0,33.1343564711089
2024-08-18,SKU_5,WH_2,SUP_8,West,11.0,478.0,2.0,260,0,16.35,22.62,0,0,10.1
2024-08-19,SKU_5,WH_2,SUP_8,West,6.0,472.0,2.0,260,0,16.35,22.62,0,0,10.97
2024-08-20,SKU_5,WH_2,SUP_8,West,13.0,459.0,2.0,260,0,16.35,22.62,0,0,15.59
2024-08-21,SKU_5,WH_2,SUP_8,South,12.0,447.0,2.0,260,0,16.35,22.62,0,0,9.76
2024-08-22,SKU_5,WH_2,SUP_8,West,12.0,435.0,2.0,260,0,16.35,22.62,0,0,7.16
2024-08-23,SKU_5,WH_2,SUP_8,North,13.0,422.0,2.0,260,0,16.35,22.62,0,0,15.71
2024-08-24,SKU_5,WH_2,SUP_8,West,21.0,401.0,,260,0,16.35,22.62,0,0,
2024-08-25,SKU_5,WH_2,SUP_8,??UNKNOWN??,14.0,387.0,2.0,260,0,16.35,22.62,0,0,16.21
2024-08-26,SKU_5,WH_2,SUP_8,East,9.0,378.0,2.0,260,0,16.35,22.62,0,0,14.74
2024-08-27,SKU_5,WH_2,SUP_8,South,13.0,365.0,,260,0,16.35,22.62,0,0,15.49
2024-08-28,SKU_5,WH_2,SUP_8,North,10.0,355.0,2.0,260,0,16.35,22.62,0,0,5.49
2024-08-29,SKU_5,WH_2,SUP_8,North,9.0,346.0,,260,0,16.35,22.62,0,0,11.95
2024-08-30,SKU_5,WH_2,SUP_8,North,24.0,322.0,2.0,260,0,16.35,22.62,1,0,26.57
2024-08-31,SKU_5,WH_2,SUP_8,South,5.0,317.0,2.0,260,0,16.35,22.62,0,0,7.51
2024-09-01,SKU_5,WH_2,SUP_8,South,,305.0,2.0,260,0,16.35,22.62,0,0,8.91
2024-09-02,SKU_5,WH_2,SUP_8,North,8.0,297.0,2.0,260,0,16.35,22.62,0,0,4.23
2024-09-03,SKU_5,WH_2,SUP_8,East,15.0,282.0,2.0,260,0,16.35,22.62,0,0,15.99
2024-09-04,SKU_5,WH_2,SUP_8,West,5.0,277.0,2.0,260,0,16.35,22.62,0,0,1.63
2024-09-05,SKU_5,WH_2,SUP_8,West,19.0,,2.0,260,0,16.35,22.62,0,0,22.89
2024-09-06,SKU_5,WH_2,SUP_8,East,10.0,518.0,2.0,260,270,16.35,22.62,0,0,10.57
2024-09-07,SKU_5,WH_2,SUP_8,South,11.0,507.0,2.0,260,0,16.35,22.62,0,0,8.96
2024-09-08,SKU_5,WH_2,SUP_8,South,16.0,491.0,2.0,260,0,16.35,22.62,0,0,14.96
2024-09-09,SKU_5,WH_2,SUP_8,East,8.0,483.0,2.0,260,0,16.35,22.62,0,0,4.96
2024-09-10,SKU_5,WH_2,SUP_8,South,65.0,3290.0,2.0,260,0,16.35,22.62,0,0,66.42127359107614
2024-09-11,SKU_5,WH_2,SUP_8,South,28.0,2796.0,2.0,260,0,16.35,22.62,0,0,29.1147298158834
2024-09-12,SKU_5,WH_2,SUP_8,East,13.0,,2.0,260,0,16.35,22.62,0,0,14.27
2024-09-13,SKU_5,WH_2,SUP_8,South,,452.0,2.0,260,0,16.35,22.62,1,0,4.42
2024-09-14,SKU_5,WH_2,SUP_8,East,13.0,439.0,2.0,260,0,16.35,22.62,0,0,15.95
2024-09-15,SKU_5,WH_2,SUP_8,East,18.0,,2.0,260,0,16.35,22.62,0,0,16.53
2024-09-16,SKU_5,WH_2,SUP_8,West,5.0,416.0,2.0,260,0,16.35,22.62,0,0,7.42
2024-09-17,SKU_5,WH_2,SUP_8,South,5.0,411.0,,260,0,16.35,22.62,0,0,3.61
2024-09-18,SKU_5,WH_2,SUP_8,East,9.0,402.0,2.0,260,0,16.35,22.62,0,0,9.02
2024-09-19,SKU_5,WH_2,SUP_8,North,14.0,388.0,2.0,260,0,16.35,22.62,0,0,14.57
2024-09-20,SKU_5,WH_2,SUP_8,East,,376.0,2.0,260,0,16.35,22.62,0,0,21.65
2024-09-21,SKU_5,WH_2,SUP_8,??UNKNOWN??,7.0,369.0,2.0,260,0,16.35,22.62,0,0,9.41
2024-09-22,SKU_5,WH_2,SUP_8,West,7.0,362.0,2.0,260,0,16.35,22.62,0,0,6.48
2024-09-23,SKU_5,WH_2,SUP_8,East,16.0,346.0,2.0,260,0,16.35,22.62,0,0,15.51
2024-09-24,SKU_5,WH_2,SUP_8,West,8.0,338.0,2.0,260,0,16.35,22.62,0,0,8.51
2024-09-25,SKU_5,WH_2,SUP_8,West,3.0,335.0,2.0,260,0,16.35,22.62,0,0,4.6
2024-09-26,SKU_5,WH_2,SUP_8,East,6.0,329.0,,260,0,16.35,22.62,0,0,1.04
2024-09-27,SKU_5,WH_2,SUP_8,East,9.0,320.0,2.0,260,0,16.35,22.62,0,0,6.9
2024-09-28,SKU_5,WH_2,SUP_8,East,15.0,305.0,2.0,260,0,16.35,22.62,0,0,16.78
2024-09-29,SKU_5,WH_2,SUP_8,West,missing,297.0,2.0,260,0,16.35,22.62,0,0,10.99
2024-09-30,SKU_5,WH_2,SUP_8,??UNKNOWN??,6.0,291.0,2.0,260,0,16.35,22.62,0,0,8.42
2024-10-01,SKU_5,WH_2,SUP_8,West,9.0,282.0,2.0,260,0,16.35,22.62,0,0,7.38
2024-10-02,SKU_5,WH_2,SUP_8,North,6.0,276.0,2.0,260,0,16.35,22.62,0,0,6.73
2024-10-03,SKU_5,WH_2,SUP_8,South,12.0,264.0,2.0,260,0,16.35,22.62,0,0,11.2
2024-10-04,SKU_5,WH_2,SUP_8,East,11.0,253.0,2.0,260,0,16.35,22.62,0,0,12.48
2024-10-05,SKU_5,WH_2,SUP_8,West,6.0,449.0,2.0,260,202,16.35,22.62,0,0,5.64
2024-10-06,SKU_5,WH_2,SUP_8,North,32.0,417.0,2.0,260,0,16.35,22.62,1,0,35.29
2024-10-07,SKU_5,WH_2,SUP_8,North,12.0,405.0,2.0,260,0,16.35,22.62,0,0,10.65
2024-10-08,SKU_5,WH_2,SUP_8,South,0.0,405.0,2.0,260,0,16.35,22.62,1,0,0.0
2024-10-09,SKU_5,WH_2,SUP_8,North,8.0,397.0,2.0,260,0,16.35,22.62,0,0,6.33
2024-10-10,SKU_5,WH_2,SUP_8,South,6.0,391.0,2.0,260,0,16.35,22.62,0,0,5.49
2024-10-11,SKU_5,WH_2,SUP_8,North,7.0,384.0,2.0,260,0,16.35,22.62,0,0,10.95
2024-10-12,SKU_5,WH_2,SUP_8,North,16.0,368.0,2.0,260,0,16.35,22.62,0,0,16.2
2024-10-13,SKU_5,WH_2,SUP_8,West,17.0,351.0,2.0,260,0,16.35,22.62,0,0,18.35
2024-10-14,SKU_5,WH_2,SUP_8,West,12.0,339.0,2.0,260,0,16.35,22.62,0,0,5.14
2024-10-15,SKU_5,WH_2,SUP_8,North,6.0,333.0,2.0,260,0,16.35,22.62,1,0,6.02
2024-10-16,SKU_5,WH_2,SUP_8,East,24.0,309.0,2.0,260,0,16.35,22.62,0,0,21.18
2024-10-17,SKU_5,WH_2,SUP_8,East,17.0,292.0,2.0,260,0,16.35,22.62,0,0,16.82
2024-10-18,SKU_5,WH_2,SUP_8,West,,282.0,2.0,260,0,16.35,22.62,1,0,8.63
2024-10-19,SKU_5,WH_2,SUP_8,,6.0,276.0,2.0,260,0,16.35,22.62,0,0,10.35
2024-10-20,SKU_5,WH_2,SUP_8,North,23.0,253.0,2.0,260,0,16.35,22.62,0,0,28.21
2024-10-21,SKU_5,WH_2,SUP_8,East,12.0,460.0,2.0,260,219,16.35,22.62,0,0,10.86
2024-10-22,SKU_5,WH_2,SUP_8,South,8.0,452.0,2.0,260,0,16.35,22.62,0,0,5.33
2024-10-23,SKU_5,WH_2,SUP_8,West,12.0,440.0,2.0,260,0,16.35,22.62,0,0,11.6
2024-10-24,SKU_5,WH_2,SUP_8,North,17.0,423.0,2.0,260,0,16.35,22.62,0,0,9.53
2024-10-25,SKU_5,WH_2,SUP_8,West,154.0,1636.0,2.0,260,0,16.35,22.62,0,0,49.693396013219854
2024-10-26,SKU_5,WH_2,SUP_8,West,13.0,396.0,2.0,260,0,16.35,22.62,0,0,8.79
2024-10-27,SKU_5,WH_2,SUP_8,North,14.0,382.0,2.0,260,0,16.35,22.62,0,0,14.85
2024-10-28,SKU_5,WH_2,SUP_8,South,13.0,369.0,2.0,260,0,16.35,22.62,0,0,16.49
2024-10-29,SKU_5,WH_2,SUP_8,,13.0,,2.0,260,0,16.35,22.62,0,0,10.26
2024-10-30,SKU_5,WH_2,SUP_8,East,14.0,342.0,2.0,260,0,16.35,22.62,0,0,14.43
2024-10-31,SKU_5,WH_2,SUP_8,North,8.0,334.0,2.0,260,0,16.35,22.62,0,0,13.01
2024-11-01,SKU_5,WH_2,SUP_8,North,2.0,,2.0,260,0,16.35,22.62,1,0,2.44
2024-11-02,SKU_5,WH_2,SUP_8,North,17.0,315.0,2.0,260,0,16.35,22.62,0,0,21.1
2024-11-03,SKU_5,WH_2,SUP_8,West,,312.0,2.0,260,0,16.35,22.62,0,0,
2024-11-04,SKU_5,WH_2,SUP_8,East,,308.0,,260,0,16.35,22.62,0,0,5.23
2024-11-05,SKU_5,WH_2,SUP_8,South,23.0,285.0,2.0,260,0,16.35,22.62,1,0,26.94
2024-11-06,SKU_5,WH_2,SUP_8,East,9.0,276.0,2.0,260,0,16.35,22.62,0,0,10.57
2024-11-07,SKU_5,WH_2,SUP_8,East,15.0,261.0,2.0,260,0,16.35,22.62,0,0,16.03
2024-11-08,SKU_5,WH_2,SUP_8,,18.0,243.0,2.0,260,0,16.35,22.62,0,0,
2024-11-09,SKU_5,WH_2,SUP_8,North,12.0,594.0,2.0,260,363,16.35,22.62,0,0,13.66
2024-11-10,SKU_5,WH_2,SUP_8,North,9.0,585.0,2.0,260,0,16.35,22.62,0,0,7.89
2024-11-11,SKU_5,WH_2,SUP_8,West,19.0,566.0,2.0,260,0,16.35,22.62,0,0,15.8
2024-11-12,SKU_5,WH_2,SUP_8,North,11.0,555.0,2.0,260,0,16.35,22.62,0,0,9.41
2024-11-13,SKU_5,WH_2,SUP_8,East,,545.0,2.0,260,0,16.35,22.62,0,0,6.16
2024-11-14,SKU_5,WH_2,SUP_8,North,11.0,534.0,2.0,260,0,16.35,22.62,0,0,18.16
2024-11-15,SKU_5,WH_2,SUP_8,South,9.0,525.0,2.0,260,0,16.35,22.62,0,0,8.51
2024-11-16,SKU_5,WH_2,SUP_8,South,11.0,514.0,2.0,260,0,16.35,22.62,0,0,13.95
2024-11-17,SKU_5,WH_2,SUP_8,East,14.0,500.0,2.0,260,0,16.35,22.62,0,0,12.23
2024-11-18,SKU_5,WH_2,SUP_8,South,8.0,492.0,2.0,260,0,16.35,22.62,0,0,11.05
2024-11-19,SKU_5,WH_2,SUP_8,West,11.0,481.0,2.0,260,0,16.35,22.62,0,0,9.55
2024-11-20,SKU_5,WH_2,SUP_8,South,17.0,464.0,2.0,260,0,16.35,22.62,0,0,18.76
2024-11-21,SKU_5,WH_2,SUP_8,West,6.0,458.0,2.0,260,0,16.35,22.62,0,0,2.41
2024-11-22,SKU_5,WH_2,SUP_8,South,7.0,451.0,2.0,260,0,16.35,22.62,0,0,7.07
2024-11-23,SKU_5,WH_2,SUP_8,East,8.0,,2.0,260,0,16.35,22.62,0,0,10.41
2024-11-24,SKU_5,WH_2,SUP_8,,5.0,438.0,2.0,260,0,16.35,22.62,1,0,5.06
2024-11-25,SKU_5,WH_2,SUP_8,West,15.0,423.0,2.0,260,0,16.35,22.62,0,0,15.68
2024-11-26,SKU_5,WH_2,SUP_8,East,13.0,410.0,2.0,260,0,16.35,22.62,0,0,8.01
2024-11-27,SKU_5,WH_2,SUP_8,West,9.0,401.0,2.0,260,0,16.35,22.62,0,0,10.88
2024-11-28,SKU_5,WH_2,SUP_8,East,10.0,391.0,2.0,260,0,16.35,22.62,0,0,15.64
2024-11-29,SKU_5,WH_2,SUP_8,West,15.0,376.0,2.0,260,0,16.35,22.62,0,0,15.75
2024-11-30,SKU_5,WH_2,SUP_8,South,20.0,356.0,2.0,260,0,16.35,22.62,0,0,20.04
2024-05-19,SKU_2,WH_1,SUP_7,North,32.0,270.0,13.0,228,0,19.76,35.1,0,0,30.97
2024-07-21,SKU_1,WH_5,SUP_5,West,11.0,458.0,4.0,366,0,19.41,23.81,0,0,13.6
2024-03-02,SKU_1,WH_1,SUP_8,South,,483.0,14.0,379,0,13.95,20.48,0,0,22.75
2024-12-12,SKU_4,WH_4,SUP_1,South,12.0,329.0,12.0,233,0,10.59,17.18,0,0,11.1
2024-01-04,SKU_4,WH_5,SUP_5,North,14.0,896.0,8.0,363,0,14.67,24.22,0,0,14.02
2024-01-28,SKU_4,WH_2,SUP_9,North,21.0,734.0,13.0,317,457,19.25,31.31,0,0,
2024-02-12,SKU_3,WH_3,SUP_8,West,25.0,321.0,9.0,249,0,6.21,9.91,0,0,27.75
2024-10-29,SKU_3,WH_2,SUP_6,North,11.0,474.0,13.0,270,0,13.3,23.47,0,0,7.56
2024-09-22,SKU_1,WH_3,SUP_9,North,2.0,471.0,6.0,314,0,6.06,8.41,0,0,7.08
2024-09-03,SKU_1,WH_1,SUP_8,East,9.0,593.0,,379,225,13.95,20.48,0,0,9.37
2024-11-08,SKU_2,WH_3,SUP_9,East,20.0,357.0,10.0,319,0,5.02,7.82,0,0,25.48
2024-01-19,SKU_5,WH_1,SUP_7,South,28.0,445.0,4.0,338,0,8.69,11.62,0,0,27.03
2024-09-09,SKU_2,WH_1,SUP_7,East,13.0,283.0,13.0,228,0,19.76,35.1,1,0,13.43
2024-10-02,SKU_2,WH_5,SUP_2,East,12.0,263.0,14.0,267,0,15.0,26.38,0,0,8.29
2024-07-20,SKU_3,WH_3,SUP_8,West,7.0,412.0,9.0,249,0,6.21,9.91,0,0,1.9
2024-10-29,SKU_5,WH_1,SUP_7,West,,463.0,4.0,338,0,8.69,11.62,0,0,17.61
2024-12-18,SKU_3,WH_5,SUP_3,East,23.0,242.0,,253,0,16.03,21.85,0,0,25.55
2024-01-31,SKU_1,WH_5,SUP_5,West,24.0,,4.0,366,0,19.41,23.81,0,0,20.01
2024-03-20,SKU_4,WH_2,SUP_9,South,28.0,359.0,,317,0,19.25,31.31,0,0,24.52
2024-10-19,SKU_4,WH_1,SUP_10,West,14.0,748.0,11.0,298,0,12.74,15.44,0,0,13.63
2024-01-24,SKU_3,WH_5,SUP_3,,26.0,481.0,7.0,253,0,16.03,21.85,0,0,26.18
2024-08-25,SKU_2,WH_2,SUP_10,North,3.0,595.0,8.0,377,0,16.77,22.06,0,0,1.5
2024-09-06,SKU_1,WH_2,SUP_5,South,14.0,715.0,8.0,322,407,11.46,19.92,0,0,14.58
2024-03-02,SKU_4,WH_1,SUP_10,West,30.0,618.0,11.0,298,0,12.74,15.44,0,0,31.61
2024-05-08,SKU_1,WH_1,SUP_8,North,24.0,399.0,14.0,379,0,13.95,20.48,0,0,28.07
2024-08-02,SKU_2,WH_4,SUP_5,South,8.0,358.0,,290,0,7.06,10.96,0,0,
2024-09-18,SKU_2,WH_1,SUP_7,South,17.0,524.0,13.0,228,0,19.76,35.1,0,0,11.49
2024-10-06,SKU_1,WH_4,SUP_2,South,10.0,564.0,9.0,333,0,6.93,10.7,0,0,8.22
2024-09-24,SKU_4,WH_5,SUP_5,East,17.0,393.0,8.0,363,0,14.67,24.22,0,0,18.36
2024-06-01,SKU_5,WH_1,SUP_7,North,28.0,374.0,4.0,338,0,8.69,11.62,0,0,33.03
not_a_date,SKU_5,WH_2,SUP_8,West,19.0,387.0,2.0,260,0,16.35,22.62,0,0,16.09
2024-07-05,SKU_1,WH_5,SUP_5,South,28.0,747.0,4.0,366,417,19.41,23.81,0,0,23.69
2024-01-18,SKU_4,WH_5,SUP_5,West,22.0,592.0,8.0,363,0,14.67,24.22,0,0,20.24
2024-09-06,SKU_2,WH_4,SUP_5,North,15.0,405.0,6.0,290,0,7.06,10.96,1,0,11.15
2024-07-21,SKU_2,WH_5,SUP_2,,18.0,363.0,14.0,267,0,15.0,26.38,0,0,16.73
2024-08-01,SKU_3,WH_3,SUP_8,South,19.0,489.0,9.0,249,0,6.21,9.91,0,0,22.53
2024-09-10,SKU_4,WH_5,SUP_5,East,12.0,519.0,8.0,363,0,14.67,24.22,0,0,14.2
2024-10-21,SKU_3,WH_3,SUP_8,East,12.0,484.0,9.0,249,0,6.21,9.91,0,0,17.34
2024-12-15,SKU_4,WH_5,SUP_5,East,20.0,482.0,8.0,363,0,14.67,24.22,1,0,19.6
2024-10-03,SKU_4,WH_3,SUP_6,East,9.0,419.0,7.0,279,0,11.33,16.47,0,0,4.98
2024-05-01,SKU_4,WH_5,SUP_5,North,25.0,466.0,8.0,363,0,14.67,24.22,0,0,28.28
2024-12-04,SKU_4,WH_4,SUP_1,South,12.0,460.0,12.0,233,0,10.59,17.18,0,0,7.21
2024-02-09,SKU_1,WH_1,SUP_8,South,28.0,508.0,14.0,379,0,13.95,20.48,0,0,27.93
2024-09-26,SKU_4,WH_4,SUP_1,West,8.0,465.0,12.0,233,0,10.59,17.18,0,0,1.35
2024-09-05,SKU_2,WH_2,SUP_10,South,14.0,458.0,8.0,377,0,16.77,22.06,0,0,15.43
2024-04-04,SKU_3,WH_4,SUP_4,East,31.0,341.0,10.0,355,0,13.16,22.11,0,0,31.35
2024-03-21,SKU_1,WH_3,SUP_9,East,33.0,314.0,6.0,314,0,6.06,8.41,0,0,35.37
2024-10-19,SKU_1,WH_4,SUP_2,East,9.0,433.0,9.0,333,0,6.93,10.7,1,0,7.08
2024-03-26,SKU_4,WH_2,SUP_9,North,22.0,393.0,13.0,317,0,19.25,31.31,0,0,22.47
2024-01-05,SKU_2,WH_4,SUP_5,East,23.0,460.0,6.0,290,0,7.06,10.96,0,0,26.19
2024-11-16,SKU_4,WH_5,SUP_5,South,15.0,642.0,8.0,363,305,14.67,24.22,0,0,17.26
2024-03-10,SKU_5,WH_2,SUP_8,East,25.0,446.0,2.0,260,0,16.35,22.62,0,0,26.71
2024-04-04,SKU_2,WH_4,SUP_5,South,29.0,411.0,6.0,290,0,7.06,10.96,0,0,26.53
2024-04-13,SKU_4,WH_4,SUP_1,South,37.0,363.0,12.0,233,0,10.59,17.18,0,0,38.0
2024-09-29,SKU_4,WH_4,SUP_1,South,13.0,432.0,12.0,233,0,10.59,17.18,0,0,11.84
2024-07-01,SKU_4,WH_1,SUP_10,East,28.0,429.0,11.0,298,0,12.74,15.44,0,0,27.1
2024-02-25,SKU_2,WH_4,SUP_5,North,27.0,637.0,6.0,290,0,7.06,10.96,0,0,30.61
2024-02-27,SKU_2,WH_5,SUP_2,East,34.0,604.0,14.0,267,0,15.0,26.38,0,0,36.25
2024-06-06,SKU_2,WH_4,SUP_5,North,,368.0,6.0,290,0,7.06,10.96,0,0,16.18
2024-02-28,SKU_5,WH_1,SUP_7,North,17.0,654.0,4.0,338,0,8.69,11.62,0,0,12.95
2024-12-02,SKU_4,WH_2,SUP_9,East,22.0,299.0,13.0,317,0,19.25,31.31,0,0,21.16
2024-09-20,SKU_3,WH_5,SUP_3,North,17.0,444.0,7.0,253,0,16.03,21.85,0,0,17.42
2024-04-14,SKU_3,WH_3,SUP_8,West,25.0,228.0,9.0,249,0,6.21,9.91,0,0,21.72
2024-09-14,SKU_4,WH_4,SUP_1,South,11.0,605.0,12.0,233,0,10.59,17.18,0,0,10.66
2024-05-13,SKU_4,WH_1,SUP_10,South,28.0,526.0,11.0,298,0,12.74,15.44,0,0,
2024-06-17,SKU_5,WH_1,SUP_7,North,31.0,345.0,,338,0,8.69,11.62,0,0,30.88
2024-11-09,SKU_4,WH_4,SUP_1,West,7.0,330.0,12.0,233,0,10.59,17.18,0,0,7.22
2024-07-09,SKU_1,WH_4,SUP_2,South,13.0,572.0,9.0,333,0,6.93,10.7,0,0,11.19
2024-11-21,SKU_3,WH_2,SUP_6,West,25.0,553.0,13.0,270,0,13.3,23.47,0,0,23.49
2024-01-30,SKU_4,WH_5,SUP_5,East,28.0,590.0,8.0,363,0,14.67,24.22,1,0,27.46
2024-06-05,SKU_3,WH_3,SUP_8,North,31.0,221.0,9.0,249,0,6.21,9.91,0,0,29.54
2024-11-14,SKU_2,WH_4,SUP_5,West,16.0,450.0,6.0,290,0,7.06,10.96,0,0,17.04
2024-03-28,SKU_5,WH_2,SUP_8,South,38.0,328.0,2.0,260,0,16.35,22.62,0,0,38.99
2024-10-14,SKU_1,WH_3,SUP_9,East,8.0,653.0,6.0,314,0,6.06,8.41,0,0,
2024-09-30,SKU_3,WH_2,SUP_6,South,56.0,1655.0,,270,0,13.3,23.47,0,0,0.0
2024-02-04,SKU_3,WH_5,SUP_3,West,28.0,409.0,7.0,253,201,16.03,21.85,0,0,32.28
2024-08-12,SKU_3,WH_2,SUP_6,East,13.0,406.0,13.0,270,0,13.3,23.47,0,0,13.69
2024-12-04,SKU_2,WH_5,SUP_2,South,15.0,619.0,14.0,267,0,15.0,26.38,0,0,15.78
2024-10-16,SKU_1,WH_3,SUP_9,North,9.0,640.0,6.0,314,0,6.06,8.41,0,0,3.15
2024-03-21,SKU_2,WH_1,SUP_7,North,32.0,,13.0,228,0,19.76,35.1,0,0,31.34
2024-12-20,SKU_4,WH_4,SUP_1,East,17.0,600.0,12.0,233,0,10.59,17.18,0,0,13.32
2024-02-27,SKU_3,WH_2,SUP_6,South,270.0,2765.0,13.0,270,0,13.3,23.47,0,0,257.69090928423583
2024-07-06,SKU_4,WH_3,SUP_6,South,21.0,270.0,7.0,279,0,11.33,16.47,0,0,24.02
2024-08-18,SKU_4,WH_4,SUP_1,South,14.0,241.0,12.0,233,0,10.59,17.18,0,0,17.7
2024-07-17,SKU_4,WH_4,SUP_1,,14.0,312.0,12.0,233,0,10.59,17.18,0,0,11.53
2024-03-03,SKU_2,WH_4,SUP_5,North,18.0,454.0,6.0,290,0,7.06,10.96,0,0,17.45
2024-01-18,SKU_5,WH_1,SUP_7,North,25.0,473.0,4.0,338,0,8.69,11.62,0,0,27.68
2024-04-13,SKU_4,WH_2,SUP_9,East,33.0,616.0,13.0,317,0,19.25,31.31,0,0,
2024-11-25,SKU_5,WH_2,SUP_8,West,15.0,423.0,2.0,260,0,16.35,22.62,0,0,15.68
2024-08-11,SKU_4,WH_3,SUP_6,East,21.0,346.0,7.0,279,0,11.33,16.47,0,0,
2024-10-29,SKU_4,WH_1,SUP_10,North,,653.0,11.0,298,0,12.74,15.44,0,0,12.27
2024-07-28,SKU_1,WH_5,SUP_5,,17.0,786.0,4.0,366,0,19.41,23.81,0,0,17.06
2024-11-29,SKU_3,WH_3,SUP_8,North,,560.0,9.0,249,0,6.21,9.91,0,0,17.38
2024-02-03,SKU_2,WH_3,SUP_9,East,29.0,,10.0,319,0,5.02,7.82,1,0,32.64
2024-04-28,SKU_3,WH_4,SUP_4,North,35.0,447.0,10.0,355,0,13.16,22.11,0,0,36.27
2024-02-25,SKU_3,WH_3,SUP_8,,33.0,456.0,9.0,249,0,6.21,9.91,0,0,34.8
2024-07-16,SKU_3,WH_1,SUP_8,South,17.0,526.0,14.0,240,0,7.72,13.54,0,0,15.37
2024-01-06,SKU_3,WH_3,SUP_8,North,17.0,875.0,9.0,249,0,6.21,9.91,0,0,9.72
2024-09-09,SKU_4,WH_4,SUP_1,South,24.0,247.0,12.0,233,0,10.59,17.18,1,0,24.68
2024-10-07,SKU_1,WH_3,SUP_9,North,17.0,715.0,6.0,314,418,6.06,8.41,0,0,12.23
2024-06-30,SKU_2,WH_3,SUP_9,South,16.0,536.0,10.0,319,0,5.02,7.82,0,0,18.98
2024-06-16,SKU_2,WH_1,SUP_7,,24.0,338.0,13.0,228,0,19.76,35.1,0,0,23.59
2024-01-28,SKU_2,WH_4,SUP_5,South,22.0,,6.0,290,0,7.06,10.96,0,0,22.43
2024-01-20,SKU_4,WH_5,SUP_5,North,28.0,539.0,8.0,363,0,14.67,24.22,0,0,30.1
2024-01-18,SKU_4,WH_3,SUP_6,North,,449.0,7.0,279,0,11.33,16.47,0,0,31.49
2024-03-15,SKU_4,WH_5,SUP_5,East,34.0,501.0,8.0,363,0,14.67,24.22,0,0,35.85
2024-11-24,SKU_3,WH_5,SUP_3,North,20.0,589.0,7.0,253,0,16.03,21.85,0,0,
2024-01-22,SKU_2,WH_1,SUP_7,East,27.0,491.0,13.0,228,0,19.76,35.1,0,0,25.42
2024-11-20,SKU_2,WH_2,SUP_10,East,15.0,615.0,,377,257,16.77,22.06,0,0,18.96
2024-03-23,SKU_3,WH_4,SUP_4,South,,704.0,10.0,355,0,13.16,22.11,0,0,29.76
2024-03-25,SKU_1,WH_1,SUP_8,West,29.0,490.0,14.0,379,0,13.95,20.48,0,0,31.27
2024-03-19,SKU_1,WH_5,SUP_5,South,37.0,641.0,4.0,366,0,19.41,23.81,0,0,36.76
2024-06-17,SKU_2,WH_2,SUP_10,South,25.0,365.0,8.0,377,0,16.77,22.06,0,0,
2024-09-21,SKU_4,WH_3,SUP_6,??UNKNOWN??,14.0,546.0,7.0,279,0,11.33,16.47,0,0,19.13
2024-02-04,SKU_1,WH_2,SUP_5,East,21.0,336.0,8.0,322,0,11.46,19.92,0,0,21.68
2024-05-24,SKU_3,WH_5,SUP_3,South,36.0,351.0,7.0,253,0,16.03,21.85,1,0,38.37
2024-05-14,SKU_3,WH_1,SUP_8,West,11.0,542.0,14.0,240,0,7.72,13.54,0,0,11.8
2024-05-14,SKU_1,WH_3,SUP_9,East,26.0,327.0,6.0,314,0,6.06,8.41,0,0,29.11
2024-04-12,SKU_2,WH_4,SUP_5,East,24.0,436.0,6.0,290,0,7.06,10.96,0,0,
2024-02-21,SKU_2,WH_5,SUP_2,West,32.0,299.0,14.0,267,0,15.0,26.38,1,0,30.22
2024-12-16,SKU_1,WH_2,SUP_5,West,20.0,601.0,8.0,322,0,11.46,19.92,0,0,15.49
2024-10-19,SKU_5,WH_2,SUP_8,,48.0,1932.0,2.0,260,0,16.35,22.62,0,0,38.017991126573435
2024-09-13,SKU_4,WH_1,SUP_10,East,17.0,382.0,11.0,298,0,12.74,15.44,0,0,13.13
2024-07-25,SKU_3,WH_5,SUP_3,North,8.0,621.0,7.0,253,0,16.03,21.85,0,0,10.08
2024-01-29,SKU_3,WH_2,SUP_6,North,19.0,396.0,13.0,270,0,13.3,23.47,0,0,6.94
2024-04-01,SKU_1,WH_1,SUP_8,??UNKNOWN??,32.0,735.0,14.0,379,0,13.95,20.48,0,0,31.76
2024-12-26,SKU_3,WH_5,SUP_3,East,19.0,,7.0,253,0,16.03,21.85,0,0,16.55
2024-06-24,SKU_1,WH_5,SUP_5,East,22.0,572.0,4.0,366,0,19.41,23.81,0,0,23.57
2024-10-11,SKU_4,WH_3,SUP_6,West,221.0,1980.0,7.0,279,0,11.33,16.47,0,0,160.65792278342505
2024-07-18,SKU_4,WH_2,SUP_9,North,11.0,330.0,13.0,317,0,19.25,31.31,0,0,12.78
2024-04-19,SKU_1,WH_4,SUP_2,West,28.0,593.0,9.0,333,0,6.93,10.7,0,0,26.15
2024-07-12,SKU_3,WH_3,SUP_8,South,20.0,552.0,9.0,249,0,6.21,9.91,0,0,24.67
2024-06-27,SKU_3,WH_3,SUP_8,North,18.0,468.0,9.0,249,0,6.21,9.91,0,0,20.72
2024-06-04,SKU_5,WH_2,SUP_8,South,23.0,285.0,2.0,260,0,16.35,22.62,0,0,18.84
2024-03-09,SKU_3,WH_4,SUP_4,West,28.0,399.0,10.0,355,0,13.16,22.11,1,0,26.82
2024-11-02,SKU_3,WH_2,SUP_6,West,9.0,433.0,13.0,270,0,13.3,23.47,0,0,11.97
2024-07-19,SKU_3,WH_1,SUP_8,East,19.0,477.0,14.0,240,0,7.72,13.54,0,0,18.45
2024-12-10,SKU_2,WH_5,SUP_2,South,17.0,526.0,14.0,267,0,15.0,26.38,0,0,18.78
2024-10-23,SKU_2,WH_1,SUP_7,East,10.0,556.0,13.0,228,0,19.76,35.1,0,0,10.09
2024-12-05,SKU_1,WH_1,SUP_8,South,13.0,558.0,14.0,379,0,13.95,20.48,0,0,13.13
2024-05-16,SKU_3,WH_1,SUP_8,,21.0,,14.0,240,0,7.72,13.54,0,0,20.38
2024-06-10,SKU_2,WH_5,SUP_2,East,13.0,331.0,14.0,267,0,15.0,26.38,0,0,18.33
2024-12-25,SKU_4,WH_4,SUP_1,North,19.0,514.0,12.0,233,0,10.59,17.18,0,0,16.46
2024-12-01,SKU_1,WH_1,SUP_8,West,26.0,619.0,14.0,379,0,13.95,20.48,0,0,22.22
2024-03-31,SKU_1,WH_5,SUP_5,North,30.0,655.0,4.0,366,0,19.41,23.81,0,0,30.85
2024-05-28,SKU_2,WH_1,SUP_7,North,33.0,503.0,13.0,228,0,19.76,35.1,0,0,31.27
2024-05-18,SKU_2,WH_3,SUP_9,North,33.0,463.0,10.0,319,0,5.02,7.82,1,0,35.72
2024-08-01,SKU_3,WH_1,SUP_8,South,13.0,306.0,14.0,240,0,7.72,13.54,0,0,13.5
2024-01-06,SKU_1,WH_1,SUP_8,East,18.0,477.0,14.0,379,0,13.95,20.48,0,0,18.33
2024-03-28,SKU_1,WH_3,SUP_9,West,34.0,348.0,6.0,314,0,6.06,8.41,0,0,33.53
2024-01-18,SKU_3,WH_4,SUP_4,East,19.0,526.0,,355,0,13.16,22.11,0,0,20.22
2024-01-14,SKU_3,WH_2,SUP_6,East,20.0,574.0,13.0,270,0,13.3,23.47,0,0,23.44
2024-02-29,SKU_5,WH_1,SUP_7,,33.0,621.0,4.0,338,0,8.69,11.62,0,0,30.55
2024-06-28,SKU_5,WH_2,SUP_8,South,20.0,559.0,2.0,260,0,16.35,22.62,0,0,22.86
2024-11-12,SKU_2,WH_2,SUP_10,South,7.0,473.0,8.0,377,0,16.77,22.06,0,0,
2024-02-08,SKU_4,WH_3,SUP_6,South,22.0,335.0,7.0,279,0,11.33,16.47,0,0,
2024-06-09,SKU_2,WH_3,SUP_9,North,9.0,369.0,10.0,319,0,5.02,7.82,0,0,13.86
2024-06-01,SKU_2,WH_2,SUP_10,North,,467.0,8.0,377,0,16.77,22.06,0,0,
2024-06-12,SKU_5,WH_2,SUP_8,South,35.0,469.0,2.0,260,0,16.35,22.62,1,0,39.2
2024-10-17,SKU_3,WH_2,SUP_6,West,14.0,,13.0,270,0,13.3,23.47,0,0,16.95
2024-03-18,SKU_1,WH_3,SUP_9,East,27.0,405.0,6.0,314,0,6.06,8.41,0,0,26.61
2024-07-28,SKU_4,WH_3,SUP_6,West,12.0,562.0,7.0,279,0,11.33,16.47,0,0,10.96
2024-02-04,SKU_4,WH_1,SUP_10,North,35.0,496.0,11.0,298,0,12.74,15.44,0,0,36.58
2024-09-26,SKU_3,WH_5,SUP_3,South,6.0,371.0,7.0,253,0,16.03,21.85,0,0,8.1
2024-02-11,SKU_5,WH_1,SUP_7,North,24.0,774.0,4.0,338,469,8.69,11.62,0,0,21.06
2024-09-11,SKU_1,WH_4,SUP_2,East,5.0,530.0,9.0,333,0,6.93,10.7,0,0,4.76
2024-01-17,SKU_2,WH_4,SUP_5,South,27.0,,6.0,290,0,7.06,10.96,0,0,N/A
2024-03-10,SKU_2,WH_4,SUP_5,West,203.0,1983.0,6.0,290,416,7.06,10.96,0,0,112.82460103862097
2024-08-01,SKU_4,WH_2,SUP_9,North,15.0,393.0,13.0,317,0,19.25,31.31,0,0,6.07
2024-04-09,SKU_1,WH_4,SUP_2,North,33.0,561.0,9.0,333,0,6.93,10.7,0,0,28.17
2024-11-28,SKU_1,WH_1,SUP_8,North,,666.0,14.0,379,0,13.95,20.48,0,0,13.04
2024-11-16,SKU_2,WH_3,SUP_9,,14.0,736.0,10.0,319,0,5.02,7.82,0,0,16.74
2024-09-19,SKU_1,WH_1,SUP_8,,9.0,449.0,14.0,379,0,13.95,20.48,0,0,6.52
2024-03-30,SKU_2,WH_5,SUP_2,West,33.0,452.0,14.0,267,0,15.0,26.38,0,0,
2024-03-02,SKU_4,WH_4,SUP_1,North,33.0,389.0,12.0,233,0,10.59,17.18,1,0,32.33
2024-10-08,SKU_3,WH_3,SUP_8,East,0.0,659.0,9.0,249,0,6.21,9.91,0,0,0.0
2024-06-21,SKU_4,WH_5,SUP_5,East,23.0,628.0,,363,0,14.67,24.22,0,0,20.87
2024-08-29,SKU_4,WH_4,SUP_1,South,13.0,361.0,12.0,233,0,10.59,17.18,0,0,17.84
2024-06-08,SKU_5,WH_1,SUP_7,South,23.0,559.0,4.0,338,0,8.69,11.62,0,0,23.65
2024-07-14,SKU_1,WH_3,SUP_9,East,18.0,602.0,6.0,314,0,6.06,8.41,0,0,14.27
2024-04-05,SKU_4,WH_1,SUP_10,East,32.0,481.0,11.0,298,0,12.74,15.44,0,0,30.72
2024-11-02,SKU_4,WH_4,SUP_1,South,15.0,409.0,12.0,233,0,10.59,17.18,0,0,14.42
2024-04-09,SKU_4,WH_3,SUP_6,West,32.0,290.0,7.0,279,0,11.33,16.47,0,0,30.45
2024-05-15,SKU_2,WH_5,SUP_2,South,32.0,292.0,14.0,267,0,15.0,26.38,0,0,30.16
2024-11-28,SKU_3,WH_2,SUP_6,North,22.0,454.0,13.0,270,0,13.3,23.47,0,0,26.12
2024-02-02,SKU_1,WH_3,SUP_9,South,23.0,448.0,6.0,314,0,6.06,8.41,0,0,26.98
2024-03-12,SKU_4,WH_3,SUP_6,East,24.0,521.0,7.0,279,0,11.33,16.47,0,0,28.39
2024-06-06,SKU_4,WH_5,SUP_5,,25.0,555.0,8.0,363,227,14.67,24.22,0,0,29.84
2024-10-21,SKU_3,WH_2,SUP_6,East,13.0,,13.0,270,0,13.3,23.47,0,0,16.51
2024-07-02,SKU_5,WH_2,SUP_8,North,19.0,482.0,2.0,260,0,16.35,22.62,0,0,11.85
2024-11-08,SKU_2,WH_4,SUP_5,West,5.0,539.0,6.0,290,0,7.06,10.96,0,0,0.53
2024-10-21,SKU_1,WH_5,SUP_5,South,16.0,683.0,4.0,366,0,19.41,23.81,0,0,14.36
2024-11-15,SKU_3,WH_2,SUP_6,North,11.0,268.0,13.0,270,0,13.3,23.47,0,0,9.87
2024-09-19,SKU_5,WH_2,SUP_8,North,14.0,388.0,2.0,260,0,16.35,22.62,0,0,14.57
2024-07-14,SKU_2,WH_1,SUP_7,North,15.0,267.0,13.0,228,0,19.76,35.1,0,0,12.55
2024-09-14,SKU_5,WH_1,SUP_7,South,13.0,445.0,4.0,338,0,8.69,11.62,0,0,13.57
2024-04-03,SKU_5,WH_2,SUP_8,South,19.0,552.0,2.0,260,0,16.35,22.62,0,0,14.94
2024-02-10,SKU_3,WH_4,SUP_4,North,,530.0,10.0,355,0,13.16,22.11,0,0,27.16
2024-12-17,SKU_1,WH_2,SUP_5,North,18.0,583.0,8.0,322,0,11.46,19.92,0,0,14.82
2024-01-26,SKU_1,WH_3,SUP_9,North,26.0,618.0,6.0,314,331,6.06,8.41,0,0,26.89
2024-05-10,SKU_4,WH_1,SUP_10,West,26.0,612.0,11.0,298,0,12.74,15.44,0,0,27.22
2024-09-17,SKU_4,WH_3,SUP_6,East,6.0,586.0,7.0,279,0,11.33,16.47,0,0,0.0
2024-06-18,SKU_1,WH_3,SUP_9,East,29.0,399.0,6.0,314,0,6.06,8.41,0,0,29.41
2024-04-21,SKU_3,WH_4,SUP_4,South,40.0,660.0,10.0,355,0,13.16,22.11,1,0,39.29
2024-11-03,SKU_3,WH_1,SUP_8,South,11.0,467.0,14.0,240,0,7.72,13.54,0,0,13.7
2024-11-16,SKU_1,WH_2,SUP_5,,15.0,409.0,8.0,322,0,11.46,19.92,0,0,16.59
2024-09-11,SKU_1,WH_1,SUP_8,South,7.0,520.0,14.0,379,0,13.95,20.48,0,0,10.13
2024-05-25,SKU_3,WH_3,SUP_8,??UNKNOWN??,23.0,481.0,9.0,249,0,6.21,9.91,0,0,23.25
2024-01-26,SKU_1,WH_4,SUP_2,North,22.0,582.0,9.0,333,0,6.93,10.7,0,0,29.51
2024-06-19,SKU_4,WH_1,SUP_10,South,,298.0,11.0,298,0,12.74,15.44,0,0,15.84
2024-09-18,SKU_3,WH_2,SUP_6,West,13.0,449.0,13.0,270,0,13.3,23.47,1,0,13.49
2024-01-18,SKU_2,WH_1,SUP_7,East,21.0,586.0,13.0,228,0,19.76,35.1,0,0,20.39
2024-06-28,SKU_3,WH_4,SUP_4,South,,530.0,10.0,355,0,13.16,22.11,0,0,17.17
2024-10-11,SKU_2,WH_4,SUP_5,West,10.0,530.0,6.0,290,0,7.06,10.96,0,0,6.6
2024-04-02,SKU_1,WH_5,SUP_5,North,24.0,590.0,4.0,366,0,19.41,23.81,1,0,30.13
2024-10-13,SKU_2,WH_5,SUP_2,North,10.0,642.0,14.0,267,0,15.0,26.38,0,0,10.76
2024-08-19,SKU_4,WH_3,SUP_6,North,15.0,534.0,7.0,279,282,11.33,16.47,0,0,12.7
2024-12-19,SKU_1,WH_5,SUP_5,North,,794.0,4.0,366,456,19.41,23.81,0,0,5.32
2024-11-28,SKU_3,WH_1,SUP_8,,16.0,590.0,14.0,240,0,7.72,13.54,0,0,
2024-06-21,SKU_4,WH_1,SUP_10,South,20.0,640.0,11.0,298,0,12.74,15.44,0,0,
2024-08-24,SKU_3,WH_3,SUP_8,,15.0,625.0,9.0,249,0,6.21,9.91,0,0,15.04
2024-09-16,SKU_5,WH_2,SUP_8,West,5.0,416.0,2.0,260,0,16.35,22.62,0,0,7.42
2024-07-15,SKU_2,WH_5,SUP_2,East,22.0,469.0,14.0,267,0,15.0,26.38,0,0,24.23
2024-02-15,SKU_3,WH_2,SUP_6,West,22.0,396.0,13.0,270,0,13.3,23.47,0,0,
2024-12-29,SKU_3,WH_3,SUP_8,South,18.0,296.0,9.0,249,0,6.21,9.91,0,0,20.77
2024-09-06,SKU_3,WH_2,SUP_6,South,19.0,606.0,13.0,270,0,13.3,23.47,0,0,20.27
2024-12-16,SKU_3,WH_1,SUP_8,West,12.0,624.0,14.0,240,399,7.72,13.54,0,0,14.18
2024-04-06,SKU_3,WH_2,SUP_6,South,31.0,250.0,13.0,270,0,13.3,23.47,0,0,30.67
2024-05-01,SKU_1,WH_1,SUP_8,South,41.0,633.0,14.0,379,0,13.95,20.48,1,0,45.43
2024-12-26,SKU_3,WH_3,SUP_8,East,26.0,351.0,9.0,249,0,6.21,9.91,0,0,22.7
2024-05-06,SKU_3,WH_5,SUP_3,West,26.0,299.0,7.0,253,0,16.03,21.85,0,0,27.47
2024-11-15,SKU_2,WH_5,SUP_2,North,6.0,439.0,,267,0,15.0,26.38,0,0,8.2
2024-12-21,SKU_2,WH_3,SUP_9,East,,462.0,10.0,319,0,5.02,7.82,0,0,21.07
2024-06-10,SKU_4,WH_1,SUP_10,East,21.0,501.0,11.0,298,0,12.74,15.44,0,0,17.74
2024-07-13,SKU_2,WH_2,SUP_10,,20.0,381.0,,377,0,16.77,22.06,0,0,22.55
2024-07-06,SKU_1,WH_5,SUP_5,South,18.0,729.0,4.0,366,0,19.41,23.81,0,0,22.11
2024-07-20,SKU_4,WH_4,SUP_1,East,14.0,273.0,12.0,233,0,10.59,17.18,0,0,18.64
2024-11-10,SKU_2,WH_2,SUP_10,East,11.0,491.0,8.0,377,0,16.77,22.06,0,0,10.86
2024-02-14,SKU_2,WH_5,SUP_2,East,,494.0,14.0,267,0,15.0,26.38,1,0,35.68
2024-06-10,SKU_1,WH_1,SUP_8,East,19.0,684.0,14.0,379,0,13.95,20.48,0,0,17.36
